image_id,p_180
test_00000,0.00277135
test_00001,0.99998665
test_00002,0.99999988
test_00003,0.00110868
test_00004,0.99998987
test_00005,0.87401885
test_00006,0.99841893
test_00007,0.95941788
test_00008,0.99984860
test_00009,0.00006039
test_00010,1.00000000
test_00011,0.00069993
test_00012,0.34581766
test_00013,0.99998879
test_00014,0.20997755
test_00015,0.99964476
test_00016,1.00000000
test_00017,0.00001176
test_00018,0.00264173
test_00019,0.00271894
test_00020,0.00000044
test_00021,0.00000001
test_00022,0.92674208
test_00023,0.00158327
test_00024,0.00062178
test_00025,0.99989986
test_00026,1.00000000
test_00027,0.54080695
test_00028,0.99226391
test_00029,0.99999964
test_00030,0.00000003
test_00031,0.22994675
test_00032,0.97770101
test_00033,0.81892300
test_00034,0.65344721
test_00035,0.99999070
test_00036,0.15816759
test_00037,0.00776891
test_00038,0.12499732
test_00039,0.00200210
test_00040,0.50733781
test_00041,0.73376787
test_00042,0.21231751
test_00043,0.00016153
test_00044,0.17203408
test_00045,0.94866788
test_00046,0.00000034
test_00047,0.99982810
test_00048,0.66002327
test_00049,0.99204212
test_00050,0.99619436
test_00051,0.02762920
test_00052,0.00000000
test_00053,0.16195330
test_00054,0.00033478
test_00055,0.96512312
test_00056,0.00000002
test_00057,0.74266338
test_00058,0.04855994
test_00059,0.00363652
test_00060,0.98799300
test_00061,0.14010714
test_00062,0.11075342
test_00063,0.02541858
test_00064,0.00001029
test_00065,1.00000000
test_00066,0.98484832
test_00067,0.00028109
test_00068,0.06636700
test_00069,0.62469465
test_00070,0.99613780
test_00071,0.99281800
test_00072,0.99304819
test_00073,0.99895453
test_00074,0.99973637
test_00075,0.97971362
test_00076,0.00002213
test_00077,0.99998987
test_00078,0.99786502
test_00079,0.00005142
test_00080,0.01283831
test_00081,1.00000000
test_00082,0.05098201
test_00083,0.04884127
test_00084,0.99998915
test_00085,0.99864656
test_00086,1.00000000
test_00087,0.99992108
test_00088,0.06694308
test_00089,0.99999988
test_00090,0.88830048
test_00091,0.00000002
test_00092,0.94325596
test_00093,0.00000008
test_00094,0.99999845
test_00095,0.95848739
test_00096,0.31719142
test_00097,0.02721140
test_00098,0.00000534
test_00099,0.00000025
test_00100,0.00007146
test_00101,0.04151687
test_00102,0.00000066
test_00103,1.00000000
test_00104,0.99981636
test_00105,0.00000000
test_00106,0.03386910
test_00107,0.89672071
test_00108,0.00261562
test_00109,0.00004708
test_00110,0.99970657
test_00111,0.01050016
test_00112,0.92568976
test_00113,0.00000022
test_00114,0.99951136
test_00115,0.11682840
test_00116,0.00000375
test_00117,0.98406070
test_00118,1.00000000
test_00119,0.92121261
test_00120,0.00108166
test_00121,1.00000000
test_00122,0.99987710
test_00123,0.16827644
test_00124,0.97521329
test_00125,0.04835351
test_00126,0.00013995
test_00127,1.00000000
test_00128,0.00771970
test_00129,0.00050211
test_00130,0.99338645
test_00131,0.00000000
test_00132,0.99529052
test_00133,0.49009418
test_00134,0.00011183
test_00135,0.06516483
test_00136,0.00000002
test_00137,0.99909365
test_00138,0.72295582
test_00139,0.04314877
test_00140,0.99999273
test_00141,0.00000108
test_00142,0.99999821
test_00143,0.33577710
test_00144,0.01425036
test_00145,0.54807162
test_00146,0.00000010
test_00147,0.99921334
test_00148,0.99999797
test_00149,0.98874539
test_00150,0.00238856
test_00151,0.99989140
test_00152,0.00000669
test_00153,0.98506355
test_00154,0.68714982
test_00155,1.00000000
test_00156,0.99904627
test_00157,0.00003381
test_00158,1.00000000
test_00159,0.99999988
test_00160,0.99606687
test_00161,0.91325641
test_00162,0.33955091
test_00163,0.99926335
test_00164,0.96530950
test_00165,0.93053329
test_00166,0.14072917
test_00167,0.23689117
test_00168,0.00000004
test_00169,0.00000006
test_00170,0.99734735
test_00171,0.02656450
test_00172,0.80535442
test_00173,0.00465576
test_00174,0.00000000
test_00175,0.04843168
test_00176,0.35232225
test_00177,0.01032962
test_00178,0.00000355
test_00179,0.99226540
test_00180,0.00000000
test_00181,0.96785343
test_00182,0.84267592
test_00183,0.99952137
test_00184,0.96975929
test_00185,0.98398781
test_00186,0.00667047
test_00187,0.99999952
test_00188,0.99999273
test_00189,0.99999988
test_00190,0.00020620
test_00191,0.99999821
test_00192,0.00000000
test_00193,0.99684358
test_00194,0.00000026
test_00195,0.00000000
test_00196,0.03286081
test_00197,0.99693286
test_00198,0.51763952
test_00199,0.97194481
test_00200,0.99999988
test_00201,0.99999988
test_00202,1.00000000
test_00203,0.90004832
test_00204,0.43393666
test_00205,0.00000581
test_00206,0.00001310
test_00207,0.00000916
test_00208,0.09774096
test_00209,0.02142189
test_00210,0.01704025
test_00211,0.99999952
test_00212,0.99960023
test_00213,0.99981350
test_00214,0.99999988
test_00215,0.00000277
test_00216,0.00000007
test_00217,0.00118006
test_00218,0.00003267
test_00219,0.91405636
test_00220,1.00000000
test_00221,0.99985504
test_00222,0.00001371
test_00223,0.99634039
test_00224,0.45774853
test_00225,0.97644675
test_00226,0.07992627
test_00227,0.00001363
test_00228,0.91636854
test_00229,0.00001382
test_00230,0.00000168
test_00231,0.99995279
test_00232,0.25549048
test_00233,0.93015009
test_00234,0.01072556
test_00235,0.99858403
test_00236,0.00003823
test_00237,0.00000000
test_00238,0.99350232
test_00239,0.20825504
test_00240,0.00124990
test_00241,0.00000000
test_00242,0.00109205
test_00243,0.99941409
test_00244,1.00000000
test_00245,0.05029616
test_00246,0.00000213
test_00247,0.99999988
test_00248,0.99893540
test_00249,0.99697948
test_00250,0.99995661
test_00251,0.02008091
test_00252,0.00315330
test_00253,1.00000000
test_00254,0.00000000
test_00255,0.00000029
test_00256,0.23526910
test_00257,0.00000001
test_00258,0.79115623
test_00259,0.00002844
test_00260,0.00000119
test_00261,0.65863550
test_00262,0.99997818
test_00263,0.02838249
test_00264,0.99998617
test_00265,0.74641174
test_00266,0.84237939
test_00267,0.44051707
test_00268,0.00000011
test_00269,0.99999750
test_00270,0.86140507
test_00271,0.02680437
test_00272,0.99999058
test_00273,0.00017689
test_00274,0.33337769
test_00275,0.00000000
test_00276,0.01454341
test_00277,1.00000000
test_00278,0.00001391
test_00279,0.41645604
test_00280,0.95835894
test_00281,0.99998128
test_00282,0.99912530
test_00283,0.45236745
test_00284,0.01694510
test_00285,0.00061620
test_00286,0.00000002
test_00287,0.99935848
test_00288,0.28274611
test_00289,0.99999988
test_00290,0.99999142
test_00291,0.99991679
test_00292,0.98406810
test_00293,0.00000955
test_00294,0.99933511
test_00295,0.99999034
test_00296,0.00246702
test_00297,0.90759593
test_00298,0.08249035
test_00299,1.00000000
test_00300,0.00023056
test_00301,0.99999106
test_00302,0.00000004
test_00303,0.13191751
test_00304,0.25218171
test_00305,0.66054255
test_00306,0.99999428
test_00307,0.00178666
test_00308,0.07223488
test_00309,0.00230269
test_00310,0.99908960
test_00311,0.74778754
test_00312,0.00179436
test_00313,0.99999559
test_00314,0.00000027
test_00315,0.40078607
test_00316,0.98913598
test_00317,0.00000683
test_00318,0.41615984
test_00319,0.99999523
test_00320,0.99844152
test_00321,0.43953204
test_00322,0.99212211
test_00323,0.99895692
test_00324,0.00003214
test_00325,0.98878443
test_00326,0.05856149
test_00327,0.12508388
test_00328,0.56460321
test_00329,0.79807645
test_00330,0.99999630
test_00331,1.00000000
test_00332,0.97581112
test_00333,1.00000000
test_00334,1.00000000
test_00335,0.00357453
test_00336,0.00000002
test_00337,0.48621145
test_00338,0.20156051
test_00339,0.99944371
test_00340,0.11680803
test_00341,0.34339944
test_00342,1.00000000
test_00343,0.88479978
test_00344,0.99999785
test_00345,0.99689072
test_00346,0.00000031
test_00347,0.00050086
test_00348,0.86128980
test_00349,0.00039692
test_00350,0.94645590
test_00351,0.62017250
test_00352,0.99994159
test_00353,0.84279066
test_00354,0.04483991
test_00355,0.89177430
test_00356,0.44248286
test_00357,0.00000008
test_00358,0.99870896
test_00359,1.00000000
test_00360,0.99998021
test_00361,0.99998951
test_00362,0.63448584
test_00363,1.00000000
test_00364,0.99999058
test_00365,0.99150676
test_00366,0.99999666
test_00367,0.00000801
test_00368,0.00241242
test_00369,1.00000000
test_00370,0.00000419
test_00371,0.00006544
test_00372,0.99999976
test_00373,0.21285248
test_00374,1.00000000
test_00375,0.99994588
test_00376,0.00000200
test_00377,0.00000000
test_00378,0.99612820
test_00379,0.00000001
test_00380,0.00000004
test_00381,0.99991643
test_00382,0.00164487
test_00383,0.00647974
test_00384,1.00000000
test_00385,0.20932123
test_00386,0.99673921
test_00387,0.99999225
test_00388,0.01308398
test_00389,1.00000000
test_00390,0.99983156
test_00391,0.00000008
test_00392,0.65638322
test_00393,0.99999535
test_00394,0.00043037
test_00395,0.00019671
test_00396,0.00278000
test_00397,0.57256126
test_00398,0.00003864
test_00399,0.64426064
test_00400,0.99979728
test_00401,0.95642918
test_00402,0.99862611
test_00403,0.00003688
test_00404,0.00005189
test_00405,0.92778122
test_00406,0.43606722
test_00407,0.03713506
test_00408,0.98485696
test_00409,0.99189746
test_00410,0.00000143
test_00411,0.15786107
test_00412,0.00000000
test_00413,0.00314112
test_00414,0.74092853
test_00415,0.98730266
test_00416,0.00000014
test_00417,0.00000159
test_00418,0.99486238
test_00419,1.00000000
test_00420,0.00000000
test_00421,0.99936551
test_00422,0.99999809
test_00423,0.00000350
test_00424,0.78281462
test_00425,0.00003075
test_00426,0.99821776
test_00427,0.00000415
test_00428,0.00047458
test_00429,0.99999988
test_00430,0.99997056
test_00431,0.99995577
test_00432,0.89566582
test_00433,0.77126127
test_00434,0.12279768
test_00435,0.00013101
test_00436,0.99999678
test_00437,0.44311666
test_00438,1.00000000
test_00439,0.71869957
test_00440,0.10179108
test_00441,0.00001671
test_00442,0.97826421
test_00443,0.99945349
test_00444,0.99973303
test_00445,0.00034779
test_00446,0.00000025
test_00447,0.00000119
test_00448,0.99998081
test_00449,0.03333764
test_00450,0.00000036
test_00451,0.99929225
test_00452,0.99999499
test_00453,0.01811694
test_00454,0.99853885
test_00455,0.91485077
test_00456,0.99986792
test_00457,0.00000863
test_00458,0.99995267
test_00459,0.62161535
test_00460,0.01256562
test_00461,0.99995172
test_00462,0.00878919
test_00463,0.99876273
test_00464,0.00000000
test_00465,0.17649187
test_00466,1.00000000
test_00467,0.20643020
test_00468,0.27611947
test_00469,0.00000002
test_00470,0.07687279
test_00471,0.15657336
test_00472,0.27051210
test_00473,0.01725688
test_00474,0.00000000
test_00475,0.00000000
test_00476,0.06659976
test_00477,0.00081275
test_00478,0.00059260
test_00479,0.47499099
test_00480,0.99993682
test_00481,0.00000027
test_00482,0.00814112
test_00483,0.99996471
test_00484,0.00000001
test_00485,0.00023638
test_00486,0.00111030
test_00487,0.69583672
test_00488,0.05949613
test_00489,1.00000000
test_00490,1.00000000
test_00491,0.68681562
test_00492,0.09409185
test_00493,1.00000000
test_00494,0.99999940
test_00495,0.99999976
test_00496,0.17353331
test_00497,0.99999988
test_00498,0.02429503
test_00499,0.00000048
test_00500,1.00000000
test_00501,0.00157980
test_00502,0.46819213
test_00503,0.00000265
test_00504,1.00000000
test_00505,0.42548484
test_00506,0.99588734
test_00507,0.00611292
test_00508,0.80876410
test_00509,0.01470587
test_00510,0.41395584
test_00511,0.77660459
test_00512,0.87425375
test_00513,0.99999702
test_00514,0.00000006
test_00515,0.03250598
test_00516,0.00019718
test_00517,0.00006532
test_00518,0.13857007
test_00519,0.99999082
test_00520,0.00847210
test_00521,1.00000000
test_00522,0.98904687
test_00523,0.00000021
test_00524,0.98717242
test_00525,0.86732626
test_00526,0.37165418
test_00527,0.01607778
test_00528,0.00000917
test_00529,0.99999964
test_00530,0.00017552
test_00531,0.20551942
test_00532,0.00002174
test_00533,0.00004329
test_00534,0.99622899
test_00535,0.04652690
test_00536,0.00000007
test_00537,0.01033143
test_00538,0.99259877
test_00539,0.07362389
test_00540,0.99889499
test_00541,0.00461136
test_00542,0.73748106
test_00543,1.00000000
test_00544,0.99999928
test_00545,0.00361652
test_00546,0.00008131
test_00547,0.99999988
test_00548,0.00000341
test_00549,0.55771393
test_00550,0.00119393
test_00551,0.00001688
test_00552,0.00002134
test_00553,0.41085246
test_00554,0.28559643
test_00555,0.84884268
test_00556,0.19982439
test_00557,0.99995506
test_00558,0.04029254
test_00559,0.00000014
test_00560,0.32714182
test_00561,0.43578660
test_00562,0.46996135
test_00563,0.00000002
test_00564,0.62793559
test_00565,0.99965060
test_00566,0.00000006
test_00567,0.96680462
test_00568,0.00000386
test_00569,0.03975048
test_00570,0.00167542
test_00571,0.00449090
test_00572,0.00000000
test_00573,0.00000290
test_00574,0.00007025
test_00575,0.33319041
test_00576,0.99989235
test_00577,0.95709777
test_00578,0.00000070
test_00579,0.52972257
test_00580,0.98863834
test_00581,0.99999809
test_00582,0.02984430
test_00583,0.70854014
test_00584,0.00000542
test_00585,0.00079250
test_00586,0.99999821
test_00587,0.99999952
test_00588,0.71072400
test_00589,0.00000013
test_00590,0.00000019
test_00591,0.00000001
test_00592,0.00000000
test_00593,0.02137422
test_00594,0.99581867
test_00595,0.03314662
test_00596,0.00694006
test_00597,0.00040741
test_00598,1.00000000
test_00599,0.05036315
test_00600,0.02524256
test_00601,0.99988997
test_00602,0.59292579
test_00603,0.98904943
test_00604,0.55776513
test_00605,0.93639964
test_00606,0.99997222
test_00607,0.00007775
test_00608,0.99744177
test_00609,0.00000005
test_00610,0.09308598
test_00611,0.98459238
test_00612,0.92489427
test_00613,0.04152328
test_00614,0.02265020
test_00615,1.00000000
test_00616,0.01357251
test_00617,0.51926392
test_00618,0.00126883
test_00619,0.76129723
test_00620,0.98043174
test_00621,0.81816596
test_00622,0.99995542
test_00623,0.00582023
test_00624,0.00000001
test_00625,0.00006548
test_00626,0.76760733
test_00627,0.05689347
test_00628,0.00034165
test_00629,0.24151532
test_00630,0.99999809
test_00631,0.99995875
test_00632,0.46382725
test_00633,0.99248683
test_00634,0.99999964
test_00635,0.00000000
test_00636,0.11289474
test_00637,0.28335467
test_00638,0.00000833
test_00639,0.99579525
test_00640,0.00027789
test_00641,0.99999952
test_00642,0.06146279
test_00643,0.00001107
test_00644,0.95838076
test_00645,0.99999988
test_00646,0.00191367
test_00647,0.88576871
test_00648,0.99279845
test_00649,0.94334632
test_00650,0.00025868
test_00651,0.07880080
test_00652,0.00000033
test_00653,1.00000000
test_00654,0.99994648
test_00655,0.72875744
test_00656,0.00137002
test_00657,0.97648221
test_00658,0.99999452
test_00659,0.12551421
test_00660,0.58849937
test_00661,0.00000137
test_00662,0.00173036
test_00663,0.93558192
test_00664,0.00000962
test_00665,0.00015710
test_00666,0.97702026
test_00667,0.82306415
test_00668,0.85617751
test_00669,0.00279051
test_00670,0.84557903
test_00671,0.99997795
test_00672,0.99999988
test_00673,1.00000000
test_00674,0.99985969
test_00675,0.99964726
test_00676,0.00000340
test_00677,0.05925083
test_00678,0.99999976
test_00679,0.63531655
test_00680,0.88019150
test_00681,0.99936694
test_00682,0.62604344
test_00683,0.99964237
test_00684,0.98797566
test_00685,0.99999917
test_00686,0.99999976
test_00687,0.00599146
test_00688,0.06449106
test_00689,0.99953258
test_00690,0.00337458
test_00691,0.99999940
test_00692,0.99938834
test_00693,0.99999523
test_00694,0.00000000
test_00695,0.10936200
test_00696,0.01242896
test_00697,1.00000000
test_00698,0.00073349
test_00699,0.00295523
test_00700,0.99997365
test_00701,0.99994874
test_00702,0.99935335
test_00703,0.00000054
test_00704,0.00016290
test_00705,0.67962074
test_00706,0.00000009
test_00707,0.99982750
test_00708,0.00000000
test_00709,0.68606526
test_00710,0.90780252
test_00711,0.97952580
test_00712,0.94479895
test_00713,0.15416901
test_00714,0.01430021
test_00715,0.99999988
test_00716,0.99922204
test_00717,0.19257416
test_00718,0.00000022
test_00719,0.02740210
test_00720,1.00000000
test_00721,0.00000187
test_00722,0.00002089
test_00723,0.99911600
test_00724,0.99997365
test_00725,0.97394675
test_00726,0.04197928
test_00727,0.00000027
test_00728,1.00000000
test_00729,0.99999678
test_00730,0.88832521
test_00731,0.48588482
test_00732,0.00042246
test_00733,0.00001376
test_00734,0.95287907
test_00735,0.00047880
test_00736,0.00043625
test_00737,1.00000000
test_00738,0.01154330
test_00739,0.99999702
test_00740,0.02429700
test_00741,1.00000000
test_00742,0.99999917
test_00743,0.27712035
test_00744,0.15598594
test_00745,0.88278222
test_00746,0.00623499
test_00747,0.00010038
test_00748,0.99993443
test_00749,0.00000000
test_00750,0.34599167
test_00751,1.00000000
test_00752,0.00000000
test_00753,0.00010163
test_00754,0.35311022
test_00755,0.93642002
test_00756,0.00000007
test_00757,0.00015020
test_00758,0.00000362
test_00759,0.01040837
test_00760,0.99999988
test_00761,0.93303317
test_00762,0.00700053
test_00763,0.98701489
test_00764,0.59103459
test_00765,0.99916649
test_00766,0.00000007
test_00767,0.99939454
test_00768,0.00000000
test_00769,0.00000000
test_00770,1.00000000
test_00771,0.99729270
test_00772,0.00000000
test_00773,0.99983680
test_00774,0.99589926
test_00775,0.99405980
test_00776,1.00000000
test_00777,0.45102260
test_00778,0.17646006
test_00779,0.27666345
test_00780,0.21496829
test_00781,0.00021180
test_00782,0.05532875
test_00783,0.99052680
test_00784,0.38797760
test_00785,0.99579191
test_00786,1.00000000
test_00787,0.00190425
test_00788,0.99999940
test_00789,1.00000000
test_00790,0.99999011
test_00791,0.99950600
test_00792,0.99999058
test_00793,0.00000000
test_00794,0.99862623
test_00795,0.00001084
test_00796,0.00000000
test_00797,0.38530573
test_00798,0.50818628
test_00799,0.99975342
test_00800,0.02083913
test_00801,0.00861076
test_00802,0.00073770
test_00803,0.01012758
test_00804,0.94744611
test_00805,0.00890808
test_00806,0.99987221
test_00807,0.99999738
test_00808,0.00638094
test_00809,0.05957820
test_00810,0.48474780
test_00811,0.99999988
test_00812,0.00002521
test_00813,0.11346729
test_00814,0.89831412
test_00815,0.03154500
test_00816,0.01542846
test_00817,0.00010322
test_00818,0.00000000
test_00819,0.33859432
test_00820,0.00000368
test_00821,0.00000243
test_00822,0.00446087
test_00823,0.00000007
test_00824,0.00000000
test_00825,0.99865937
test_00826,0.95465934
test_00827,0.99995995
test_00828,0.52145946
test_00829,0.99991083
test_00830,0.99997997
test_00831,0.96124047
test_00832,0.00006817
test_00833,0.00084432
test_00834,0.00027480
test_00835,0.00366757
test_00836,0.22930184
test_00837,0.99143839
test_00838,0.00000000
test_00839,0.00000005
test_00840,0.02914408
test_00841,0.72345161
test_00842,0.98294210
test_00843,0.99999893
test_00844,0.00002205
test_00845,0.00001411
test_00846,0.99190009
test_00847,0.45514876
test_00848,0.00222454
test_00849,0.11656362
test_00850,0.00000109
test_00851,0.99971110
test_00852,0.56221795
test_00853,0.67157066
test_00854,0.04397282
test_00855,0.17240292
test_00856,0.91076177
test_00857,0.69010377
test_00858,0.00001028
test_00859,0.98339361
test_00860,0.00195798
test_00861,0.99580401
test_00862,0.00123413
test_00863,1.00000000
test_00864,0.00005474
test_00865,0.00000196
test_00866,0.18762940
test_00867,0.00000042
test_00868,0.99816078
test_00869,0.20709848
test_00870,0.03755644
test_00871,0.00000005
test_00872,0.00000002
test_00873,0.93292928
test_00874,0.00429928
test_00875,0.50580186
test_00876,0.05101828
test_00877,0.00000251
test_00878,0.00000316
test_00879,0.99999976
test_00880,0.00971139
test_00881,0.99912733
test_00882,0.55036312
test_00883,0.97590137
test_00884,0.99294621
test_00885,0.05863272
test_00886,0.00020336
test_00887,0.03511508
test_00888,0.00000064
test_00889,0.99999976
test_00890,0.20964466
test_00891,0.99860293
test_00892,0.01370843
test_00893,0.99722147
test_00894,0.99999142
test_00895,0.82095915
test_00896,0.99793041
test_00897,0.10851918
test_00898,0.90745282
test_00899,0.00068592
test_00900,0.02694057
test_00901,0.99999976
test_00902,0.39120519
test_00903,0.99886680
test_00904,1.00000000
test_00905,0.00754924
test_00906,0.00023190
test_00907,0.67495936
test_00908,0.01715462
test_00909,0.99999928
test_00910,0.00000000
test_00911,0.99837530
test_00912,0.77244532
test_00913,0.00000029
test_00914,0.43370646
test_00915,0.99488997
test_00916,0.01116510
test_00917,0.99999762
test_00918,0.00000002
test_00919,0.00000000
test_00920,0.00000729
test_00921,0.00000000
test_00922,0.79273963
test_00923,0.00114010
test_00924,0.99658775
test_00925,0.99999964
test_00926,0.96481341
test_00927,0.00161616
test_00928,0.99983048
test_00929,0.08835521
test_00930,0.00004235
test_00931,0.99994957
test_00932,0.00000000
test_00933,0.99854219
test_00934,1.00000000
test_00935,0.00056905
test_00936,0.99970227
test_00937,0.98727292
test_00938,0.00082186
test_00939,1.00000000
test_00940,0.99654180
test_00941,0.99992502
test_00942,0.99999797
test_00943,0.00050270
test_00944,0.00001873
test_00945,0.11563680
test_00946,0.99992454
test_00947,0.00023948
test_00948,0.06570841
test_00949,0.00039373
test_00950,0.00000001
test_00951,0.19088009
test_00952,0.00196689
test_00953,0.99999785
test_00954,0.28505251
test_00955,0.98023021
test_00956,0.51705086
test_00957,0.99248052
test_00958,0.16731992
test_00959,0.99398685
test_00960,0.00162551
test_00961,0.15593830
test_00962,0.00212883
test_00963,0.99994814
test_00964,0.99687022
test_00965,0.98655033
test_00966,0.01640665
test_00967,0.00000246
test_00968,0.02096614
test_00969,0.99802041
test_00970,0.73736668
test_00971,1.00000000
test_00972,0.52510947
test_00973,0.95036817
test_00974,0.00043466
test_00975,0.92289126
test_00976,1.00000000
test_00977,0.71923727
test_00978,0.00000000
test_00979,0.05749659
test_00980,0.99999821
test_00981,0.99877006
test_00982,0.00991047
test_00983,0.25733536
test_00984,0.15540655
test_00985,0.98031968
test_00986,0.25035572
test_00987,0.00009209
test_00988,0.00003993
test_00989,0.99989307
test_00990,0.06548882
test_00991,0.72484934
test_00992,0.00000008
test_00993,0.00123617
test_00994,0.00000006
test_00995,0.99282140
test_00996,0.99999964
test_00997,0.98977590
test_00998,0.00000004
test_00999,0.00392130
test_01000,0.01022626
test_01001,0.99979395
test_01002,0.82715166
test_01003,0.23649502
test_01004,0.00404287
test_01005,0.00000000
test_01006,0.01402846
test_01007,0.00006269
test_01008,0.75830746
test_01009,0.99999845
test_01010,0.99131328
test_01011,0.98402047
test_01012,0.00288313
test_01013,0.00094325
test_01014,0.00000493
test_01015,0.99999988
test_01016,0.99941194
test_01017,0.04217101
test_01018,1.00000000
test_01019,0.99996495
test_01020,0.99999964
test_01021,1.00000000
test_01022,0.33157489
test_01023,0.96972924
test_01024,0.00000002
test_01025,0.21004997
test_01026,0.99943215
test_01027,0.00000001
test_01028,0.00778142
test_01029,1.00000000
test_01030,0.99982542
test_01031,0.52097481
test_01032,0.00000038
test_01033,0.99999976
test_01034,0.00046533
test_01035,0.00000025
test_01036,1.00000000
test_01037,1.00000000
test_01038,0.49283305
test_01039,1.00000000
test_01040,0.66966277
test_01041,0.98350441
test_01042,0.99999964
test_01043,0.98478299
test_01044,1.00000000
test_01045,0.45659325
test_01046,0.00000349
test_01047,0.99976820
test_01048,0.99999988
test_01049,0.01595961
test_01050,0.00052410
test_01051,0.84555316
test_01052,0.16142672
test_01053,0.00000001
test_01054,0.66489297
test_01055,0.07784892
test_01056,0.00335260
test_01057,0.00000004
test_01058,0.99999726
test_01059,0.62558019
test_01060,0.99232918
test_01061,0.99172711
test_01062,0.35451135
test_01063,0.00001761
test_01064,0.00012611
test_01065,0.79994476
test_01066,0.96223313
test_01067,0.03427978
test_01068,1.00000000
test_01069,0.00009404
test_01070,0.99985373
test_01071,1.00000000
test_01072,0.99799675
test_01073,0.01514136
test_01074,0.99999976
test_01075,0.00000068
test_01076,0.00000020
test_01077,0.97577184
test_01078,0.00003733
test_01079,0.99996281
test_01080,1.00000000
test_01081,0.99952304
test_01082,0.99916458
test_01083,1.00000000
test_01084,0.81254643
test_01085,0.99951386
test_01086,0.40026951
test_01087,0.18824294
test_01088,0.01728165
test_01089,0.99995720
test_01090,0.94721723
test_01091,1.00000000
test_01092,0.00825102
test_01093,0.04380311
test_01094,0.00098118
test_01095,1.00000000
test_01096,0.00000061
test_01097,0.99832684
test_01098,1.00000000
test_01099,0.58155614
test_01100,0.00000004
test_01101,0.00125697
test_01102,0.96245104
test_01103,0.02161244
test_01104,0.00837215
test_01105,0.99895042
test_01106,0.04085603
test_01107,0.99983072
test_01108,0.99736470
test_01109,0.00107795
test_01110,0.99999583
test_01111,0.00000000
test_01112,0.00324877
test_01113,0.98784828
test_01114,0.00000037
test_01115,0.00000001
test_01116,0.00003041
test_01117,0.99410522
test_01118,0.00597628
test_01119,0.96956205
test_01120,0.00003670
test_01121,1.00000000
test_01122,0.06679376
test_01123,0.99992859
test_01124,0.00000002
test_01125,0.94813079
test_01126,0.99999845
test_01127,0.00000005
test_01128,0.70015943
test_01129,0.51707393
test_01130,0.99999869
test_01131,0.74039972
test_01132,0.00000002
test_01133,0.00000087
test_01134,0.00003378
test_01135,0.98582840
test_01136,0.54355806
test_01137,1.00000000
test_01138,0.94761574
test_01139,0.00000954
test_01140,0.99757224
test_01141,0.99998975
test_01142,0.86163521
test_01143,0.99999952
test_01144,0.84691906
test_01145,0.97413176
test_01146,1.00000000
test_01147,0.00591714
test_01148,0.99998927
test_01149,0.84560543
test_01150,0.99770290
test_01151,0.00289925
test_01152,0.00008544
test_01153,0.99999690
test_01154,0.99797720
test_01155,0.00027306
test_01156,0.00000390
test_01157,0.00000000
test_01158,0.00477142
test_01159,0.00000049
test_01160,0.00000023
test_01161,0.00037971
test_01162,0.00001275
test_01163,0.99999058
test_01164,0.00000000
test_01165,0.05661174
test_01166,0.99997580
test_01167,0.09721403
test_01168,0.86421639
test_01169,0.00821570
test_01170,0.09110913
test_01171,0.99999976
test_01172,0.99918252
test_01173,0.00000092
test_01174,0.00981300
test_01175,0.00000000
test_01176,0.00004084
test_01177,0.99588376
test_01178,0.93690377
test_01179,0.00037964
test_01180,0.00000004
test_01181,0.00002599
test_01182,0.56285667
test_01183,0.99963605
test_01184,0.99616665
test_01185,0.00000011
test_01186,0.00459788
test_01187,0.05452593
test_01188,0.00000047
test_01189,0.00000002
test_01190,0.00000000
test_01191,0.24153002
test_01192,1.00000000
test_01193,0.03107085
test_01194,0.99999988
test_01195,0.83204508
test_01196,0.99648845
test_01197,0.57127231
test_01198,0.21347277
test_01199,0.00000158
test_01200,0.99999356
test_01201,0.71658933
test_01202,0.99999976
test_01203,0.99604464
test_01204,0.00010741
test_01205,0.00106158
test_01206,0.76350772
test_01207,0.49582210
test_01208,0.98744708
test_01209,0.03019890
test_01210,0.99999535
test_01211,0.99838734
test_01212,0.96394354
test_01213,0.99791342
test_01214,0.53411680
test_01215,0.00000000
test_01216,0.95742321
test_01217,0.00002480
test_01218,0.03029107
test_01219,0.03110108
test_01220,0.99999607
test_01221,1.00000000
test_01222,0.74625927
test_01223,0.99997175
test_01224,1.00000000
test_01225,0.99977857
test_01226,0.99353492
test_01227,0.93642861
test_01228,0.28644422
test_01229,0.99820805
test_01230,0.99964857
test_01231,0.99587619
test_01232,0.00011197
test_01233,0.99999762
test_01234,0.79516137
test_01235,0.99726057
test_01236,0.99942857
test_01237,0.00000032
test_01238,0.00000001
test_01239,0.99999511
test_01240,1.00000000
test_01241,0.99758816
test_01242,0.02958676
test_01243,0.00004004
test_01244,0.00000011
test_01245,1.00000000
test_01246,0.84636968
test_01247,0.99996376
test_01248,0.13843083
test_01249,0.98330724
test_01250,0.99855119
test_01251,0.99761719
test_01252,0.36722380
test_01253,0.05047345
test_01254,0.99641776
test_01255,0.99770349
test_01256,0.99333984
test_01257,0.30170786
test_01258,0.00113813
test_01259,0.15056312
test_01260,0.00010360
test_01261,0.99791211
test_01262,0.14626756
test_01263,0.99999809
test_01264,0.08275576
test_01265,0.99888033
test_01266,0.00071167
test_01267,0.00000005
test_01268,0.00412455
test_01269,0.99332726
test_01270,0.78608680
test_01271,0.00000000
test_01272,0.00000000
test_01273,0.00000047
test_01274,0.00003272
test_01275,0.99978584
test_01276,0.00000011
test_01277,0.03389151
test_01278,0.93760639
test_01279,0.00166721
test_01280,0.00071163
test_01281,0.99786133
test_01282,0.99999976
test_01283,0.99999988
test_01284,0.00000002
test_01285,0.79155302
test_01286,0.99997532
test_01287,0.92644566
test_01288,0.22118725
test_01289,0.99968684
test_01290,0.99979097
test_01291,0.00000000
test_01292,0.52206749
test_01293,0.00102973
test_01294,0.99999523
test_01295,0.98375493
test_01296,0.84041834
test_01297,0.99523032
test_01298,0.00019020
test_01299,0.99999821
test_01300,0.00000000
test_01301,0.99999416
test_01302,0.99779570
test_01303,0.14789838
test_01304,0.00018285
test_01305,0.00031610
test_01306,0.00020541
test_01307,1.00000000
test_01308,0.99938655
test_01309,0.00000122
test_01310,0.99999857
test_01311,0.00001312
test_01312,0.99999976
test_01313,0.00001397
test_01314,0.99980694
test_01315,0.06860557
test_01316,0.02080099
test_01317,0.99999964
test_01318,0.00000806
test_01319,0.00003139
test_01320,0.49506763
test_01321,0.09880779
test_01322,0.99930370
test_01323,0.00005275
test_01324,0.00000000
test_01325,0.99794346
test_01326,0.00754815
test_01327,0.99322951
test_01328,1.00000000
test_01329,1.00000000
test_01330,1.00000000
test_01331,0.00000028
test_01332,0.03446899
test_01333,0.90291113
test_01334,0.78254831
test_01335,1.00000000
test_01336,0.00446517
test_01337,0.99947828
test_01338,0.99999988
test_01339,0.83150077
test_01340,0.00147201
test_01341,0.79984564
test_01342,0.99451220
test_01343,0.98114610
test_01344,0.99999988
test_01345,0.75609738
test_01346,0.95847911
test_01347,1.00000000
test_01348,0.00000000
test_01349,0.00001635
test_01350,0.99781334
test_01351,1.00000000
test_01352,0.99950695
test_01353,0.00000000
test_01354,0.99994838
test_01355,0.61518061
test_01356,0.00162652
test_01357,0.00000302
test_01358,0.99366093
test_01359,0.23286889
test_01360,0.00000093
test_01361,0.99476814
test_01362,0.00000000
test_01363,1.00000000
test_01364,0.25233191
test_01365,0.57965046
test_01366,0.00008643
test_01367,0.54701960
test_01368,0.35221896
test_01369,0.00016874
test_01370,0.00007833
test_01371,0.00000078
test_01372,0.00457470
test_01373,1.00000000
test_01374,0.99578238
test_01375,0.00001434
test_01376,0.00000021
test_01377,0.00121039
test_01378,0.00000017
test_01379,0.00000011
test_01380,0.00085827
test_01381,0.00001738
test_01382,0.99995291
test_01383,0.95602602
test_01384,0.99988294
test_01385,0.99999797
test_01386,0.01290841
test_01387,0.00683276
test_01388,0.00002775
test_01389,0.00000005
test_01390,0.00005283
test_01391,0.00027257
test_01392,0.99990153
test_01393,0.99804270
test_01394,0.00000001
test_01395,0.99994028
test_01396,0.99469972
test_01397,0.11810385
test_01398,0.00643690
test_01399,0.00110785
test_01400,0.08801351
test_01401,0.00050443
test_01402,0.00000065
test_01403,0.57434982
test_01404,0.61885101
test_01405,0.98988682
test_01406,0.00293711
test_01407,0.43217027
test_01408,0.99998927
test_01409,0.99967229
test_01410,0.99993622
test_01411,0.01697849
test_01412,0.18348111
test_01413,0.00005245
test_01414,0.00031567
test_01415,0.86031657
test_01416,1.00000000
test_01417,0.00000549
test_01418,0.78379852
test_01419,0.06473156
test_01420,0.00000010
test_01421,0.52016819
test_01422,0.00606040
test_01423,0.91971767
test_01424,0.99720323
test_01425,0.91769826
test_01426,0.84038895
test_01427,0.06778895
test_01428,0.99989390
test_01429,0.99978513
test_01430,0.92525959
test_01431,0.00031843
test_01432,0.99982905
test_01433,0.84523302
test_01434,0.99999797
test_01435,0.00179757
test_01436,0.00001824
test_01437,0.00301311
test_01438,0.01335147
test_01439,0.99997771
test_01440,0.99999726
test_01441,0.20075844
test_01442,0.02816842
test_01443,0.00894775
test_01444,0.99966419
test_01445,0.97820050
test_01446,0.00082776
test_01447,0.97232199
test_01448,1.00000000
test_01449,0.98845136
test_01450,0.92053926
test_01451,0.04860695
test_01452,0.99994898
test_01453,0.99995947
test_01454,0.99835628
test_01455,0.99981242
test_01456,0.41997015
test_01457,0.99641693
test_01458,0.99907780
test_01459,0.99999964
test_01460,0.00000000
test_01461,0.00055593
test_01462,0.00000001
test_01463,0.99998403
test_01464,0.00264120
test_01465,0.02808001
test_01466,0.99999917
test_01467,1.00000000
test_01468,0.99949288
test_01469,0.00000121
test_01470,0.00013833
test_01471,0.67778224
test_01472,0.96032327
test_01473,0.00000001
test_01474,0.04037033
test_01475,0.00000695
test_01476,0.87557042
test_01477,0.00000001
test_01478,0.00040859
test_01479,0.09990202
test_01480,0.99999976
test_01481,0.92441303
test_01482,0.00003463
test_01483,0.45528194
test_01484,0.00000000
test_01485,0.58409411
test_01486,0.99999630
test_01487,0.00130489
test_01488,0.99997461
test_01489,0.01077534
test_01490,0.99374723
test_01491,0.00000020
test_01492,0.01968288
test_01493,0.97215950
test_01494,0.00000064
test_01495,0.04587662
test_01496,0.83041924
test_01497,0.56969959
test_01498,0.08459911
test_01499,0.00032741
test_01500,0.68826395
test_01501,0.51136744
test_01502,0.66881698
test_01503,0.43851271
test_01504,0.99998617
test_01505,0.00011891
test_01506,0.99990571
test_01507,0.98207641
test_01508,0.92801940
test_01509,0.99999762
test_01510,0.85078454
test_01511,0.99801922
test_01512,0.99999428
test_01513,0.98197591
test_01514,0.19685100
test_01515,0.99999046
test_01516,0.04413445
test_01517,0.82681298
test_01518,0.99748129
test_01519,0.61835802
test_01520,0.99992526
test_01521,0.86523384
test_01522,0.98631305
test_01523,0.54656631
test_01524,0.99697828
test_01525,0.97425878
test_01526,0.00000000
test_01527,0.99999607
test_01528,0.99991894
test_01529,0.00001891
test_01530,1.00000000
test_01531,0.00571586
test_01532,0.01322951
test_01533,0.99933916
test_01534,0.00000000
test_01535,0.03215069
test_01536,0.00245472
test_01537,1.00000000
test_01538,0.00000001
test_01539,0.99999988
test_01540,0.05987421
test_01541,0.04846333
test_01542,0.91732359
test_01543,1.00000000
test_01544,0.00181880
test_01545,0.99999845
test_01546,0.16639152
test_01547,0.53141266
test_01548,0.00001569
test_01549,1.00000000
test_01550,1.00000000
test_01551,0.00011950
test_01552,0.00131616
test_01553,0.98879939
test_01554,0.00003573
test_01555,0.00064076
test_01556,0.99946910
test_01557,0.99999690
test_01558,0.99775851
test_01559,0.00180078
test_01560,0.99838424
test_01561,0.81092852
test_01562,0.92627794
test_01563,0.99970418
test_01564,0.00000001
test_01565,0.99377149
test_01566,0.99999928
test_01567,0.06519535
test_01568,0.00000406
test_01569,0.00001232
test_01570,0.05892888
test_01571,0.97359687
test_01572,0.99967420
test_01573,0.97260725
test_01574,0.00265699
test_01575,0.00004425
test_01576,0.99999881
test_01577,0.00108624
test_01578,0.99272913
test_01579,0.31037438
test_01580,0.43274894
test_01581,1.00000000
test_01582,0.00000309
test_01583,0.00000000
test_01584,0.79814637
test_01585,0.04312702
test_01586,0.99815863
test_01587,0.03638498
test_01588,0.00001191
test_01589,0.45572478
test_01590,0.96058619
test_01591,0.99999845
test_01592,0.05666028
test_01593,0.64959413
test_01594,0.99167961
test_01595,1.00000000
test_01596,0.00064536
test_01597,0.00003511
test_01598,0.00000055
test_01599,0.48995638
test_01600,0.00000183
test_01601,0.74430740
test_01602,0.00041783
test_01603,0.99762720
test_01604,1.00000000
test_01605,0.00001414
test_01606,0.00000565
test_01607,1.00000000
test_01608,0.35903493
test_01609,0.77449805
test_01610,0.99999845
test_01611,0.29571813
test_01612,0.99233174
test_01613,0.08099784
test_01614,0.00000487
test_01615,0.97149056
test_01616,0.02051529
test_01617,0.66739070
test_01618,0.99999928
test_01619,0.00000005
test_01620,0.00079002
test_01621,0.41012821
test_01622,0.99879801
test_01623,0.76075691
test_01624,0.12613726
test_01625,0.59740919
test_01626,0.99925357
test_01627,0.64052099
test_01628,0.01507809
test_01629,0.99998891
test_01630,0.28449130
test_01631,1.00000000
test_01632,0.00105824
test_01633,0.99971968
test_01634,0.00019062
test_01635,0.00752623
test_01636,0.99837947
test_01637,0.09350657
test_01638,0.98888808
test_01639,0.12203392
test_01640,0.00004744
test_01641,0.18508989
test_01642,0.99999630
test_01643,0.00000225
test_01644,0.98774767
test_01645,0.80863506
test_01646,0.04665863
test_01647,0.99999249
test_01648,0.99315250
test_01649,0.00001561
test_01650,0.46128267
test_01651,0.55460167
test_01652,1.00000000
test_01653,0.01661367
test_01654,0.99614209
test_01655,0.99801230
test_01656,0.99994242
test_01657,0.00000008
test_01658,0.00100890
test_01659,0.26595148
test_01660,1.00000000
test_01661,0.00061778
test_01662,0.44675937
test_01663,0.00002048
test_01664,0.59705269
test_01665,0.87863666
test_01666,0.00000727
test_01667,0.00015800
test_01668,0.98225892
test_01669,0.00000000
test_01670,0.74253827
test_01671,0.99244291
test_01672,0.99999917
test_01673,0.00306893
test_01674,0.00036946
test_01675,0.00021124
test_01676,1.00000000
test_01677,0.68890566
test_01678,0.92560387
test_01679,1.00000000
test_01680,0.00000021
test_01681,0.46322119
test_01682,0.99999845
test_01683,0.00097684
test_01684,0.99267697
test_01685,0.99995053
test_01686,0.99999905
test_01687,0.09157843
test_01688,0.00000323
test_01689,0.00426737
test_01690,1.00000000
test_01691,0.00200638
test_01692,0.00264241
test_01693,0.41802633
test_01694,0.00000565
test_01695,0.06049073
test_01696,0.37905163
test_01697,0.93925387
test_01698,0.99982965
test_01699,0.00002987
test_01700,0.99999905
test_01701,0.00177716
test_01702,0.15415110
test_01703,0.99997675
test_01704,0.00000002
test_01705,0.13436462
test_01706,0.99744320
test_01707,0.88332599
test_01708,0.99939430
test_01709,0.99999940
test_01710,0.96942598
test_01711,0.02392993
test_01712,0.00025776
test_01713,0.00553606
test_01714,0.00000369
test_01715,0.97854996
test_01716,0.97555816
test_01717,1.00000000
test_01718,0.00000002
test_01719,0.00212363
test_01720,0.81379092
test_01721,0.00000001
test_01722,1.00000000
test_01723,0.00000006
test_01724,0.00002993
test_01725,0.00006313
test_01726,0.04078305
test_01727,0.99999487
test_01728,0.66436708
test_01729,0.98627651
test_01730,0.29016984
test_01731,0.71808422
test_01732,0.01764659
test_01733,0.99539953
test_01734,0.94959754
test_01735,0.99999964
test_01736,0.98881298
test_01737,1.00000000
test_01738,0.99998558
test_01739,0.34740373
test_01740,0.99818319
test_01741,0.00002067
test_01742,0.00000058
test_01743,0.20432051
test_01744,0.99612707
test_01745,0.00044694
test_01746,0.01116501
test_01747,1.00000000
test_01748,0.00409127
test_01749,0.90405917
test_01750,0.99999452
test_01751,0.02288000
test_01752,0.02863320
test_01753,0.53043318
test_01754,0.20247146
test_01755,0.01798538
test_01756,0.40258604
test_01757,0.97002798
test_01758,0.00000603
test_01759,0.49737397
test_01760,0.48860881
test_01761,0.00001162
test_01762,0.00139549
test_01763,0.00000598
test_01764,0.93875724
test_01765,0.98879671
test_01766,0.00000488
test_01767,0.00000000
test_01768,0.00012137
test_01769,0.73092419
test_01770,0.18748905
test_01771,0.04091927
test_01772,0.48723263
test_01773,0.95065516
test_01774,1.00000000
test_01775,0.99971992
test_01776,0.99999988
test_01777,0.98104149
test_01778,1.00000000
test_01779,0.51878142
test_01780,0.01550067
test_01781,0.99962163
test_01782,0.00005297
test_01783,0.88841236
test_01784,0.90936291
test_01785,0.99986696
test_01786,0.99120104
test_01787,0.06612786
test_01788,0.99999917
test_01789,0.12667830
test_01790,0.00001834
test_01791,0.96388310
test_01792,0.49199596
test_01793,0.00002952
test_01794,0.71998531
test_01795,0.00065979
test_01796,0.00008285
test_01797,0.05000263
test_01798,0.86425728
test_01799,0.96841097
test_01800,0.82434225
test_01801,0.99995935
test_01802,0.00091256
test_01803,1.00000000
test_01804,0.79943407
test_01805,0.00000000
test_01806,0.09740152
test_01807,0.99879175
test_01808,0.99999785
test_01809,1.00000000
test_01810,0.98775220
test_01811,0.99999750
test_01812,0.99999249
test_01813,0.00579927
test_01814,0.00000002
test_01815,1.00000000
test_01816,0.90202713
test_01817,0.00047798
test_01818,0.99999666
test_01819,0.76387632
test_01820,0.03540764
test_01821,1.00000000
test_01822,0.25777891
test_01823,0.00000000
test_01824,0.84215581
test_01825,0.04450220
test_01826,0.51112109
test_01827,0.00000000
test_01828,0.99325836
test_01829,0.00000002
test_01830,0.99999785
test_01831,0.00002592
test_01832,0.00793539
test_01833,0.00044319
test_01834,0.24936245
test_01835,0.38696790
test_01836,0.00005684
test_01837,1.00000000
test_01838,0.00121365
test_01839,0.99998152
test_01840,0.00544626
test_01841,0.96005881
test_01842,0.97544575
test_01843,0.00048572
test_01844,0.99999893
test_01845,0.82641667
test_01846,1.00000000
test_01847,1.00000000
test_01848,0.01787315
test_01849,0.97804755
test_01850,0.99929357
test_01851,0.99888545
test_01852,0.00705221
test_01853,0.04018002
test_01854,0.00001720
test_01855,0.00002503
test_01856,0.00523626
test_01857,0.00000000
test_01858,0.32146031
test_01859,0.16950496
test_01860,1.00000000
test_01861,0.37826997
test_01862,0.96290249
test_01863,0.91932750
test_01864,0.00000000
test_01865,0.99998212
test_01866,0.12672317
test_01867,0.00006948
test_01868,0.00000000
test_01869,0.99864441
test_01870,0.00001948
test_01871,0.99841046
test_01872,0.00113032
test_01873,0.99091142
test_01874,0.07717694
test_01875,0.00008028
test_01876,0.51297575
test_01877,1.00000000
test_01878,0.00229104
test_01879,0.99999988
test_01880,0.99708503
test_01881,0.99510789
test_01882,0.00000058
test_01883,0.00102794
test_01884,0.01937806
test_01885,0.56192946
test_01886,0.02293186
test_01887,0.50643188
test_01888,0.00031269
test_01889,0.45904964
test_01890,0.97179550
test_01891,0.80854744
test_01892,0.24115182
test_01893,0.04656088
test_01894,0.78382790
test_01895,0.00000000
test_01896,0.77205956
test_01897,0.00020049
test_01898,0.99890065
test_01899,0.01882045
test_01900,0.99999952
test_01901,0.16875112
test_01902,0.99986494
test_01903,0.00004452
test_01904,0.00007652
test_01905,0.98450804
test_01906,0.00021607
test_01907,0.99997747
test_01908,0.88178420
test_01909,0.00289717
test_01910,0.00000000
test_01911,0.03446950
test_01912,0.99999201
test_01913,0.00002722
test_01914,0.99998581
test_01915,0.02458258
test_01916,1.00000000
test_01917,0.99208838
test_01918,0.94340283
test_01919,0.96428365
test_01920,0.99999940
test_01921,0.00000120
test_01922,0.99650609
test_01923,0.90207070
test_01924,0.99997818
test_01925,0.99831271
test_01926,0.00000000
test_01927,0.99999940
test_01928,0.00000001
test_01929,0.63842845
test_01930,0.99999988
test_01931,0.00000000
test_01932,1.00000000
test_01933,0.99955541
test_01934,0.95772195
test_01935,0.00000637
test_01936,0.00000455
test_01937,0.82102656
test_01938,0.00034815
test_01939,0.99990487
test_01940,0.00002992
test_01941,0.99975401
test_01942,0.99532050
test_01943,0.05460681
test_01944,0.18050571
test_01945,0.00000015
test_01946,0.95522517
test_01947,0.04251122
test_01948,0.01776552
test_01949,0.00386882
test_01950,0.99458945
test_01951,0.00004926
test_01952,0.99999988
test_01953,0.00023034
test_01954,1.00000000
test_01955,0.03342465
test_01956,1.00000000
test_01957,0.97658622
test_01958,0.86342162
test_01959,0.00000765
test_01960,0.99999952
test_01961,0.99361247
test_01962,0.00000001
test_01963,0.00207768
test_01964,0.00011190
test_01965,0.87729031
test_01966,0.00000000
test_01967,0.44222769
test_01968,0.99999988
test_01969,0.00000000
test_01970,0.96845633
test_01971,0.99774349
test_01972,0.92765397
test_01973,0.00000568
test_01974,0.00733603
test_01975,0.99999154
test_01976,1.00000000
test_01977,0.00003800
test_01978,1.00000000
test_01979,0.01295987
test_01980,0.00000075
test_01981,0.31205526
test_01982,0.00000002
test_01983,0.55874133
test_01984,0.99327189
test_01985,0.99960798
test_01986,0.03867257
test_01987,0.00056221
test_01988,0.00000486
test_01989,0.76850981
test_01990,0.02622599
test_01991,0.99999976
test_01992,0.88639545
test_01993,0.98040819
test_01994,0.92286253
test_01995,1.00000000
test_01996,0.99769896
test_01997,0.00353492
test_01998,0.00017146
test_01999,0.00025622
test_02000,0.99564278
test_02001,0.00000566
test_02002,0.00000011
test_02003,0.99449027
test_02004,0.00006158
test_02005,0.32279488
test_02006,0.00065353
test_02007,0.28893691
test_02008,0.92613411
test_02009,0.68879259
test_02010,0.99991071
test_02011,0.99998116
test_02012,0.46808285
test_02013,1.00000000
test_02014,0.00000018
test_02015,0.00136251
test_02016,0.90680957
test_02017,0.00000020
test_02018,0.63117778
test_02019,0.59163290
test_02020,0.00028989
test_02021,0.99999869
test_02022,0.11290573
test_02023,0.02366184
test_02024,0.00001320
test_02025,0.99955457
test_02026,0.99999964
test_02027,0.18626957
test_02028,1.00000000
test_02029,0.70037925
test_02030,1.00000000
test_02031,0.95864666
test_02032,0.00032891
test_02033,0.00000000
test_02034,0.11787020
test_02035,0.95860517
test_02036,0.00010087
test_02037,0.00024548
test_02038,0.84395051
test_02039,0.99483478
test_02040,0.26791668
test_02041,0.99999642
test_02042,0.00000505
test_02043,0.00000141
test_02044,0.03822665
test_02045,0.99999356
test_02046,0.00000024
test_02047,0.02902712
test_02048,0.99999952
test_02049,0.00002675
test_02050,0.03290787
test_02051,1.00000000
test_02052,0.00061756
test_02053,0.16996813
test_02054,0.73673791
test_02055,0.98081517
test_02056,0.99991596
test_02057,0.99993217
test_02058,0.99529958
test_02059,1.00000000
test_02060,1.00000000
test_02061,0.62774688
test_02062,0.01734426
test_02063,0.00000001
test_02064,0.05255722
test_02065,1.00000000
test_02066,0.99999583
test_02067,0.00000128
test_02068,0.00003423
test_02069,0.99960464
test_02070,0.00105620
test_02071,0.91212755
test_02072,0.99937457
test_02073,0.00134207
test_02074,0.99999988
test_02075,0.19619577
test_02076,0.00182391
test_02077,0.00039492
test_02078,0.99999714
test_02079,0.00420560
test_02080,1.00000000
test_02081,0.00000029
test_02082,0.98970544
test_02083,0.00000012
test_02084,0.00339185
test_02085,0.09470198
test_02086,0.00000709
test_02087,0.00000036
test_02088,0.00000018
test_02089,0.00001252
test_02090,0.94208187
test_02091,0.00000006
test_02092,0.00002489
test_02093,0.00000000
test_02094,0.99999988
test_02095,0.00001048
test_02096,0.64679843
test_02097,0.76775396
test_02098,0.35161209
test_02099,0.99999976
test_02100,1.00000000
test_02101,0.19486105
test_02102,0.99999809
test_02103,0.31626648
test_02104,0.03993450
test_02105,0.99850625
test_02106,0.96937203
test_02107,0.00025871
test_02108,0.00000017
test_02109,0.00000005
test_02110,0.99996912
test_02111,0.00000002
test_02112,0.52085340
test_02113,0.99416006
test_02114,1.00000000
test_02115,0.33752525
test_02116,0.99977082
test_02117,0.00670891
test_02118,0.05053553
test_02119,0.99926370
test_02120,0.01930391
test_02121,0.02358258
test_02122,0.00001823
test_02123,0.76841456
test_02124,0.00001215
test_02125,0.99998689
test_02126,0.30061600
test_02127,0.00000001
test_02128,0.00000014
test_02129,0.33881876
test_02130,0.99999857
test_02131,0.57042152
test_02132,0.99951494
test_02133,0.99952745
test_02134,0.00000806
test_02135,0.99998415
test_02136,0.03153311
test_02137,0.93380773
test_02138,0.98223019
test_02139,0.11077590
test_02140,0.00000007
test_02141,1.00000000
test_02142,0.99993336
test_02143,0.02848976
test_02144,0.99581248
test_02145,0.00019135
test_02146,0.00000006
test_02147,0.98358327
test_02148,0.99981683
test_02149,0.00000025
test_02150,1.00000000
test_02151,0.00007918
test_02152,0.29445019
test_02153,0.94075966
test_02154,1.00000000
test_02155,1.00000000
test_02156,0.13264951
test_02157,0.00000953
test_02158,0.00000723
test_02159,0.99599385
test_02160,0.99868971
test_02161,0.99703920
test_02162,0.98930931
test_02163,0.16105630
test_02164,0.00017267
test_02165,0.58279061
test_02166,0.00000401
test_02167,0.37498066
test_02168,0.00034902
test_02169,0.00000000
test_02170,0.04711647
test_02171,0.02279869
test_02172,0.99757820
test_02173,0.00000035
test_02174,0.01985554
test_02175,0.90868211
test_02176,0.24202925
test_02177,0.99857938
test_02178,0.03645666
test_02179,0.25168806
test_02180,1.00000000
test_02181,1.00000000
test_02182,0.48964122
test_02183,0.00014891
test_02184,0.00046083
test_02185,1.00000000
test_02186,0.00001663
test_02187,0.99668235
test_02188,0.02045598
test_02189,0.99999988
test_02190,0.99999988
test_02191,0.99953592
test_02192,0.00119963
test_02193,0.00000002
test_02194,0.99878830
test_02195,0.96104419
test_02196,0.00000000
test_02197,0.99999237
test_02198,0.18197575
test_02199,0.00290060
test_02200,0.00207298
test_02201,0.14562470
test_02202,0.01905468
test_02203,0.01181941
test_02204,0.49961179
test_02205,0.41687766
test_02206,0.99999928
test_02207,0.09280144
test_02208,0.99700385
test_02209,0.04895287
test_02210,0.00217860
test_02211,0.69017434
test_02212,0.90901023
test_02213,1.00000000
test_02214,0.99618798
test_02215,0.00718757
test_02216,0.00142219
test_02217,0.00000000
test_02218,0.97377557
test_02219,0.00507415
test_02220,0.60693192
test_02221,0.06183255
test_02222,0.99944979
test_02223,0.00000003
test_02224,0.99989128
test_02225,0.00000005
test_02226,0.00000003
test_02227,0.00118858
test_02228,0.99990845
test_02229,0.99699211
test_02230,0.00388841
test_02231,0.99426740
test_02232,0.99053228
test_02233,0.99987507
test_02234,0.00062316
test_02235,0.99922335
test_02236,0.06908204
test_02237,0.99678123
test_02238,0.22082183
test_02239,0.99997222
test_02240,0.98170394
test_02241,1.00000000
test_02242,0.00000147
test_02243,0.00000219
test_02244,0.99994838
test_02245,0.00006848
test_02246,0.99982554
test_02247,0.97888011
test_02248,0.99999905
test_02249,0.91837406
test_02250,0.99993253
test_02251,0.00022231
test_02252,0.99999988
test_02253,0.99841404
test_02254,0.00000047
test_02255,0.98840779
test_02256,0.93746477
test_02257,0.77156377
test_02258,0.00553102
test_02259,0.72649586
test_02260,0.02061684
test_02261,0.00001282
test_02262,0.00507415
test_02263,0.97312951
test_02264,0.96262592
test_02265,0.99999690
test_02266,0.61336780
test_02267,0.00000908
test_02268,0.04384977
test_02269,0.81098270
test_02270,0.99996591
test_02271,0.00000000
test_02272,0.00004342
test_02273,0.04240761
test_02274,0.95091534
test_02275,0.99998808
test_02276,0.98379046
test_02277,0.99998856
test_02278,0.99996352
test_02279,0.99989867
test_02280,0.00001430
test_02281,0.73737460
test_02282,0.00127544
test_02283,0.42558995
test_02284,0.00010364
test_02285,0.95247573
test_02286,0.11788779
test_02287,0.00027843
test_02288,0.00000049
test_02289,0.00000000
test_02290,0.68845254
test_02291,0.01799303
test_02292,0.40659690
test_02293,0.16149038
test_02294,0.96066856
test_02295,0.24755263
test_02296,1.00000000
test_02297,0.57028449
test_02298,0.04065163
test_02299,0.99999881
test_02300,0.00698900
test_02301,0.43257266
test_02302,0.99999297
test_02303,0.99996817
test_02304,0.00000000
test_02305,0.99999988
test_02306,0.82290417
test_02307,0.52635735
test_02308,0.00000018
test_02309,0.02289309
test_02310,0.99996316
test_02311,0.99572009
test_02312,0.03743054
test_02313,0.25968632
test_02314,0.26846913
test_02315,0.38848940
test_02316,0.79091686
test_02317,0.00014952
test_02318,0.99988508
test_02319,1.00000000
test_02320,0.27197838
test_02321,0.89077365
test_02322,1.00000000
test_02323,0.00000007
test_02324,0.99998069
test_02325,0.97409207
test_02326,0.02731604
test_02327,0.97151035
test_02328,0.00304657
test_02329,0.00004661
test_02330,0.00170204
test_02331,0.00000121
test_02332,0.00024078
test_02333,0.00000027
test_02334,0.12733237
test_02335,0.67312902
test_02336,0.99999475
test_02337,0.00000114
test_02338,0.02325474
test_02339,0.99920005
test_02340,0.99999964
test_02341,0.61788893
test_02342,0.00549897
test_02343,0.98039651
test_02344,0.00000021
test_02345,0.00005481
test_02346,0.98051327
test_02347,0.99241543
test_02348,0.98885834
test_02349,1.00000000
test_02350,0.00000887
test_02351,0.00001067
test_02352,0.00266135
test_02353,0.00253571
test_02354,0.99997938
test_02355,0.99992633
test_02356,0.76827610
test_02357,0.00000019
test_02358,0.42462158
test_02359,0.99999464
test_02360,0.00078500
test_02361,0.58605951
test_02362,0.99241579
test_02363,1.00000000
test_02364,0.99995005
test_02365,0.99999988
test_02366,0.00000003
test_02367,0.99994719
test_02368,0.00338314
test_02369,0.00000001
test_02370,0.34476295
test_02371,0.99990034
test_02372,0.00000032
test_02373,0.00000092
test_02374,0.99997604
test_02375,0.98679465
test_02376,0.94553632
test_02377,0.07401402
test_02378,0.00860049
test_02379,0.73758090
test_02380,0.91242439
test_02381,0.99993837
test_02382,0.99057275
test_02383,0.00047427
test_02384,0.00000000
test_02385,0.99095446
test_02386,0.00000022
test_02387,1.00000000
test_02388,0.00000765
test_02389,0.00000001
test_02390,0.91067392
test_02391,0.00086344
test_02392,0.95077413
test_02393,0.00026449
test_02394,0.00000013
test_02395,1.00000000
test_02396,0.00000000
test_02397,0.99941051
test_02398,1.00000000
test_02399,0.29986539
test_02400,1.00000000
test_02401,0.99952042
test_02402,0.99569714
test_02403,0.02787941
test_02404,0.99977154
test_02405,0.82140607
test_02406,0.24801138
test_02407,1.00000000
test_02408,0.03142195
test_02409,0.03486051
test_02410,0.00000000
test_02411,0.98670828
test_02412,0.96850026
test_02413,0.96252251
test_02414,0.97682095
test_02415,0.96084648
test_02416,0.00000071
test_02417,0.99925774
test_02418,0.00000117
test_02419,0.00472576
test_02420,0.00000882
test_02421,0.65246904
test_02422,0.00241253
test_02423,0.99915636
test_02424,0.00000118
test_02425,0.00038323
test_02426,1.00000000
test_02427,0.99984956
test_02428,0.00000016
test_02429,0.00073876
test_02430,0.99351585
test_02431,0.02902919
test_02432,0.25186157
test_02433,0.99999964
test_02434,0.99999988
test_02435,0.85416025
test_02436,0.01247705
test_02437,0.97911286
test_02438,0.99940300
test_02439,0.99969578
test_02440,0.99898380
test_02441,0.99996591
test_02442,0.02611516
test_02443,0.57206327
test_02444,0.82451987
test_02445,0.38342249
test_02446,0.33137879
test_02447,0.97688758
test_02448,1.00000000
test_02449,0.00000000
test_02450,0.99884254
test_02451,0.99999285
test_02452,0.00000337
test_02453,0.81926262
test_02454,0.75529635
test_02455,0.04709828
test_02456,0.00000000
test_02457,0.29700637
test_02458,0.00300490
test_02459,0.00000017
test_02460,0.07867657
test_02461,0.99999988
test_02462,0.99997401
test_02463,0.01789432
test_02464,0.98192745
test_02465,0.00160005
test_02466,0.00133492
test_02467,0.00000000
test_02468,0.99998784
test_02469,0.00000000
test_02470,0.96897864
test_02471,0.99946719
test_02472,0.00000186
test_02473,0.99999309
test_02474,0.00000000
test_02475,0.67654091
test_02476,0.00000133
test_02477,0.11749834
test_02478,0.99513644
test_02479,1.00000000
test_02480,0.99998415
test_02481,0.99997199
test_02482,0.83837658
test_02483,0.98647434
test_02484,0.50545192
test_02485,0.00002722
test_02486,0.99997759
test_02487,0.88661438
test_02488,0.28893548
test_02489,0.36433336
test_02490,1.00000000
test_02491,0.34553504
test_02492,0.02964977
test_02493,0.00223128
test_02494,0.99808455
test_02495,0.00000011
test_02496,0.99990404
test_02497,0.02921733
test_02498,0.29233101
test_02499,0.99596596
test_02500,1.00000000
test_02501,0.00012873
test_02502,0.00082700
test_02503,0.52566713
test_02504,0.91886598
test_02505,0.05480174
test_02506,0.00024248
test_02507,1.00000000
test_02508,0.00076656
test_02509,0.97662568
test_02510,0.11318880
test_02511,0.85615337
test_02512,0.78305966
test_02513,1.00000000
test_02514,0.00462217
test_02515,0.99999917
test_02516,0.99971586
test_02517,0.12187096
test_02518,0.00390294
test_02519,0.54994559
test_02520,0.00000001
test_02521,0.00015984
test_02522,0.99990535
test_02523,0.00000014
test_02524,0.90432233
test_02525,1.00000000
test_02526,0.97270286
test_02527,0.99999952
test_02528,0.95901972
test_02529,0.06871536
test_02530,0.99262708
test_02531,0.99797124
test_02532,0.00010139
test_02533,0.99985719
test_02534,0.00000000
test_02535,0.99999976
test_02536,1.00000000
test_02537,0.94453412
test_02538,0.13319440
test_02539,1.00000000
test_02540,0.00000001
test_02541,0.06790017
test_02542,0.61909270
test_02543,0.18717006
test_02544,0.02065494
test_02545,0.99846339
test_02546,0.00004443
test_02547,0.99999213
test_02548,0.15372066
test_02549,0.99996984
test_02550,0.99999809
test_02551,0.00000022
test_02552,0.99516380
test_02553,0.99999309
test_02554,0.99994338
test_02555,0.98982680
test_02556,0.00189041
test_02557,0.96372277
test_02558,0.95421958
test_02559,0.00010859
test_02560,0.00020006
test_02561,0.99999988
test_02562,0.00005435
test_02563,1.00000000
test_02564,0.73273176
test_02565,0.99782169
test_02566,0.00753314
test_02567,0.18497971
test_02568,0.00024781
test_02569,0.12393462
test_02570,0.99996626
test_02571,0.00106668
test_02572,0.99668306
test_02573,0.00162201
test_02574,0.99974197
test_02575,0.40232632
test_02576,0.94296485
test_02577,0.13654947
test_02578,1.00000000
test_02579,0.00009441
test_02580,0.99734288
test_02581,0.23177156
test_02582,0.00000000
test_02583,0.35906073
test_02584,0.99999797
test_02585,0.00000001
test_02586,0.55361181
test_02587,0.00004583
test_02588,0.01360790
test_02589,0.91120273
test_02590,0.44142726
test_02591,0.99721754
test_02592,0.11172409
test_02593,0.99875689
test_02594,1.00000000
test_02595,0.99995351
test_02596,0.00001143
test_02597,0.80865914
test_02598,0.99991655
test_02599,0.86188227
test_02600,0.19801374
test_02601,0.00000003
test_02602,0.00078032
test_02603,0.00011237
test_02604,0.00130337
test_02605,0.00000003
test_02606,0.99455762
test_02607,0.99998534
test_02608,0.96449441
test_02609,1.00000000
test_02610,0.05248419
test_02611,0.61537182
test_02612,0.99983132
test_02613,0.00033369
test_02614,0.16088085
test_02615,0.00015772
test_02616,0.52637011
test_02617,0.99999905
test_02618,0.81219482
test_02619,0.99940073
test_02620,0.00000000
test_02621,0.89638048
test_02622,0.99953425
test_02623,0.21868870
test_02624,0.99754363
test_02625,0.00000011
test_02626,0.99940455
test_02627,0.92879707
test_02628,0.00002911
test_02629,0.00017504
test_02630,0.99866283
test_02631,0.00001021
test_02632,0.13022615
test_02633,0.99999988
test_02634,0.00006093
test_02635,0.14439709
test_02636,0.15589651
test_02637,1.00000000
test_02638,0.99221343
test_02639,0.00005235
test_02640,0.99999344
test_02641,0.99999976
test_02642,0.00245300
test_02643,0.99999297
test_02644,0.00016074
test_02645,0.20044798
test_02646,0.06113458
test_02647,0.00443485
test_02648,0.00000019
test_02649,0.97233325
test_02650,0.00001834
test_02651,0.99432570
test_02652,0.08511259
test_02653,0.99858403
test_02654,0.98313880
test_02655,0.00352158
test_02656,0.00606032
test_02657,0.26525706
test_02658,0.99806839
test_02659,0.96454394
test_02660,0.48987049
test_02661,1.00000000
test_02662,0.80410916
test_02663,0.00000000
test_02664,0.99935657
test_02665,0.99938476
test_02666,0.99988353
test_02667,0.00814001
test_02668,0.99904877
test_02669,0.45090458
test_02670,0.95232314
test_02671,0.00003995
test_02672,0.99597722
test_02673,0.99945289
test_02674,0.35192183
test_02675,0.02701438
test_02676,0.99981481
test_02677,0.01464538
test_02678,0.33876735
test_02679,0.99905819
test_02680,0.00002482
test_02681,0.00594791
test_02682,0.18340828
test_02683,0.36987054
test_02684,0.00000019
test_02685,0.41436988
test_02686,0.99999893
test_02687,0.34896621
test_02688,0.99999988
test_02689,0.99949276
test_02690,0.64351070
test_02691,0.41885331
test_02692,1.00000000
test_02693,0.99999976
test_02694,1.00000000
test_02695,0.25672749
test_02696,0.53687501
test_02697,0.00000001
test_02698,0.00007412
test_02699,0.99998963
test_02700,0.00006109
test_02701,0.00000080
test_02702,0.51232225
test_02703,0.34990084
test_02704,0.00240117
test_02705,0.88928741
test_02706,0.00000001
test_02707,0.99998641
test_02708,0.14684455
test_02709,0.80389827
test_02710,0.99993062
test_02711,0.00000472
test_02712,0.99999642
test_02713,0.00042364
test_02714,0.11851268
test_02715,0.99254930
test_02716,0.10595772
test_02717,0.99997175
test_02718,0.00000000
test_02719,0.35614756
test_02720,0.00028675
test_02721,0.00000104
test_02722,0.24519749
test_02723,1.00000000
test_02724,0.00015899
test_02725,0.12790534
test_02726,0.96539891
test_02727,0.00012660
test_02728,0.04725441
test_02729,0.28750512
test_02730,0.99998915
test_02731,0.30582786
test_02732,0.99531811
test_02733,0.20303683
test_02734,0.00000106
test_02735,0.99982733
test_02736,0.00083557
test_02737,0.99999261
test_02738,0.99999022
test_02739,0.92465979
test_02740,1.00000000
test_02741,0.00000032
test_02742,0.12822077
test_02743,0.00000464
test_02744,0.00000001
test_02745,0.96484137
test_02746,0.02316338
test_02747,0.25940058
test_02748,0.00019270
test_02749,0.99999046
test_02750,0.99999845
test_02751,0.42355841
test_02752,0.99995613
test_02753,0.99915123
test_02754,0.00000083
test_02755,0.93559057
test_02756,0.99952972
test_02757,0.00000004
test_02758,0.22130769
test_02759,0.60556793
test_02760,0.00000000
test_02761,0.99999213
test_02762,0.00000002
test_02763,0.04583912
test_02764,0.99999619
test_02765,0.00040520
test_02766,0.02642323
test_02767,0.00017961
test_02768,0.00051613
test_02769,0.00000012
test_02770,0.35938579
test_02771,0.99999547
test_02772,0.55792367
test_02773,0.00000050
test_02774,0.99999523
test_02775,0.98326463
test_02776,0.99996603
test_02777,0.99999511
test_02778,0.76513898
test_02779,0.00040322
test_02780,0.77523947
test_02781,0.76388681
test_02782,0.99957544
test_02783,0.02886513
test_02784,0.99482012
test_02785,0.99998486
test_02786,0.00001859
test_02787,0.00000786
test_02788,0.94366062
test_02789,0.51057005
test_02790,0.02378506
test_02791,0.00000070
test_02792,0.76970738
test_02793,0.00008874
test_02794,0.00014761
test_02795,0.99999440
test_02796,0.99949372
test_02797,0.00317155
test_02798,0.99999809
test_02799,0.41475707
test_02800,0.71796644
test_02801,0.00000000
test_02802,0.00000168
test_02803,0.00011985
test_02804,0.18656935
test_02805,0.33254582
test_02806,0.99999654
test_02807,0.00000000
test_02808,0.00388824
test_02809,0.97930682
test_02810,0.00444388
test_02811,0.00000003
test_02812,0.96842068
test_02813,0.44536883
test_02814,1.00000000
test_02815,0.01175708
test_02816,0.99940956
test_02817,0.04295328
test_02818,0.13297328
test_02819,0.99363989
test_02820,0.00000022
test_02821,0.12909973
test_02822,0.92328894
test_02823,0.99921107
test_02824,0.00134454
test_02825,0.99999738
test_02826,0.99992657
test_02827,0.99987936
test_02828,1.00000000
test_02829,1.00000000
test_02830,1.00000000
test_02831,0.99999928
test_02832,0.11378763
test_02833,0.28577930
test_02834,0.80730414
test_02835,0.00000000
test_02836,0.99991250
test_02837,0.99999869
test_02838,0.00282361
test_02839,0.99997199
test_02840,0.77034789
test_02841,1.00000000
test_02842,0.99999976
test_02843,0.00000199
test_02844,0.00000058
test_02845,0.00003319
test_02846,0.99999964
test_02847,0.99961746
test_02848,0.00035492
test_02849,0.47479329
test_02850,0.00553630
test_02851,1.00000000
test_02852,0.00000000
test_02853,0.00071685
test_02854,0.01503357
test_02855,0.99847585
test_02856,0.00217843
test_02857,0.99999738
test_02858,0.99920434
test_02859,0.99999928
test_02860,0.04263937
test_02861,0.99999928
test_02862,0.52667588
test_02863,0.23205063
test_02864,0.93747365
test_02865,0.99999964
test_02866,0.99963439
test_02867,0.99731666
test_02868,0.00124028
test_02869,0.99949038
test_02870,0.37420481
test_02871,0.99999988
test_02872,0.63968426
test_02873,0.99999774
test_02874,1.00000000
test_02875,0.99856168
test_02876,0.99999988
test_02877,0.91458553
test_02878,0.00000580
test_02879,0.00744169
test_02880,0.99999833
test_02881,0.69181901
test_02882,0.00053162
test_02883,1.00000000
test_02884,0.16510904
test_02885,0.99776185
test_02886,0.01070743
test_02887,0.00000101
test_02888,0.00000347
test_02889,0.00317407
test_02890,0.00000031
test_02891,0.05506537
test_02892,0.30483523
test_02893,0.12889475
test_02894,0.00747376
test_02895,0.00885186
test_02896,0.99996865
test_02897,0.57250398
test_02898,0.25838619
test_02899,1.00000000
test_02900,0.99043465
test_02901,0.92343861
test_02902,0.00000162
test_02903,0.00005371
test_02904,0.19288245
test_02905,0.99999976
test_02906,0.95181239
test_02907,0.65790695
test_02908,0.35267633
test_02909,0.00809590
test_02910,0.01021866
test_02911,0.00014816
test_02912,1.00000000
test_02913,0.00000463
test_02914,0.97415066
test_02915,0.99982917
test_02916,0.99999249
test_02917,0.00127010
test_02918,0.57235366
test_02919,0.00018927
test_02920,0.00000000
test_02921,0.98114133
test_02922,0.99999511
test_02923,0.00019785
test_02924,0.08878838
test_02925,0.00001118
test_02926,0.99949276
test_02927,0.99996233
test_02928,0.17398883
test_02929,0.00000000
test_02930,0.99844766
test_02931,0.99858487
test_02932,0.99990630
test_02933,0.00896320
test_02934,0.10557056
test_02935,0.63735873
test_02936,0.99999964
test_02937,0.01213752
test_02938,0.94858140
test_02939,1.00000000
test_02940,0.05100431
test_02941,0.88780814
test_02942,0.01413012
test_02943,0.69325697
test_02944,0.00128133
test_02945,0.93349850
test_02946,0.00000028
test_02947,0.59596139
test_02948,0.00000000
test_02949,0.01032646
test_02950,0.98963368
test_02951,0.23939851
test_02952,0.26133633
test_02953,0.35368842
test_02954,0.99999106
test_02955,0.00149108
test_02956,0.00000067
test_02957,0.00000000
test_02958,0.99999952
test_02959,0.00386846
test_02960,0.20417969
test_02961,0.00000000
test_02962,0.99999332
test_02963,0.19341725
test_02964,0.97976547
test_02965,0.00001700
test_02966,0.00018004
test_02967,0.00804715
test_02968,0.99999642
test_02969,0.99999857
test_02970,0.01312433
test_02971,0.99999964
test_02972,0.99994814
test_02973,0.00000788
test_02974,0.90700293
test_02975,0.00000007
test_02976,0.99999523
test_02977,0.97119641
test_02978,1.00000000
test_02979,0.99999905
test_02980,0.00000048
test_02981,0.99973971
test_02982,0.89901054
test_02983,0.99996710
test_02984,0.94278419
test_02985,0.40322116
test_02986,0.04143884
test_02987,0.00000170
test_02988,0.01919222
test_02989,0.28450820
test_02990,1.00000000
test_02991,0.93017536
test_02992,0.00000001
test_02993,0.00004443
test_02994,0.99922001
test_02995,0.00004351
test_02996,0.99354470
test_02997,0.91127688
test_02998,0.00002601
test_02999,0.99999964
test_03000,1.00000000
test_03001,0.99998796
test_03002,0.99987030
test_03003,0.69857055
test_03004,0.18459663
test_03005,0.00045478
test_03006,0.79185337
test_03007,0.00028348
test_03008,0.00769811
test_03009,0.02039347
test_03010,1.00000000
test_03011,0.99994719
test_03012,0.00000000
test_03013,0.99871039
test_03014,0.99999452
test_03015,0.00032700
test_03016,0.00000001
test_03017,0.01188741
test_03018,0.00000001
test_03019,0.00000666
test_03020,0.97824371
test_03021,0.00000057
test_03022,0.99975234
test_03023,0.00125759
test_03024,0.99999964
test_03025,0.00000514
test_03026,0.00000988
test_03027,0.00470051
test_03028,0.07089999
test_03029,0.00000002
test_03030,0.48694855
test_03031,0.59229392
test_03032,0.10390688
test_03033,0.18577406
test_03034,0.08169376
test_03035,0.01904862
test_03036,0.01473009
test_03037,0.00039959
test_03038,0.00000392
test_03039,0.00023956
test_03040,0.99999988
test_03041,1.00000000
test_03042,0.99951911
test_03043,0.99993694
test_03044,1.00000000
test_03045,0.78303993
test_03046,0.15008987
test_03047,0.99016237
test_03048,0.00000000
test_03049,0.99999976
test_03050,0.00000005
test_03051,0.00002116
test_03052,0.46108592
test_03053,0.04886706
test_03054,0.59567225
test_03055,0.99983001
test_03056,1.00000000
test_03057,0.00000000
test_03058,0.00022600
test_03059,0.99999952
test_03060,0.41935962
test_03061,0.99999642
test_03062,0.98951203
test_03063,0.90212470
test_03064,0.96288610
test_03065,0.07707445
test_03066,0.99996781
test_03067,0.97124118
test_03068,0.99980730
test_03069,1.00000000
test_03070,0.99971229
test_03071,0.99999857
test_03072,0.40011922
test_03073,0.01153630
test_03074,0.77248913
test_03075,0.99999976
test_03076,0.00101632
test_03077,0.45146224
test_03078,0.00040168
test_03079,0.00057652
test_03080,0.01633771
test_03081,0.12184620
test_03082,0.99975747
test_03083,0.93526357
test_03084,0.00000237
test_03085,0.36774927
test_03086,0.43887460
test_03087,0.34637624
test_03088,0.93923414
test_03089,0.00002364
test_03090,0.62900925
test_03091,0.50946558
test_03092,0.00000000
test_03093,0.99999857
test_03094,1.00000000
test_03095,0.98674715
test_03096,0.99990296
test_03097,0.00000052
test_03098,0.00157369
test_03099,0.80108207
test_03100,0.99632853
test_03101,0.00318219
test_03102,0.99984324
test_03103,0.00002290
test_03104,0.09654669
test_03105,0.00000001
test_03106,0.02189673
test_03107,0.00000000
test_03108,0.04256362
test_03109,0.00000038
test_03110,0.32241315
test_03111,0.00016320
test_03112,0.00000000
test_03113,0.08479897
test_03114,0.00023342
test_03115,0.01088277
test_03116,0.99953187
test_03117,0.04488983
test_03118,0.89136702
test_03119,0.99127811
test_03120,0.99842298
test_03121,0.00000000
test_03122,0.73115510
test_03123,0.99999142
test_03124,1.00000000
test_03125,0.89819366
test_03126,0.99999499
test_03127,0.71275651
test_03128,0.00000001
test_03129,0.00150303
test_03130,1.00000000
test_03131,0.00011096
test_03132,0.99999011
test_03133,0.21997285
test_03134,0.31008145
test_03135,0.99999893
test_03136,0.51342702
test_03137,0.87220228
test_03138,0.00000027
test_03139,0.00001186
test_03140,0.00773524
test_03141,0.98303843
test_03142,1.00000000
test_03143,0.00695808
test_03144,0.99953461
test_03145,1.00000000
test_03146,0.00000001
test_03147,0.00013763
test_03148,0.00000987
test_03149,0.32466289
test_03150,0.99935752
test_03151,0.44497493
test_03152,0.98401779
test_03153,0.00000027
test_03154,0.99999905
test_03155,0.00000000
test_03156,0.99990153
test_03157,0.00000000
test_03158,0.99999964
test_03159,0.99980325
test_03160,0.37472892
test_03161,0.00000948
test_03162,0.99997747
test_03163,0.53197241
test_03164,0.99988484
test_03165,0.00000244
test_03166,0.00007676
test_03167,0.00000002
test_03168,0.00000568
test_03169,0.00000137
test_03170,0.00000000
test_03171,0.99831879
test_03172,0.94168168
test_03173,0.72139210
test_03174,0.99999881
test_03175,0.96707582
test_03176,0.97495359
test_03177,0.00010043
test_03178,1.00000000
test_03179,0.16821381
test_03180,0.99975222
test_03181,0.99999785
test_03182,0.00000000
test_03183,0.99809939
test_03184,0.99999928
test_03185,0.73759389
test_03186,0.00000005
test_03187,0.97211128
test_03188,0.50038737
test_03189,0.75792384
test_03190,0.00022650
test_03191,0.31344578
test_03192,0.62316656
test_03193,0.41960561
test_03194,0.99039805
test_03195,0.00017339
test_03196,0.83318663
test_03197,0.00333244
test_03198,0.00016504
test_03199,0.73132962
test_03200,0.04582826
test_03201,0.06203875
test_03202,0.00833334
test_03203,0.27523866
test_03204,0.99999952
test_03205,0.00049042
test_03206,0.00000000
test_03207,0.99998701
test_03208,0.00000045
test_03209,0.04244895
test_03210,0.62506336
test_03211,0.00002285
test_03212,0.99999106
test_03213,0.99999952
test_03214,0.00000043
test_03215,0.99999976
test_03216,0.20615414
test_03217,0.00000000
test_03218,0.00000002
test_03219,1.00000000
test_03220,0.90437579
test_03221,0.98242110
test_03222,0.01002976
test_03223,0.00023879
test_03224,0.99810600
test_03225,0.99999774
test_03226,0.00000001
test_03227,0.99859720
test_03228,0.99960142
test_03229,0.00000014
test_03230,0.91259503
test_03231,1.00000000
test_03232,0.96913010
test_03233,0.00312555
test_03234,0.13438666
test_03235,0.02871205
test_03236,0.00001025
test_03237,0.99998915
test_03238,0.91818935
test_03239,0.00000420
test_03240,0.33070973
test_03241,0.97211546
test_03242,0.00023671
test_03243,0.00022022
test_03244,0.65631360
test_03245,0.02073937
test_03246,0.99981898
test_03247,0.99901259
test_03248,0.09376384
test_03249,0.99999988
test_03250,0.00010827
test_03251,0.00000048
test_03252,0.99985313
test_03253,0.99976665
test_03254,0.00000001
test_03255,0.13487303
test_03256,0.99997330
test_03257,0.99195427
test_03258,0.17515112
test_03259,0.95068461
test_03260,0.00000019
test_03261,0.00000000
test_03262,0.99951541
test_03263,0.16339582
test_03264,0.99985743
test_03265,0.03703601
test_03266,1.00000000
test_03267,1.00000000
test_03268,0.99448806
test_03269,0.99470985
test_03270,0.00005719
test_03271,0.95006818
test_03272,0.99883157
test_03273,0.00008544
test_03274,0.00003067
test_03275,0.00846891
test_03276,0.00009048
test_03277,0.00357074
test_03278,0.13376684
test_03279,0.67014146
test_03280,0.26508844
test_03281,0.98953807
test_03282,0.88781428
test_03283,0.01074626
test_03284,0.00000987
test_03285,1.00000000
test_03286,0.99994886
test_03287,0.99999964
test_03288,0.80133569
test_03289,0.97110623
test_03290,0.60409474
test_03291,0.94405860
test_03292,0.89807898
test_03293,1.00000000
test_03294,0.99150908
test_03295,0.00000013
test_03296,0.00327351
test_03297,0.99999988
test_03298,0.00000190
test_03299,0.99998319
test_03300,0.99704140
test_03301,0.02978150
test_03302,0.93720466
test_03303,0.02388412
test_03304,0.00001003
test_03305,0.99996698
test_03306,0.97989994
test_03307,0.93349457
test_03308,1.00000000
test_03309,0.00004316
test_03310,0.99995434
test_03311,0.57494974
test_03312,0.99811184
test_03313,0.00001298
test_03314,0.00180036
test_03315,0.88433051
test_03316,0.99672854
test_03317,0.99973363
test_03318,0.96123296
test_03319,0.00000008
test_03320,0.99999750
test_03321,1.00000000
test_03322,0.98364222
test_03323,0.94150174
test_03324,0.15285063
test_03325,0.00230710
test_03326,0.03315414
test_03327,1.00000000
test_03328,0.70545381
test_03329,0.11051676
test_03330,0.99082184
test_03331,0.00000009
test_03332,0.99999952
test_03333,0.91703981
test_03334,0.72210073
test_03335,1.00000000
test_03336,0.00000013
test_03337,0.00000021
test_03338,0.05547887
test_03339,0.99988508
test_03340,0.99971825
test_03341,0.00000001
test_03342,0.02666881
test_03343,0.02938741
test_03344,0.99499631
test_03345,0.01797521
test_03346,0.00837839
test_03347,0.00206697
test_03348,0.00000000
test_03349,1.00000000
test_03350,0.98591900
test_03351,0.61206990
test_03352,0.96878976
test_03353,0.30572432
test_03354,0.00000149
test_03355,0.99999952
test_03356,0.60054040
test_03357,0.74450994
test_03358,0.00000341
test_03359,0.99999988
test_03360,0.96441501
test_03361,0.00033484
test_03362,0.99995685
test_03363,0.98139650
test_03364,0.01824401
test_03365,0.88691509
test_03366,0.31412923
test_03367,0.99986672
test_03368,0.99427116
test_03369,0.00178139
test_03370,0.99997020
test_03371,1.00000000
test_03372,0.02095206
test_03373,0.95934933
test_03374,0.44782797
test_03375,0.00012317
test_03376,0.81093377
test_03377,0.03373082
test_03378,0.00184207
test_03379,0.78778374
test_03380,0.99997663
test_03381,1.00000000
test_03382,0.96349847
test_03383,0.00003535
test_03384,0.76735383
test_03385,0.99989998
test_03386,0.24863817
test_03387,1.00000000
test_03388,0.00941452
test_03389,0.99931204
test_03390,0.55024135
test_03391,1.00000000
test_03392,0.04746290
test_03393,0.95013392
test_03394,0.98314202
test_03395,0.54759407
test_03396,0.00000379
test_03397,0.00000863
test_03398,0.99987614
test_03399,0.99914110
test_03400,0.00008572
test_03401,0.32167560
test_03402,0.96294814
test_03403,0.00000826
test_03404,0.00002785
test_03405,0.99993265
test_03406,0.26587245
test_03407,0.00525070
test_03408,0.79903066
test_03409,0.33947429
test_03410,0.32566732
test_03411,0.78206199
test_03412,0.99979430
test_03413,0.03808176
test_03414,0.00000000
test_03415,0.99631834
test_03416,0.02605806
test_03417,0.27273512
test_03418,0.76510119
test_03419,0.00089873
test_03420,0.99949718
test_03421,0.00020673
test_03422,0.99999964
test_03423,0.04958108
test_03424,0.00000000
test_03425,0.00000000
test_03426,0.99917811
test_03427,0.99987161
test_03428,0.00000355
test_03429,0.96407562
test_03430,0.99998701
test_03431,0.99999964
test_03432,0.00016153
test_03433,0.99965823
test_03434,0.00009975
test_03435,0.99999952
test_03436,0.08136325
test_03437,0.00001002
test_03438,0.00033848
test_03439,1.00000000
test_03440,0.70221049
test_03441,0.99705601
test_03442,0.76266754
test_03443,0.53302509
test_03444,0.81094891
test_03445,0.41324535
test_03446,0.99602914
test_03447,0.99993849
test_03448,0.99944311
test_03449,1.00000000
test_03450,0.92994875
test_03451,0.00000003
test_03452,0.00000002
test_03453,0.00000355
test_03454,0.00291310
test_03455,0.00004121
test_03456,0.00000001
test_03457,0.05930140
test_03458,0.99513924
test_03459,0.00545941
test_03460,0.00216297
test_03461,0.95483637
test_03462,0.99999523
test_03463,0.00932998
test_03464,0.99999988
test_03465,0.23127630
test_03466,0.00000002
test_03467,0.97814983
test_03468,0.00000000
test_03469,0.00226227
test_03470,0.00001312
test_03471,0.00188438
test_03472,0.99996877
test_03473,0.99949241
test_03474,0.99986291
test_03475,0.70452070
test_03476,0.08644115
test_03477,0.00004374
test_03478,0.00025123
test_03479,0.00023462
test_03480,0.99937099
test_03481,0.96451449
test_03482,0.99999988
test_03483,0.00000000
test_03484,0.65446085
test_03485,0.38621661
test_03486,0.99826199
test_03487,0.99993670
test_03488,0.99708408
test_03489,0.01562629
test_03490,0.99999952
test_03491,0.98858529
test_03492,0.99999499
test_03493,1.00000000
test_03494,0.00174804
test_03495,0.00015318
test_03496,0.33277532
test_03497,0.99999952
test_03498,0.99998868
test_03499,0.99418807
test_03500,0.96523488
test_03501,0.01144530
test_03502,0.03447400
test_03503,0.00059668
test_03504,0.00000008
test_03505,0.00115793
test_03506,0.25002921
test_03507,0.00034906
test_03508,0.20301475
test_03509,0.23610850
test_03510,0.20753478
test_03511,0.00000072
test_03512,0.91417950
test_03513,0.00206887
test_03514,0.99979740
test_03515,0.99334323
test_03516,0.05951587
test_03517,0.99995148
test_03518,0.01037932
test_03519,0.11999227
test_03520,0.10280634
test_03521,0.99765307
test_03522,0.98695022
test_03523,0.99999726
test_03524,0.00001813
test_03525,0.99997079
test_03526,1.00000000
test_03527,0.75516492
test_03528,0.00003218
test_03529,0.00000119
test_03530,0.00000076
test_03531,0.01840950
test_03532,0.99999642
test_03533,0.03643641
test_03534,0.81457150
test_03535,0.00000007
test_03536,1.00000000
test_03537,0.32192141
test_03538,0.00000167
test_03539,0.01310087
test_03540,0.01107017
test_03541,0.00088185
test_03542,0.40803224
test_03543,0.99885309
test_03544,0.00001265
test_03545,0.00010627
test_03546,0.88672197
test_03547,1.00000000
test_03548,0.99999976
test_03549,0.03397441
test_03550,0.81391770
test_03551,0.99999964
test_03552,0.57235366
test_03553,1.00000000
test_03554,0.83259612
test_03555,0.01119344
test_03556,0.00010214
test_03557,0.99999070
test_03558,0.99562824
test_03559,0.00028484
test_03560,0.99987423
test_03561,0.99999988
test_03562,0.99997985
test_03563,0.99291879
test_03564,0.99996102
test_03565,0.99999094
test_03566,0.00000049
test_03567,0.68939215
test_03568,0.00000101
test_03569,0.45570755
test_03570,0.99999869
test_03571,0.00000000
test_03572,0.99552071
test_03573,0.93694508
test_03574,0.99973387
test_03575,0.99983370
test_03576,0.99999988
test_03577,0.00010760
test_03578,0.00000000
test_03579,0.00000002
test_03580,0.99985015
test_03581,0.00000000
test_03582,0.43452922
test_03583,0.99999964
test_03584,0.00160206
test_03585,0.99882561
test_03586,0.00860017
test_03587,0.82133526
test_03588,0.00198247
test_03589,0.00091770
test_03590,0.00059815
test_03591,0.00010423
test_03592,0.99976271
test_03593,0.99990571
test_03594,0.00032045
test_03595,0.99996555
test_03596,0.99177462
test_03597,0.00002634
test_03598,0.23695433
test_03599,0.99999988
test_03600,0.02557300
test_03601,0.99962509
test_03602,0.00010811
test_03603,1.00000000
test_03604,1.00000000
test_03605,0.99999201
test_03606,0.00002090
test_03607,0.00004219
test_03608,1.00000000
test_03609,0.00023206
test_03610,0.94855505
test_03611,0.08956769
test_03612,0.96908557
test_03613,0.86464119
test_03614,0.00000074
test_03615,0.99943918
test_03616,0.00000035
test_03617,0.00000001
test_03618,1.00000000
test_03619,0.00000337
test_03620,0.00000198
test_03621,0.04336816
test_03622,0.65102506
test_03623,0.00000001
test_03624,0.04752468
test_03625,0.99998403
test_03626,0.96061832
test_03627,0.20061302
test_03628,0.00000303
test_03629,0.99278283
test_03630,0.00464613
test_03631,0.12102591
test_03632,0.97783214
test_03633,0.00000008
test_03634,0.00000000
test_03635,0.99996126
test_03636,0.55970997
test_03637,0.00038577
test_03638,0.41744670
test_03639,0.00003071
test_03640,0.05678829
test_03641,0.99116653
test_03642,0.63003325
test_03643,0.55886108
test_03644,0.00000032
test_03645,1.00000000
test_03646,0.11986063
test_03647,0.00220831
test_03648,0.30916575
test_03649,0.97739273
test_03650,0.99999988
test_03651,0.02461984
test_03652,0.00000000
test_03653,0.99996948
test_03654,0.99794930
test_03655,0.95624286
test_03656,0.00852848
test_03657,0.02794919
test_03658,0.00916346
test_03659,1.00000000
test_03660,0.99999988
test_03661,0.00862358
test_03662,0.99992383
test_03663,0.99934989
test_03664,0.99998701
test_03665,1.00000000
test_03666,0.74015218
test_03667,0.00327817
test_03668,1.00000000
test_03669,0.99999976
test_03670,0.00076646
test_03671,0.00000039
test_03672,0.98226833
test_03673,0.95315158
test_03674,0.98195386
test_03675,0.99997461
test_03676,0.99996293
test_03677,0.05581306
test_03678,0.96825647
test_03679,0.00074367
test_03680,0.98331362
test_03681,0.06324025
test_03682,0.99403965
test_03683,0.99999928
test_03684,0.99999976
test_03685,0.99748045
test_03686,0.99993849
test_03687,0.00729182
test_03688,0.99999726
test_03689,0.00000018
test_03690,0.99999964
test_03691,0.99999666
test_03692,0.00007560
test_03693,0.68059146
test_03694,0.99960953
test_03695,0.00000000
test_03696,0.10080919
test_03697,0.47641221
test_03698,1.00000000
test_03699,0.99994516
test_03700,0.99979705
test_03701,0.00556158
test_03702,1.00000000
test_03703,1.00000000
test_03704,0.00125780
test_03705,0.00006771
test_03706,0.00000047
test_03707,0.99999535
test_03708,0.01735576
test_03709,0.99999988
test_03710,0.25766543
test_03711,0.02437771
test_03712,0.99999964
test_03713,0.03506866
test_03714,0.00213334
test_03715,1.00000000
test_03716,1.00000000
test_03717,0.00000005
test_03718,0.17563155
test_03719,1.00000000
test_03720,0.00072784
test_03721,0.00003941
test_03722,0.38222188
test_03723,0.00003483
test_03724,0.79532659
test_03725,0.00000024
test_03726,0.37366277
test_03727,0.00001350
test_03728,0.56437778
test_03729,0.70062262
test_03730,0.50944889
test_03731,0.84062731
test_03732,0.35867065
test_03733,0.99985516
test_03734,0.64244407
test_03735,0.38314986
test_03736,0.03638413
test_03737,0.87262636
test_03738,0.95773387
test_03739,0.99999774
test_03740,0.00088776
test_03741,0.01207046
test_03742,0.98670572
test_03743,0.72365606
test_03744,0.99931550
test_03745,0.98560208
test_03746,0.00541873
test_03747,0.99992430
test_03748,0.00003052
test_03749,0.98012173
test_03750,0.70271605
test_03751,0.73207462
test_03752,0.37375286
test_03753,0.99999976
test_03754,1.00000000
test_03755,0.99971455
test_03756,0.67441094
test_03757,0.00000154
test_03758,0.99837935
test_03759,0.00023270
test_03760,0.55919188
test_03761,0.00189479
test_03762,0.99693120
test_03763,0.06508044
test_03764,0.99998605
test_03765,0.49556732
test_03766,0.99999762
test_03767,0.31348312
test_03768,0.00000000
test_03769,0.00047037
test_03770,0.99927312
test_03771,0.99961913
test_03772,0.99999535
test_03773,0.01314682
test_03774,0.99994648
test_03775,0.99550194
test_03776,0.00000078
test_03777,0.00014882
test_03778,0.99903703
test_03779,0.18515839
test_03780,0.00121837
test_03781,0.92165488
test_03782,0.00000006
test_03783,0.00007886
test_03784,0.00073233
test_03785,0.99999440
test_03786,0.07862113
test_03787,0.00000532
test_03788,0.00000119
test_03789,0.18797089
test_03790,0.87673205
test_03791,0.79087734
test_03792,0.99999952
test_03793,0.00059709
test_03794,1.00000000
test_03795,0.84312713
test_03796,0.99568343
test_03797,0.00002778
test_03798,0.45389539
test_03799,0.00125175
test_03800,0.99796993
test_03801,0.00000000
test_03802,0.91135776
test_03803,0.51438797
test_03804,0.00011362
test_03805,0.99221557
test_03806,0.00000006
test_03807,0.18776982
test_03808,0.99458647
test_03809,0.78944546
test_03810,0.00000000
test_03811,0.44642586
test_03812,0.00166928
test_03813,1.00000000
test_03814,0.00880897
test_03815,0.85780972
test_03816,0.13482153
test_03817,0.99851185
test_03818,0.00000000
test_03819,0.00007847
test_03820,0.99912483
test_03821,0.99999833
test_03822,0.98349792
test_03823,0.00000098
test_03824,0.88833010
test_03825,0.99999321
test_03826,0.99998808
test_03827,0.00000392
test_03828,1.00000000
test_03829,0.09068235
test_03830,0.22140737
test_03831,0.00000001
test_03832,0.06699063
test_03833,0.00523833
test_03834,0.99999976
test_03835,0.99998283
test_03836,0.00000000
test_03837,0.02069874
test_03838,0.00000776
test_03839,0.57952702
test_03840,0.99984634
test_03841,0.68498379
test_03842,0.00010978
test_03843,0.91941178
test_03844,0.00047798
test_03845,0.99999917
test_03846,0.97264206
test_03847,0.00007028
test_03848,0.99999964
test_03849,0.99779809
test_03850,0.31527025
test_03851,0.95142567
test_03852,0.15527578
test_03853,1.00000000
test_03854,1.00000000
test_03855,0.00001230
test_03856,0.03110497
test_03857,0.00000002
test_03858,0.00000000
test_03859,0.00002739
test_03860,0.00000344
test_03861,0.25191358
test_03862,0.99999607
test_03863,0.99995005
test_03864,0.99999917
test_03865,0.84793890
test_03866,1.00000000
test_03867,0.00665066
test_03868,0.00000090
test_03869,0.99998653
test_03870,0.62721556
test_03871,0.00000253
test_03872,0.00000159
test_03873,0.09867096
test_03874,0.00176024
test_03875,0.03103629
test_03876,0.99975878
test_03877,0.25094435
test_03878,0.99690455
test_03879,0.99999774
test_03880,0.99896908
test_03881,0.00000001
test_03882,0.99996531
test_03883,0.97657293
test_03884,0.95048672
test_03885,0.00370677
test_03886,0.00278316
test_03887,0.00000495
test_03888,0.99666673
test_03889,0.00000000
test_03890,0.03387531
test_03891,0.00000931
test_03892,0.00293566
test_03893,0.00224924
test_03894,0.00000010
test_03895,0.52492344
test_03896,0.99901879
test_03897,0.99526948
test_03898,0.59598362
test_03899,0.52533883
test_03900,0.94622540
test_03901,0.00596242
test_03902,0.00010860
test_03903,0.99469274
test_03904,0.00002534
test_03905,0.95346427
test_03906,0.33133611
test_03907,1.00000000
test_03908,0.99972302
test_03909,0.06032968
test_03910,0.48848009
test_03911,0.97054571
test_03912,1.00000000
test_03913,0.00454790
test_03914,0.99390346
test_03915,0.00051823
test_03916,0.99998868
test_03917,0.84281653
test_03918,0.50001729
test_03919,0.99999988
test_03920,0.90146810
test_03921,0.13875493
test_03922,0.00000264
test_03923,0.85869187
test_03924,0.53600091
test_03925,0.00000000
test_03926,0.99999857
test_03927,0.00040067
test_03928,0.00000240
test_03929,0.96246576
test_03930,0.99023587
test_03931,0.86459494
test_03932,0.00000000
test_03933,0.00003042
test_03934,0.26569879
test_03935,0.00000003
test_03936,0.38196537
test_03937,0.04627875
test_03938,0.78659970
test_03939,0.00000000
test_03940,0.00000022
test_03941,0.67725968
test_03942,0.81068277
test_03943,0.92014092
test_03944,0.99997878
test_03945,0.99999189
test_03946,0.21160643
test_03947,0.67790049
test_03948,0.99858177
test_03949,0.99239445
test_03950,0.72138244
test_03951,0.00000000
test_03952,0.73148948
test_03953,0.99689341
test_03954,0.95710546
test_03955,0.33016172
test_03956,0.00000003
test_03957,0.00721223
test_03958,1.00000000
test_03959,0.04480788
test_03960,0.00116870
test_03961,1.00000000
test_03962,1.00000000
test_03963,0.00699430
test_03964,0.99967515
test_03965,0.00000000
test_03966,0.00188976
test_03967,0.00000003
test_03968,0.99993944
test_03969,0.99639243
test_03970,0.07527050
test_03971,0.00264960
test_03972,0.25150734
test_03973,0.99937916
test_03974,0.24294992
test_03975,1.00000000
test_03976,0.99999893
test_03977,0.99893755
test_03978,0.09201625
test_03979,0.77102894
test_03980,0.07722934
test_03981,1.00000000
test_03982,0.56712717
test_03983,0.99894613
test_03984,0.09662991
test_03985,0.20055562
test_03986,0.00048150
test_03987,0.96051997
test_03988,0.99459332
test_03989,0.00595854
test_03990,0.00001885
test_03991,0.00000001
test_03992,0.92069471
test_03993,0.00026613
test_03994,0.01361316
test_03995,0.00635155
test_03996,0.99999964
test_03997,0.99618644
test_03998,0.99979538
test_03999,0.99999392
test_04000,1.00000000
test_04001,0.06677227
test_04002,0.99923885
test_04003,0.00385856
test_04004,0.05178366
test_04005,0.00000237
test_04006,0.68040544
test_04007,0.00002999
test_04008,0.96860540
test_04009,0.00000000
test_04010,0.69677734
test_04011,0.00496368
test_04012,0.00000000
test_04013,0.00005775
test_04014,0.92700630
test_04015,0.99999952
test_04016,0.99999297
test_04017,0.05847245
test_04018,0.99997151
test_04019,0.99999774
test_04020,0.99999392
test_04021,0.00000002
test_04022,0.00000006
test_04023,0.97504687
test_04024,0.05081326
test_04025,0.00011811
test_04026,1.00000000
test_04027,0.00024381
test_04028,0.22732434
test_04029,0.96934670
test_04030,0.99897182
test_04031,0.00000006
test_04032,0.06588667
test_04033,0.92558652
test_04034,0.99994111
test_04035,0.08164598
test_04036,0.99251610
test_04037,0.99999940
test_04038,0.00029095
test_04039,0.00663041
test_04040,0.99999976
test_04041,0.98717344
test_04042,0.99996555
test_04043,0.15498883
test_04044,0.00000044
test_04045,0.00000414
test_04046,0.00008361
test_04047,0.05020767
test_04048,0.83106077
test_04049,0.91910583
test_04050,0.00000001
test_04051,1.00000000
test_04052,0.65358764
test_04053,0.44765744
test_04054,0.00002412
test_04055,0.95485455
test_04056,0.94351292
test_04057,1.00000000
test_04058,0.99999714
test_04059,0.63444942
test_04060,0.99081016
test_04061,0.46101689
test_04062,0.00002265
test_04063,0.40682146
test_04064,0.03317622
test_04065,0.19060442
test_04066,0.99999189
test_04067,0.00000005
test_04068,0.85958970
test_04069,0.00000005
test_04070,0.00000000
test_04071,0.99999368
test_04072,0.00000986
test_04073,0.00000014
test_04074,0.11490563
test_04075,1.00000000
test_04076,0.99711490
test_04077,0.12748061
test_04078,1.00000000
test_04079,0.00000688
test_04080,0.09133685
test_04081,0.99953401
test_04082,0.00000003
test_04083,0.01837150
test_04084,0.28915843
test_04085,0.04459098
test_04086,0.00006116
test_04087,0.99806172
test_04088,1.00000000
test_04089,0.33223286
test_04090,0.99948704
test_04091,0.99890554
test_04092,0.99774468
test_04093,0.99987912
test_04094,0.23145263
test_04095,0.40967312
test_04096,0.00001183
test_04097,0.97431177
test_04098,0.08875116
test_04099,0.99991572
test_04100,1.00000000
test_04101,0.02119930
test_04102,0.28928933
test_04103,0.00000000
test_04104,0.53635460
test_04105,0.00000095
test_04106,0.00006609
test_04107,0.47655311
test_04108,0.99988711
test_04109,0.99918765
test_04110,0.82696825
test_04111,0.93974853
test_04112,0.71476018
test_04113,0.99982125
test_04114,0.99999845
test_04115,0.27129728
test_04116,0.97931862
test_04117,0.99999750
test_04118,0.13850784
test_04119,0.00000451
test_04120,0.98447162
test_04121,0.00672949
test_04122,0.00866295
test_04123,1.00000000
test_04124,0.99805671
test_04125,0.00000000
test_04126,0.00749535
test_04127,0.00000000
test_04128,0.99999976
test_04129,0.97683787
test_04130,0.00000125
test_04131,0.00066003
test_04132,0.00190274
test_04133,0.00000650
test_04134,0.99999988
test_04135,1.00000000
test_04136,0.44364586
test_04137,0.00366270
test_04138,0.85451770
test_04139,0.99992800
test_04140,0.96903092
test_04141,0.05354440
test_04142,0.25483322
test_04143,0.97913593
test_04144,0.99998403
test_04145,0.13329780
test_04146,0.00028497
test_04147,0.00757519
test_04148,0.98916173
test_04149,0.99999166
test_04150,0.00000000
test_04151,0.62156069
test_04152,0.99879456
test_04153,0.89744443
test_04154,0.07524408
test_04155,0.00228793
test_04156,0.99999738
test_04157,0.99999332
test_04158,0.99985373
test_04159,0.57141197
test_04160,0.98750383
test_04161,0.00003867
test_04162,0.99910492
test_04163,0.00128886
test_04164,0.99940908
test_04165,0.92803156
test_04166,0.18964304
test_04167,0.00352603
test_04168,0.00000266
test_04169,0.99865109
test_04170,0.99999619
test_04171,0.99993825
test_04172,0.00014538
test_04173,0.99999988
test_04174,0.00004740
test_04175,0.98039091
test_04176,0.47823122
test_04177,0.00366582
test_04178,0.93812251
test_04179,0.08222431
test_04180,0.00000007
test_04181,0.99758112
test_04182,0.99945921
test_04183,0.22410077
test_04184,0.82604766
test_04185,0.93871135
test_04186,0.94657820
test_04187,0.99999607
test_04188,0.24420074
test_04189,0.01184577
test_04190,0.99999917
test_04191,0.81512827
test_04192,0.00001075
test_04193,0.00001993
test_04194,0.06135099
test_04195,0.01515875
test_04196,0.49638113
test_04197,0.00001480
test_04198,1.00000000
test_04199,0.59563732
test_04200,0.21435331
test_04201,0.99999285
test_04202,0.90662521
test_04203,0.96161872
test_04204,0.08516441
test_04205,0.00262257
test_04206,0.00000988
test_04207,0.99423015
test_04208,0.01475512
test_04209,0.85397369
test_04210,0.97539526
test_04211,0.86837208
test_04212,0.24302763
test_04213,0.00000000
test_04214,0.99999988
test_04215,0.00387554
test_04216,0.00000346
test_04217,1.00000000
test_04218,0.00000000
test_04219,0.94334644
test_04220,0.14988551
test_04221,0.52309179
test_04222,0.55767256
test_04223,0.99999988
test_04224,1.00000000
test_04225,0.97437751
test_04226,0.30453047
test_04227,0.99997103
test_04228,1.00000000
test_04229,0.99795854
test_04230,0.13769285
test_04231,0.91426396
test_04232,1.00000000
test_04233,1.00000000
test_04234,0.98424548
test_04235,0.99997950
test_04236,0.00000000
test_04237,0.88300115
test_04238,0.00000248
test_04239,0.98770058
test_04240,0.98158318
test_04241,0.99999928
test_04242,0.89968538
test_04243,0.00000000
test_04244,0.99957377
test_04245,0.99998415
test_04246,0.40514240
test_04247,0.02723870
test_04248,0.99780899
test_04249,0.99999988
test_04250,0.99630094
test_04251,0.99970490
test_04252,0.00000042
test_04253,0.00649227
test_04254,0.00241871
test_04255,0.93097562
test_04256,1.00000000
test_04257,0.00000394
test_04258,0.01566141
test_04259,0.07695547
test_04260,0.02684778
test_04261,0.01978735
test_04262,0.94676942
test_04263,0.00077806
test_04264,0.99803215
test_04265,0.99286240
test_04266,0.38585436
test_04267,0.05061691
test_04268,0.99943775
test_04269,0.79941481
test_04270,0.00888931
test_04271,0.01314655
test_04272,0.00000001
test_04273,0.04475158
test_04274,0.00014893
test_04275,0.02217905
test_04276,0.99999940
test_04277,0.00000051
test_04278,0.03393504
test_04279,0.00586017
test_04280,0.00000008
test_04281,1.00000000
test_04282,0.61633742
test_04283,0.00000012
test_04284,0.00001605
test_04285,0.13226607
test_04286,0.00000000
test_04287,1.00000000
test_04288,0.00047076
test_04289,1.00000000
test_04290,0.00000149
test_04291,0.00004688
test_04292,0.89229375
test_04293,0.99896848
test_04294,0.25122643
test_04295,0.00000003
test_04296,0.33165804
test_04297,0.76805311
test_04298,0.99979359
test_04299,0.00694607
test_04300,0.00050773
test_04301,0.99371344
test_04302,0.00030682
test_04303,0.99998629
test_04304,0.89982194
test_04305,0.99754804
test_04306,0.00001971
test_04307,0.98727918
test_04308,0.00301395
test_04309,0.99887305
test_04310,1.00000000
test_04311,0.99999857
test_04312,0.99612612
test_04313,0.00023560
test_04314,0.99991667
test_04315,0.99999273
test_04316,0.00000032
test_04317,0.15435086
test_04318,0.01377524
test_04319,0.00002227
test_04320,0.39424583
test_04321,0.99999845
test_04322,0.99650407
test_04323,0.02183212
test_04324,0.75612402
test_04325,1.00000000
test_04326,0.63569468
test_04327,0.15329832
test_04328,0.00000246
test_04329,0.99999988
test_04330,0.99999976
test_04331,0.81575155
test_04332,0.05442959
test_04333,0.00000014
test_04334,0.99884903
test_04335,0.00093348
test_04336,0.00001752
test_04337,0.33008322
test_04338,0.96871269
test_04339,0.99980646
test_04340,0.05003027
test_04341,1.00000000
test_04342,0.00196809
test_04343,0.99071831
test_04344,0.02936128
test_04345,0.95471674
test_04346,0.13550158
test_04347,0.05667416
test_04348,0.99610281
test_04349,0.99998748
test_04350,0.99999893
test_04351,0.19960850
test_04352,0.00104872
test_04353,0.93638408
test_04354,0.20823023
test_04355,0.99693030
test_04356,0.00025825
test_04357,0.90640402
test_04358,0.00000001
test_04359,0.02662000
test_04360,0.97620177
test_04361,0.00001524
test_04362,0.01583228
test_04363,0.99998271
test_04364,0.82142645
test_04365,0.00003250
test_04366,0.00004346
test_04367,0.00092496
test_04368,0.00000999
test_04369,0.99965155
test_04370,0.00319565
test_04371,0.99999917
test_04372,0.00096187
test_04373,0.24083123
test_04374,0.00000011
test_04375,1.00000000
test_04376,0.26176932
test_04377,0.00066710
test_04378,0.99999511
test_04379,0.00289385
test_04380,0.10793848
test_04381,0.27611133
test_04382,0.00001185
test_04383,0.76944143
test_04384,0.99774206
test_04385,0.65047061
test_04386,0.00008210
test_04387,0.00000033
test_04388,0.00001802
test_04389,0.14383318
test_04390,0.72807753
test_04391,0.99999905
test_04392,0.99996030
test_04393,0.99994469
test_04394,1.00000000
test_04395,0.38315937
test_04396,0.00949122
test_04397,0.99947864
test_04398,0.00019393
test_04399,0.00402276
test_04400,0.00000001
test_04401,0.00000000
test_04402,0.99999821
test_04403,0.90065771
test_04404,0.65568423
test_04405,1.00000000
test_04406,0.99997413
test_04407,0.00000159
test_04408,0.99969923
test_04409,0.73101747
test_04410,0.99961913
test_04411,0.99999702
test_04412,0.99274421
test_04413,1.00000000
test_04414,1.00000000
test_04415,0.00000001
test_04416,0.90310383
test_04417,0.00005067
test_04418,0.00086108
test_04419,0.00000094
test_04420,0.00000036
test_04421,0.76394850
test_04422,0.00071440
test_04423,0.00607722
test_04424,0.00841399
test_04425,1.00000000
test_04426,0.38178781
test_04427,0.95255417
test_04428,0.21963239
test_04429,1.00000000
test_04430,0.88733333
test_04431,0.88362896
test_04432,0.00076215
test_04433,0.00454046
test_04434,1.00000000
test_04435,0.84520310
test_04436,0.00000002
test_04437,0.99988425
test_04438,0.98489434
test_04439,0.00013879
test_04440,0.99999988
test_04441,0.99999940
test_04442,0.94135875
test_04443,0.00000002
test_04444,0.97724050
test_04445,1.00000000
test_04446,0.00000246
test_04447,0.99972600
test_04448,0.00000163
test_04449,0.64996862
test_04450,0.99998486
test_04451,0.00000006
test_04452,0.27530921
test_04453,0.99887770
test_04454,0.00000035
test_04455,0.49947876
test_04456,0.01461377
test_04457,0.96229339
test_04458,0.90999579
test_04459,0.00017304
test_04460,0.00000079
test_04461,0.99999893
test_04462,0.18594265
test_04463,0.94226569
test_04464,0.99986124
test_04465,0.35106346
test_04466,0.00000050
test_04467,0.99975067
test_04468,0.00000276
test_04469,0.02104480
test_04470,0.97602606
test_04471,0.74030614
test_04472,0.99996006
test_04473,0.00000558
test_04474,0.01036499
test_04475,0.00000001
test_04476,0.00073098
test_04477,0.46608919
test_04478,0.99848455
test_04479,0.46554196
test_04480,0.51152426
test_04481,0.99923503
test_04482,0.00010555
test_04483,1.00000000
test_04484,0.96668863
test_04485,0.98955601
test_04486,0.99999952
test_04487,0.00000001
test_04488,0.99988914
test_04489,0.00000097
test_04490,0.17861594
test_04491,0.51636219
test_04492,0.00174851
test_04493,0.00241237
test_04494,0.01047090
test_04495,0.52830422
test_04496,0.00000000
test_04497,0.28594702
test_04498,0.04076442
test_04499,0.00000000
test_04500,0.99978226
test_04501,0.00000000
test_04502,0.99999225
test_04503,0.17238006
test_04504,0.03435029
test_04505,0.40097558
test_04506,1.00000000
test_04507,0.00179523
test_04508,0.00007342
test_04509,0.00174585
test_04510,0.00001891
test_04511,0.00005947
test_04512,0.99885929
test_04513,0.99665487
test_04514,0.79564303
test_04515,0.00000002
test_04516,0.06005982
test_04517,0.98963881
test_04518,0.00000002
test_04519,0.04392431
test_04520,0.00200958
test_04521,0.99992108
test_04522,0.99386865
test_04523,0.07930076
test_04524,0.99933654
test_04525,0.00012344
test_04526,0.99998617
test_04527,0.62040573
test_04528,0.60310805
test_04529,0.00399796
test_04530,0.00000029
test_04531,0.44998908
test_04532,0.99483103
test_04533,0.00000002
test_04534,0.02160372
test_04535,0.96997750
test_04536,0.00000029
test_04537,0.00006359
test_04538,0.99939430
test_04539,0.99611425
test_04540,0.99999857
test_04541,0.99997735
test_04542,0.99953520
test_04543,0.00000031
test_04544,0.42303789
test_04545,0.99999988
test_04546,0.99997199
test_04547,0.99815434
test_04548,0.98527062
test_04549,0.00000009
test_04550,0.98194569
test_04551,0.99994051
test_04552,0.42893183
test_04553,0.98701257
test_04554,0.71067220
test_04555,0.00185566
test_04556,0.00624156
test_04557,0.00002952
test_04558,0.00009426
test_04559,0.00000035
test_04560,0.00000110
test_04561,0.00001754
test_04562,0.14974925
test_04563,1.00000000
test_04564,0.00000000
test_04565,1.00000000
test_04566,0.00000031
test_04567,0.95567530
test_04568,0.67926198
test_04569,0.99993956
test_04570,0.39140144
test_04571,0.00000000
test_04572,1.00000000
test_04573,0.99998677
test_04574,0.21785894
test_04575,0.99999988
test_04576,0.20671391
test_04577,0.27385995
test_04578,1.00000000
test_04579,0.15090908
test_04580,0.00015611
test_04581,0.19782990
test_04582,0.00260991
test_04583,0.99996901
test_04584,0.59888035
test_04585,0.99338359
test_04586,0.00013173
test_04587,0.99803740
test_04588,0.98304087
test_04589,0.99938607
test_04590,1.00000000
test_04591,0.99999678
test_04592,0.10671682
test_04593,0.27740854
test_04594,0.03240631
test_04595,0.18829340
test_04596,0.00066175
test_04597,0.00177821
test_04598,0.14565392
test_04599,0.86370546
test_04600,0.00000000
test_04601,0.05775714
test_04602,0.71775335
test_04603,0.99999988
test_04604,0.00013995
test_04605,0.96084696
test_04606,0.55563378
test_04607,0.04922369
test_04608,0.12319063
test_04609,0.55956668
test_04610,0.00000000
test_04611,1.00000000
test_04612,0.99999392
test_04613,0.99990642
test_04614,1.00000000
test_04615,0.99969494
test_04616,1.00000000
test_04617,0.00068474
test_04618,0.99999487
test_04619,0.62706721
test_04620,0.00000001
test_04621,0.99983037
test_04622,0.33086461
test_04623,0.99995816
test_04624,0.01653409
test_04625,0.99999928
test_04626,0.00000005
test_04627,0.00040477
test_04628,0.99999988
test_04629,0.99561334
test_04630,0.99997568
test_04631,0.99999011
test_04632,0.00005622
test_04633,0.12624675
test_04634,1.00000000
test_04635,1.00000000
test_04636,0.99999928
test_04637,0.88468820
test_04638,0.94259655
test_04639,0.99995172
test_04640,0.99999988
test_04641,0.71859342
test_04642,0.00029716
test_04643,0.98286474
test_04644,0.01143871
test_04645,0.99940586
test_04646,0.00218229
test_04647,0.99907243
test_04648,0.99651259
test_04649,0.81888562
test_04650,0.01276270
test_04651,0.99754351
test_04652,0.00000000
test_04653,0.99999166
test_04654,0.00075566
test_04655,0.98309755
test_04656,0.00000097
test_04657,0.97283089
test_04658,0.99994659
test_04659,0.99988556
test_04660,0.76815277
test_04661,0.87142324
test_04662,0.96193975
test_04663,0.12927233
test_04664,0.23564565
test_04665,1.00000000
test_04666,0.00000000
test_04667,0.99997151
test_04668,0.00085606
test_04669,0.98515791
test_04670,0.44812918
test_04671,0.05220269
test_04672,0.64876980
test_04673,0.00015225
test_04674,0.00014582
test_04675,0.05131361
test_04676,0.01638309
test_04677,0.99922633
test_04678,0.82995653
test_04679,0.10735954
test_04680,0.99587399
test_04681,1.00000000
test_04682,0.00000001
test_04683,0.00027811
test_04684,0.00085896
test_04685,0.09998447
test_04686,1.00000000
test_04687,0.84978998
test_04688,0.09825714
test_04689,0.81160063
test_04690,0.98845124
test_04691,0.00652415
test_04692,0.00000000
test_04693,0.68685424
test_04694,0.64285421
test_04695,0.01309658
test_04696,0.99957925
test_04697,0.00000073
test_04698,0.00150851
test_04699,0.80187398
test_04700,1.00000000
test_04701,0.21902499
test_04702,0.00208578
test_04703,0.99995029
test_04704,0.00014085
test_04705,0.34250411
test_04706,0.00000006
test_04707,0.81981653
test_04708,0.00001035
test_04709,0.00000267
test_04710,0.51136202
test_04711,0.30461267
test_04712,1.00000000
test_04713,0.01314738
test_04714,0.00004845
test_04715,0.99999344
test_04716,0.00000427
test_04717,0.06567476
test_04718,0.00172395
test_04719,0.00613277
test_04720,0.53830391
test_04721,1.00000000
test_04722,0.99995279
test_04723,0.99997771
test_04724,0.99926287
test_04725,0.58779258
test_04726,0.99966133
test_04727,0.99997711
test_04728,0.71855682
test_04729,0.00106000
test_04730,0.13923371
test_04731,0.15455273
test_04732,0.88597900
test_04733,0.00000349
test_04734,0.99033189
test_04735,1.00000000
test_04736,0.00000015
test_04737,0.25714925
test_04738,0.16301796
test_04739,0.03984514
test_04740,0.99992478
test_04741,0.96860236
test_04742,0.99914908
test_04743,0.99993789
test_04744,0.99560380
test_04745,0.48880002
test_04746,0.01464143
test_04747,0.57369441
test_04748,0.01494450
test_04749,0.99978477
test_04750,0.99716395
test_04751,1.00000000
test_04752,0.00236192
test_04753,0.98169428
test_04754,0.00038701
test_04755,0.02524220
test_04756,0.00000024
test_04757,0.00000000
test_04758,0.00000000
test_04759,0.99996746
test_04760,1.00000000
test_04761,0.99729913
test_04762,0.00001773
test_04763,0.06182637
test_04764,0.99995995
test_04765,0.99990475
test_04766,0.00000000
test_04767,0.99944407
test_04768,0.09865757
test_04769,0.99995720
test_04770,0.99963760
test_04771,0.26937735
test_04772,0.99377257
test_04773,0.99996400
test_04774,0.21910234
test_04775,0.75821406
test_04776,0.99999785
test_04777,0.07651179
test_04778,0.00000066
test_04779,0.99987650
test_04780,0.99909008
test_04781,0.58560961
test_04782,0.00153952
test_04783,0.99629200
test_04784,0.00002181
test_04785,0.99994659
test_04786,0.00272908
test_04787,0.99964666
test_04788,0.02817635
test_04789,0.00007933
test_04790,0.96812248
test_04791,0.00002625
test_04792,0.98865348
test_04793,1.00000000
test_04794,0.00418696
test_04795,0.00000000
test_04796,0.18134794
test_04797,1.00000000
test_04798,0.95540839
test_04799,0.00010016
test_04800,1.00000000
test_04801,0.96566796
test_04802,0.04287316
test_04803,1.00000000
test_04804,0.99911326
test_04805,0.00000157
test_04806,0.01002408
test_04807,0.37845463
test_04808,0.99988985
test_04809,1.00000000
test_04810,0.00669693
test_04811,0.00002610
test_04812,0.99999988
test_04813,1.00000000
test_04814,0.00051385
test_04815,0.93863487
test_04816,0.36089987
test_04817,0.00007262
test_04818,0.46243837
test_04819,0.00003313
test_04820,0.78586966
test_04821,0.99999583
test_04822,0.99975437
test_04823,0.99999988
test_04824,0.00019421
test_04825,0.97773576
test_04826,0.99999797
test_04827,0.00003363
test_04828,0.99764156
test_04829,1.00000000
test_04830,0.00800685
test_04831,0.00706085
test_04832,0.99999583
test_04833,0.04340696
test_04834,0.09684482
test_04835,0.99999750
test_04836,0.00014170
test_04837,0.99878198
test_04838,0.00001572
test_04839,0.04213591
test_04840,0.00007271
test_04841,0.00503151
test_04842,0.78860921
test_04843,0.00000215
test_04844,0.00000008
test_04845,1.00000000
test_04846,0.00001294
test_04847,0.99790132
test_04848,0.99952364
test_04849,0.99990642
test_04850,0.80130678
test_04851,0.95764399
test_04852,0.99915445
test_04853,0.59702504
test_04854,0.08037452
test_04855,0.99999988
test_04856,0.13603152
test_04857,0.00059998
test_04858,0.99999952
test_04859,0.99880373
test_04860,0.00420668
test_04861,0.99830818
test_04862,0.00042045
test_04863,0.89928210
test_04864,0.99865097
test_04865,0.01757897
test_04866,0.00012235
test_04867,0.30688575
test_04868,0.00000136
test_04869,0.00962881
test_04870,0.99999714
test_04871,1.00000000
test_04872,0.94345230
test_04873,0.99992919
test_04874,0.00035745
test_04875,0.99999917
test_04876,0.00004428
test_04877,0.99982041
test_04878,0.04184910
test_04879,0.99978513
test_04880,0.00001600
test_04881,0.00000021
test_04882,0.99941337
test_04883,0.99979383
test_04884,0.84699672
test_04885,0.00000747
test_04886,0.99617237
test_04887,0.00000380
test_04888,0.00086102
test_04889,0.98813432
test_04890,0.00047041
test_04891,0.43387809
test_04892,0.00435749
test_04893,0.27437007
test_04894,0.00021393
test_04895,0.00000000
test_04896,0.00000000
test_04897,0.00001057
test_04898,0.00001054
test_04899,0.00004473
test_04900,0.99999762
test_04901,0.69206691
test_04902,0.00000004
test_04903,1.00000000
test_04904,0.03215572
test_04905,0.40765020
test_04906,0.99933916
test_04907,0.99578756
test_04908,0.02137295
test_04909,1.00000000
test_04910,0.99943620
test_04911,0.99998999
test_04912,0.99999928
test_04913,0.98047447
test_04914,0.00003869
test_04915,0.99991989
test_04916,0.00164206
test_04917,0.99987459
test_04918,0.99366027
test_04919,0.88368165
test_04920,0.26391914
test_04921,0.95370173
test_04922,0.00000000
test_04923,0.44600081
test_04924,0.03029856
test_04925,0.99801034
test_04926,1.00000000
test_04927,0.00001444
test_04928,0.00017314
test_04929,0.99998009
test_04930,0.68454438
test_04931,1.00000000
test_04932,1.00000000
test_04933,0.98099315
test_04934,0.07026345
test_04935,0.00000000
test_04936,0.99993122
test_04937,0.00000295
test_04938,0.00002013
test_04939,0.94842052
test_04940,0.99999666
test_04941,0.99878258
test_04942,0.00048557
test_04943,0.99994254
test_04944,0.99933040
test_04945,0.16220206
test_04946,0.00000273
test_04947,0.97173202
test_04948,1.00000000
test_04949,0.99998987
test_04950,0.13650224
test_04951,0.10403636
test_04952,0.98824126
test_04953,0.00003461
test_04954,0.98192412
test_04955,1.00000000
test_04956,0.23161167
test_04957,1.00000000
test_04958,0.00000206
test_04959,0.09680595
test_04960,0.36311215
test_04961,0.03472016
test_04962,0.21023983
test_04963,0.00000000
test_04964,0.02411180
test_04965,0.99999595
test_04966,0.99999785
test_04967,0.11225767
test_04968,0.03462803
test_04969,0.99861062
test_04970,1.00000000
test_04971,1.00000000
test_04972,0.00000392
test_04973,0.94540405
test_04974,0.99999988
test_04975,0.92643505
test_04976,0.01725564
test_04977,0.00000004
test_04978,0.01892339
test_04979,0.04287555
test_04980,1.00000000
test_04981,1.00000000
test_04982,0.99777681
test_04983,0.50488162
test_04984,0.80467689
test_04985,0.63770109
test_04986,0.00005645
test_04987,0.54141265
test_04988,0.00002849
test_04989,0.00008403
test_04990,0.99999309
test_04991,0.00005812
test_04992,0.00000185
test_04993,0.99999964
test_04994,0.10665797
test_04995,0.99984229
test_04996,0.18794154
test_04997,0.00000425
test_04998,0.00001687
test_04999,0.00000190
test_05000,0.99981064
test_05001,0.99999988
test_05002,0.96488088
test_05003,0.78269988
test_05004,0.00007361
test_05005,0.99999738
test_05006,0.00002346
test_05007,0.99291104
test_05008,0.99223280
test_05009,0.95142448
test_05010,0.00002119
test_05011,0.38460192
test_05012,0.99999928
test_05013,0.99999952
test_05014,1.00000000
test_05015,1.00000000
test_05016,0.00119577
test_05017,0.99819773
test_05018,0.00071481
test_05019,0.99792045
test_05020,0.98705220
test_05021,0.20157647
test_05022,1.00000000
test_05023,0.99927801
test_05024,0.99880326
test_05025,0.01205787
test_05026,1.00000000
test_05027,0.16550410
test_05028,1.00000000
test_05029,1.00000000
test_05030,0.45208311
test_05031,0.05914366
test_05032,0.99967825
test_05033,0.99999702
test_05034,0.11282986
test_05035,0.53603965
test_05036,0.84398276
test_05037,0.99930465
test_05038,0.00156089
test_05039,0.99519902
test_05040,0.00000796
test_05041,0.99992561
test_05042,0.73717695
test_05043,0.99123114
test_05044,0.48302722
test_05045,0.96720368
test_05046,0.00000464
test_05047,0.99999952
test_05048,0.80780083
test_05049,1.00000000
test_05050,0.00000019
test_05051,0.19862694
test_05052,0.99997783
test_05053,0.99998784
test_05054,0.00000398
test_05055,0.00000367
test_05056,0.90671253
test_05057,1.00000000
test_05058,0.79341060
test_05059,0.00072049
test_05060,0.99999952
test_05061,0.99984157
test_05062,0.00354826
test_05063,1.00000000
test_05064,0.32386029
test_05065,0.00000032
test_05066,0.27137807
test_05067,0.99999356
test_05068,0.99978083
test_05069,0.81443989
test_05070,0.04291665
test_05071,0.01106367
test_05072,0.00444630
test_05073,0.19576044
test_05074,0.05955699
test_05075,0.99999940
test_05076,0.99999881
test_05077,0.00000001
test_05078,0.96724218
test_05079,0.31548309
test_05080,0.99999988
test_05081,0.00824651
test_05082,0.00006009
test_05083,0.91260630
test_05084,0.99999988
test_05085,0.99999642
test_05086,0.94051450
test_05087,0.48270941
test_05088,0.99998868
test_05089,0.93998200
test_05090,0.37159136
test_05091,0.99991393
test_05092,0.00000038
test_05093,0.41439074
test_05094,0.63531673
test_05095,0.99999249
test_05096,0.00008301
test_05097,0.99967921
test_05098,0.03205787
test_05099,1.00000000
test_05100,0.00018307
test_05101,0.00426142
test_05102,0.00001088
test_05103,0.99998391
test_05104,0.00011585
test_05105,0.44398049
test_05106,0.99999380
test_05107,0.00000000
test_05108,0.39606023
test_05109,0.00000003
test_05110,0.99977475
test_05111,0.99996185
test_05112,0.99394566
test_05113,0.57667708
test_05114,0.01826039
test_05115,0.00000135
test_05116,0.14005981
test_05117,0.83811623
test_05118,0.00000094
test_05119,0.99993205
test_05120,0.99999356
test_05121,0.30118781
test_05122,0.12879147
test_05123,0.86788440
test_05124,0.10649100
test_05125,0.61636662
test_05126,0.99993730
test_05127,0.99999988
test_05128,0.00000097
test_05129,0.68191057
test_05130,0.00025519
test_05131,0.00015241
test_05132,0.00007835
test_05133,0.01942314
test_05134,0.59862018
test_05135,0.01092330
test_05136,0.00346032
test_05137,0.99999976
test_05138,0.71228439
test_05139,0.74009091
test_05140,0.99902976
test_05141,0.74137026
test_05142,0.99962807
test_05143,0.99999952
test_05144,0.00058602
test_05145,0.98929518
test_05146,0.99877399
test_05147,0.42575482
test_05148,0.09058660
test_05149,0.00722787
test_05150,0.00006353
test_05151,0.99832493
test_05152,0.99999750
test_05153,0.00006180
test_05154,0.00680420
test_05155,0.90675449
test_05156,0.63714993
test_05157,0.97703141
test_05158,0.99999809
test_05159,0.05154625
test_05160,0.91442204
test_05161,0.99510443
test_05162,0.00001057
test_05163,0.00000005
test_05164,0.05747312
test_05165,0.00004643
test_05166,0.84324765
test_05167,0.97811323
test_05168,0.74464935
test_05169,0.98124331
test_05170,0.00000010
test_05171,0.99996328
test_05172,0.47595859
test_05173,0.01252649
test_05174,0.99955648
test_05175,0.97837311
test_05176,0.01644680
test_05177,0.99396437
test_05178,0.99992311
test_05179,0.00000002
test_05180,0.00000060
test_05181,0.01077154
test_05182,0.00813889
test_05183,0.02031559
test_05184,0.99998403
test_05185,0.99999893
test_05186,0.99999988
test_05187,0.99999964
test_05188,0.99960607
test_05189,0.00694971
test_05190,0.97384250
test_05191,0.99254882
test_05192,0.00048258
test_05193,0.00329448
test_05194,0.00523004
test_05195,0.21835539
test_05196,0.00076109
test_05197,0.00067234
test_05198,0.99999344
test_05199,0.91415691
test_05200,0.99999928
test_05201,1.00000000
test_05202,0.04847645
test_05203,0.37834361
test_05204,0.00005744
test_05205,0.00000079
test_05206,0.99929559
test_05207,0.00015702
test_05208,0.99928302
test_05209,0.00000137
test_05210,0.99998724
test_05211,0.95078468
test_05212,1.00000000
test_05213,0.00018064
test_05214,0.00017838
test_05215,0.99999559
test_05216,0.48613617
test_05217,0.12288480
test_05218,0.99718505
test_05219,0.08326744
test_05220,1.00000000
test_05221,0.00000003
test_05222,0.00000000
test_05223,0.99738735
test_05224,0.00001222
test_05225,0.99927741
test_05226,0.00000369
test_05227,0.99999976
test_05228,0.02716470
test_05229,0.02332520
test_05230,0.00230069
test_05231,0.51077503
test_05232,0.08521472
test_05233,0.99816066
test_05234,0.00339787
test_05235,0.98839790
test_05236,0.76152700
test_05237,0.99999797
test_05238,0.00000042
test_05239,0.99858320
test_05240,0.97977841
test_05241,0.35869408
test_05242,0.86613083
test_05243,1.00000000
test_05244,0.94779098
test_05245,0.00000011
test_05246,0.33857539
test_05247,0.00001365
test_05248,0.30884954
test_05249,0.04348608
test_05250,0.94720846
test_05251,0.99999750
test_05252,0.00000006
test_05253,0.00000335
test_05254,0.99648678
test_05255,0.91842216
test_05256,0.02462173
test_05257,0.95495725
test_05258,0.01479398
test_05259,0.00000000
test_05260,0.99912447
test_05261,0.99999511
test_05262,0.25319490
test_05263,1.00000000
test_05264,0.00000379
test_05265,0.00000109
test_05266,1.00000000
test_05267,1.00000000
test_05268,0.99319965
test_05269,0.54149240
test_05270,0.99999225
test_05271,0.99997520
test_05272,0.99999928
test_05273,0.00000001
test_05274,0.00000915
test_05275,0.00001024
test_05276,0.99999666
test_05277,0.29346973
test_05278,0.97085708
test_05279,0.00000000
test_05280,0.96350390
test_05281,0.37266719
test_05282,0.00004650
test_05283,0.99999845
test_05284,0.02260816
test_05285,0.00000015
test_05286,0.99999249
test_05287,0.00000000
test_05288,0.99484539
test_05289,0.99999821
test_05290,0.86551595
test_05291,0.00000002
test_05292,1.00000000
test_05293,0.00004548
test_05294,0.92980915
test_05295,1.00000000
test_05296,0.17734784
test_05297,0.00005410
test_05298,0.99999857
test_05299,0.99969113
test_05300,0.41258171
test_05301,0.00000000
test_05302,0.00000002
test_05303,1.00000000
test_05304,0.81605613
test_05305,0.99996066
test_05306,0.00846486
test_05307,0.99224162
test_05308,1.00000000
test_05309,0.00000000
test_05310,0.17974564
test_05311,0.99999952
test_05312,0.99999964
test_05313,1.00000000
test_05314,0.86709559
test_05315,0.00015991
test_05316,0.99998426
test_05317,1.00000000
test_05318,0.04801191
test_05319,0.99988759
test_05320,0.99990237
test_05321,0.99976724
test_05322,0.58783096
test_05323,0.31559870
test_05324,1.00000000
test_05325,0.99967241
test_05326,1.00000000
test_05327,0.99994314
test_05328,0.00003550
test_05329,1.00000000
test_05330,0.00000000
test_05331,0.00001318
test_05332,0.45366988
test_05333,0.92638540
test_05334,0.01006453
test_05335,0.33284274
test_05336,0.97535139
test_05337,0.99999964
test_05338,0.24848889
test_05339,0.02970865
test_05340,0.99999988
test_05341,0.88529748
test_05342,0.00850648
test_05343,0.99909925
test_05344,0.00000536
test_05345,0.00000061
test_05346,0.99977225
test_05347,0.31822643
test_05348,0.28639135
test_05349,0.63477975
test_05350,0.01961807
test_05351,0.99999976
test_05352,0.00067080
test_05353,0.00038794
test_05354,0.00000002
test_05355,0.01590417
test_05356,0.00000172
test_05357,0.95719540
test_05358,0.00017592
test_05359,0.00000000
test_05360,0.00000064
test_05361,0.99999893
test_05362,0.73453069
test_05363,0.25808442
test_05364,0.99969709
test_05365,0.00002288
test_05366,0.03450028
test_05367,0.00000000
test_05368,0.70112902
test_05369,0.00886146
test_05370,0.52973276
test_05371,0.00000224
test_05372,0.80138218
test_05373,0.85818636
test_05374,0.42088026
test_05375,0.00000024
test_05376,0.00416919
test_05377,0.99998868
test_05378,1.00000000
test_05379,0.99944049
test_05380,0.28732660
test_05381,0.93263656
test_05382,0.33273783
test_05383,0.99999928
test_05384,0.00002327
test_05385,0.99306947
test_05386,0.15113205
test_05387,0.99999630
test_05388,0.99999201
test_05389,0.00000000
test_05390,0.99398041
test_05391,0.99136740
test_05392,0.95331854
test_05393,1.00000000
test_05394,0.99969494
test_05395,0.99858981
test_05396,0.00451579
test_05397,0.25959533
test_05398,0.99993241
test_05399,0.98333895
test_05400,0.94403732
test_05401,0.01274546
test_05402,0.99999571
test_05403,0.42642939
test_05404,0.99161035
test_05405,0.00002105
test_05406,0.99907160
test_05407,0.85865211
test_05408,0.97275341
test_05409,0.00000082
test_05410,0.99975806
test_05411,0.99999046
test_05412,0.99610633
test_05413,0.00721597
test_05414,0.18328293
test_05415,0.00000262
test_05416,0.99682176
test_05417,0.00630439
test_05418,0.83442706
test_05419,0.99958545
test_05420,0.11093120
test_05421,0.99861097
test_05422,1.00000000
test_05423,0.78168964
test_05424,0.00000103
test_05425,0.46421981
test_05426,0.00000001
test_05427,0.00000001
test_05428,1.00000000
test_05429,0.99983633
test_05430,0.99999952
test_05431,0.00137584
test_05432,0.99999976
test_05433,0.99970406
test_05434,0.99999988
test_05435,0.99999619
test_05436,0.00003101
test_05437,0.55383760
test_05438,0.00209797
test_05439,0.00145225
test_05440,0.00002505
test_05441,1.00000000
test_05442,0.99959427
test_05443,0.00004213
test_05444,1.00000000
test_05445,0.06078462
test_05446,0.00371058
test_05447,0.35049894
test_05448,0.63312179
test_05449,0.88379824
test_05450,0.99381143
test_05451,0.72873539
test_05452,0.99997413
test_05453,0.99984467
test_05454,0.00016640
test_05455,0.00075086
test_05456,0.00001458
test_05457,0.00000000
test_05458,0.02141690
test_05459,0.00003847
test_05460,0.55438066
test_05461,0.08901865
test_05462,0.99999893
test_05463,0.99997771
test_05464,1.00000000
test_05465,0.00032069
test_05466,0.99999046
test_05467,0.00350176
test_05468,0.99972838
test_05469,0.41533658
test_05470,0.01029523
test_05471,0.00950151
test_05472,0.36859134
test_05473,0.00318465
test_05474,0.00000035
test_05475,0.13482569
test_05476,0.00000000
test_05477,0.41098917
test_05478,0.67018074
test_05479,0.60408956
test_05480,0.00000675
test_05481,0.99997687
test_05482,0.00713975
test_05483,0.60811675
test_05484,0.00042604
test_05485,0.00000025
test_05486,0.02759292
test_05487,0.12510443
test_05488,1.00000000
test_05489,0.01627004
test_05490,0.00391417
test_05491,0.45046631
test_05492,0.00000003
test_05493,0.00000064
test_05494,0.92131639
test_05495,0.99999321
test_05496,0.96955341
test_05497,0.00000010
test_05498,0.00004223
test_05499,0.01603978
test_05500,0.99715120
test_05501,0.96480048
test_05502,0.00000004
test_05503,0.00038574
test_05504,0.99995947
test_05505,0.61197770
test_05506,0.36916855
test_05507,0.00050933
test_05508,1.00000000
test_05509,0.00018826
test_05510,1.00000000
test_05511,0.87075245
test_05512,0.05598748
test_05513,0.00017947
test_05514,0.00000016
test_05515,0.00382077
test_05516,0.00100066
test_05517,0.06188728
test_05518,0.00002798
test_05519,0.66138762
test_05520,0.79949147
test_05521,0.92600387
test_05522,0.00000005
test_05523,0.94160658
test_05524,0.65716588
test_05525,0.00026251
test_05526,0.00025409
test_05527,0.95181656
test_05528,0.00000001
test_05529,0.99959975
test_05530,0.00000511
test_05531,0.00062719
test_05532,0.66645777
test_05533,0.80451578
test_05534,0.99966133
test_05535,0.99869776
test_05536,0.99368405
test_05537,0.99436522
test_05538,0.00001221
test_05539,0.72523230
test_05540,0.98678207
test_05541,0.71793139
test_05542,0.51470852
test_05543,0.00000008
test_05544,1.00000000
test_05545,0.01118927
test_05546,0.00002993
test_05547,0.01349218
test_05548,0.60475248
test_05549,0.09303387
test_05550,0.00000000
test_05551,0.98333317
test_05552,0.67338949
test_05553,0.99999297
test_05554,0.97033501
test_05555,1.00000000
test_05556,0.99991071
test_05557,0.97264117
test_05558,0.15161814
test_05559,0.00000006
test_05560,0.99965274
test_05561,0.01535843
test_05562,0.93029153
test_05563,0.13810955
test_05564,0.97443318
test_05565,0.63204360
test_05566,0.00001117
test_05567,0.99785501
test_05568,0.99795449
test_05569,0.46220884
test_05570,0.00000005
test_05571,1.00000000
test_05572,0.99999952
test_05573,0.99973387
test_05574,0.21434313
test_05575,0.99898189
test_05576,0.01814542
test_05577,0.98536563
test_05578,0.99534130
test_05579,0.00000000
test_05580,0.00892836
test_05581,0.15482928
test_05582,0.99998319
test_05583,0.00004650
test_05584,0.99999940
test_05585,0.04891731
test_05586,0.38093078
test_05587,0.00000134
test_05588,0.99990332
test_05589,0.00000000
test_05590,0.99937433
test_05591,0.70656246
test_05592,0.00000450
test_05593,1.00000000
test_05594,0.07068321
test_05595,1.00000000
test_05596,0.98892921
test_05597,0.00000103
test_05598,0.99919790
test_05599,0.59794348
test_05600,1.00000000
test_05601,1.00000000
test_05602,0.00729318
test_05603,0.13230571
test_05604,0.99982798
test_05605,0.98018599
test_05606,0.00000005
test_05607,0.42590639
test_05608,0.00084161
test_05609,0.00007800
test_05610,0.96596140
test_05611,0.00302652
test_05612,0.99909317
test_05613,0.00017452
test_05614,0.87822098
test_05615,0.99999988
test_05616,0.00039707
test_05617,0.60937786
test_05618,0.00000005
test_05619,0.98743767
test_05620,0.01662820
test_05621,0.08853368
test_05622,0.99991417
test_05623,0.35445741
test_05624,0.00447287
test_05625,0.01539438
test_05626,0.99999988
test_05627,0.00000000
test_05628,0.04482401
test_05629,0.00001346
test_05630,0.00000000
test_05631,0.00000017
test_05632,1.00000000
test_05633,1.00000000
test_05634,0.99999237
test_05635,0.00000069
test_05636,0.99999988
test_05637,0.66252351
test_05638,0.13924257
test_05639,0.00876894
test_05640,0.99993205
test_05641,0.00036687
test_05642,1.00000000
test_05643,0.01208955
test_05644,0.64270723
test_05645,0.99973208
test_05646,0.92047811
test_05647,0.59289992
test_05648,0.00000016
test_05649,0.00005061
test_05650,1.00000000
test_05651,0.00700318
test_05652,0.32264411
test_05653,0.93635857
test_05654,0.98662299
test_05655,0.94984937
test_05656,0.07807477
test_05657,0.00003654
test_05658,0.00000000
test_05659,0.99999976
test_05660,0.99998116
test_05661,0.02240496
test_05662,1.00000000
test_05663,0.94172049
test_05664,0.99999988
test_05665,0.06978148
test_05666,0.00001456
test_05667,0.00000001
test_05668,0.44184852
test_05669,0.99968016
test_05670,0.99681169
test_05671,0.88430882
test_05672,1.00000000
test_05673,0.00016801
test_05674,0.00063643
test_05675,0.99998713
test_05676,0.00000002
test_05677,0.00000940
test_05678,0.00000000
test_05679,0.88221544
test_05680,0.00000001
test_05681,0.00000000
test_05682,1.00000000
test_05683,0.00676676
test_05684,0.00009628
test_05685,0.00093315
test_05686,0.97874010
test_05687,0.00019142
test_05688,0.30045611
test_05689,0.99999988
test_05690,0.00071777
test_05691,0.99999917
test_05692,0.97336006
test_05693,0.93627322
test_05694,0.84168667
test_05695,0.05442563
test_05696,0.99998057
test_05697,0.98670632
test_05698,0.00001604
test_05699,0.99725217
test_05700,1.00000000
test_05701,0.99990511
test_05702,0.00017795
test_05703,0.99999964
test_05704,0.99999785
test_05705,0.00053967
test_05706,0.00023822
test_05707,1.00000000
test_05708,0.08786878
test_05709,0.22864248
test_05710,0.97958690
test_05711,0.00019794
test_05712,0.97572440
test_05713,0.58156598
test_05714,0.99968779
test_05715,0.02709477
test_05716,0.54450983
test_05717,0.06139059
test_05718,0.98079485
test_05719,0.00003542
test_05720,0.00002837
test_05721,0.99948043
test_05722,0.01893969
test_05723,0.00000000
test_05724,0.99907172
test_05725,0.00055810
test_05726,0.00000114
test_05727,0.98154527
test_05728,0.98705506
test_05729,0.00000000
test_05730,0.99999774
test_05731,1.00000000
test_05732,0.00095694
test_05733,0.87010580
test_05734,0.02479606
test_05735,0.22602737
test_05736,0.11098289
test_05737,0.20361264
test_05738,0.13465112
test_05739,0.00800212
test_05740,0.14398330
test_05741,0.00035759
test_05742,0.00009306
test_05743,0.10120136
test_05744,0.99976474
test_05745,0.17440519
test_05746,0.23562998
test_05747,0.99808300
test_05748,0.00245990
test_05749,0.99999905
test_05750,0.00135224
test_05751,0.00001234
test_05752,0.00275229
test_05753,0.00007493
test_05754,0.44927117
test_05755,0.99999917
test_05756,0.15334623
test_05757,0.56892145
test_05758,0.00071794
test_05759,0.31880808
test_05760,0.99988103
test_05761,0.99856538
test_05762,0.00109780
test_05763,0.97234660
test_05764,0.99927741
test_05765,0.98494357
test_05766,0.09178691
test_05767,0.00003704
test_05768,0.00080373
test_05769,0.00002186
test_05770,0.99998987
test_05771,0.94481170
test_05772,0.00063558
test_05773,0.99998760
test_05774,0.71480727
test_05775,0.96493083
test_05776,0.00000001
test_05777,0.40652022
test_05778,0.91732544
test_05779,0.99882740
test_05780,0.81490886
test_05781,0.59944934
test_05782,0.99993503
test_05783,0.97807133
test_05784,0.13247120
test_05785,0.99632144
test_05786,0.99998856
test_05787,0.98510158
test_05788,0.95101190
test_05789,0.63779187
test_05790,0.40004402
test_05791,0.14917578
test_05792,0.14566016
test_05793,1.00000000
test_05794,0.89187539
test_05795,0.95892149
test_05796,0.99992049
test_05797,0.99999952
test_05798,0.99961770
test_05799,0.99965274
test_05800,0.99919504
test_05801,0.86341327
test_05802,0.01442681
test_05803,0.99997413
test_05804,0.99999988
test_05805,0.72824889
test_05806,0.00000226
test_05807,0.00004778
test_05808,0.99722135
test_05809,0.19411476
test_05810,0.99999988
test_05811,0.16212995
test_05812,0.99855846
test_05813,0.99999988
test_05814,0.99956352
test_05815,0.97981685
test_05816,0.00000250
test_05817,0.99516273
test_05818,1.00000000
test_05819,0.99924254
test_05820,0.00007325
test_05821,0.00421426
test_05822,0.00215191
test_05823,0.00181744
test_05824,0.00005043
test_05825,0.00000037
test_05826,0.98635894
test_05827,0.00000002
test_05828,0.01428359
test_05829,0.00173756
test_05830,0.00000085
test_05831,0.00055533
test_05832,0.01955956
test_05833,0.26912460
test_05834,0.17017308
test_05835,0.99999952
test_05836,0.99995160
test_05837,0.00000019
test_05838,0.07667060
test_05839,0.99920928
test_05840,0.99974185
test_05841,0.37167901
test_05842,0.00000277
test_05843,0.92796206
test_05844,0.00144679
test_05845,0.00000147
test_05846,0.94194955
test_05847,0.99237132
test_05848,0.11564711
test_05849,0.00000007
test_05850,0.00767889
test_05851,0.65124232
test_05852,0.99920017
test_05853,0.92376649
test_05854,0.98272818
test_05855,0.49149254
test_05856,0.99999964
test_05857,0.99998236
test_05858,0.29438841
test_05859,0.02147016
test_05860,0.00278180
test_05861,0.00000000
test_05862,0.00123522
test_05863,0.00001696
test_05864,0.54219866
test_05865,0.23419280
test_05866,0.65630752
test_05867,0.99989223
test_05868,0.85656631
test_05869,0.50465405
test_05870,0.01308382
test_05871,0.99979538
test_05872,0.94049257
test_05873,0.00787410
test_05874,0.27633521
test_05875,0.00070886
test_05876,0.00000000
test_05877,0.95804024
test_05878,0.99999619
test_05879,1.00000000
test_05880,0.99986899
test_05881,1.00000000
test_05882,0.99992490
test_05883,1.00000000
test_05884,0.99995840
test_05885,0.00294031
test_05886,0.50471509
test_05887,0.00000428
test_05888,0.00002295
test_05889,0.00072436
test_05890,0.00000000
test_05891,0.00204270
test_05892,0.99968898
test_05893,0.00000470
test_05894,0.99997234
test_05895,0.00000060
test_05896,0.99999523
test_05897,1.00000000
test_05898,0.00000000
test_05899,1.00000000
test_05900,0.77107263
test_05901,0.72819418
test_05902,0.99728489
test_05903,0.00010406
test_05904,0.00075274
test_05905,0.00000010
test_05906,0.00479280
test_05907,0.00816771
test_05908,0.00062637
test_05909,0.15474938
test_05910,0.99999940
test_05911,0.00000000
test_05912,0.00000050
test_05913,0.00435133
test_05914,0.00000001
test_05915,0.99828172
test_05916,0.02663882
test_05917,0.00034325
test_05918,0.68974370
test_05919,0.94352531
test_05920,0.00418292
test_05921,1.00000000
test_05922,0.99997365
test_05923,0.99999833
test_05924,0.00021913
test_05925,0.00000083
test_05926,0.00053233
test_05927,0.00009383
test_05928,1.00000000
test_05929,0.00000000
test_05930,0.00776161
test_05931,0.99995124
test_05932,0.00000492
test_05933,0.09429861
test_05934,0.00000081
test_05935,0.00047349
test_05936,0.99991405
test_05937,0.00661321
test_05938,0.99982041
test_05939,0.00000001
test_05940,0.04255231
test_05941,1.00000000
test_05942,0.00000000
test_05943,0.99999964
test_05944,0.99998486
test_05945,0.02619817
test_05946,0.01564479
test_05947,1.00000000
test_05948,0.99989080
test_05949,0.99995553
test_05950,0.00042903
test_05951,0.00056801
test_05952,0.00000041
test_05953,1.00000000
test_05954,0.00000371
test_05955,0.99999845
test_05956,0.04442536
test_05957,0.00000001
test_05958,0.00000072
test_05959,0.99999762
test_05960,0.00226481
test_05961,0.97900647
test_05962,1.00000000
test_05963,1.00000000
test_05964,0.03766684
test_05965,0.00000001
test_05966,0.00262257
test_05967,0.75774634
test_05968,0.99999833
test_05969,0.00000797
test_05970,0.99261582
test_05971,0.01844993
test_05972,0.70414013
test_05973,0.00089098
test_05974,0.00038247
test_05975,0.99999750
test_05976,0.26064104
test_05977,0.99999917
test_05978,0.47324219
test_05979,0.00000239
test_05980,0.00177777
test_05981,0.90283448
test_05982,0.99994648
test_05983,0.00000002
test_05984,0.74692541
test_05985,0.00070334
test_05986,0.94153690
test_05987,0.99999976
test_05988,0.99995339
test_05989,0.99496412
test_05990,1.00000000
test_05991,0.94781131
test_05992,0.99749559
test_05993,0.99998069
test_05994,0.00714374
test_05995,0.46773592
test_05996,0.70578313
test_05997,0.92770088
test_05998,0.00418132
test_05999,0.09223786
test_06000,1.00000000
test_06001,0.99999821
test_06002,0.92201728
test_06003,0.99999917
test_06004,0.00000000
test_06005,1.00000000
test_06006,1.00000000
test_06007,0.00066453
test_06008,0.00077656
test_06009,0.00178660
test_06010,0.99989569
test_06011,0.13444363
test_06012,0.95767045
test_06013,0.26719540
test_06014,0.00001273
test_06015,0.00000000
test_06016,0.05566780
test_06017,0.74229860
test_06018,0.00000737
test_06019,0.99981564
test_06020,0.00017093
test_06021,0.33199704
test_06022,0.00000530
test_06023,0.01702764
test_06024,0.92606366
test_06025,0.99242824
test_06026,0.19335237
test_06027,0.83486921
test_06028,0.00000000
test_06029,0.10694472
test_06030,0.99688560
test_06031,0.00079625
test_06032,0.00000752
test_06033,0.00000631
test_06034,0.93977106
test_06035,0.00000021
test_06036,0.96526784
test_06037,0.00329350
test_06038,0.16919474
test_06039,0.00608981
test_06040,0.99007308
test_06041,0.41904613
test_06042,0.79271048
test_06043,0.00263667
test_06044,1.00000000
test_06045,0.64261526
test_06046,0.24566256
test_06047,0.00000164
test_06048,0.99975675
test_06049,0.06262226
test_06050,0.00006525
test_06051,0.01630644
test_06052,0.99998820
test_06053,0.00156560
test_06054,0.04797425
test_06055,0.00000354
test_06056,0.99999988
test_06057,0.99994326
test_06058,0.99999988
test_06059,1.00000000
test_06060,0.99993479
test_06061,0.00000000
test_06062,0.98124713
test_06063,0.99980766
test_06064,0.99526381
test_06065,0.96950197
test_06066,0.78611815
test_06067,0.54205471
test_06068,0.99999988
test_06069,0.99983668
test_06070,0.00707103
test_06071,0.00254487
test_06072,1.00000000
test_06073,0.88178271
test_06074,0.13571088
test_06075,0.00000007
test_06076,1.00000000
test_06077,0.99231929
test_06078,0.99886727
test_06079,0.99955899
test_06080,0.99991119
test_06081,0.97392243
test_06082,0.70349336
test_06083,0.03474433
test_06084,0.00128817
test_06085,1.00000000
test_06086,0.00000562
test_06087,0.99995697
test_06088,0.00000151
test_06089,0.99789977
test_06090,0.99237835
test_06091,0.99999845
test_06092,0.00000011
test_06093,0.75383663
test_06094,1.00000000
test_06095,0.84051770
test_06096,0.99980396
test_06097,0.00092043
test_06098,0.02237495
test_06099,0.00000185
test_06100,0.00001554
test_06101,0.00078863
test_06102,0.01353375
test_06103,1.00000000
test_06104,0.99998987
test_06105,1.00000000
test_06106,0.99998140
test_06107,0.54400527
test_06108,0.83309156
test_06109,0.09488277
test_06110,0.53390074
test_06111,0.00000002
test_06112,0.23698545
test_06113,0.00000028
test_06114,0.00002847
test_06115,0.99975246
test_06116,0.99998140
test_06117,0.00411920
test_06118,0.62756389
test_06119,0.30823988
test_06120,0.32402378
test_06121,0.99988115
test_06122,0.11936520
test_06123,0.00919518
test_06124,0.81432915
test_06125,1.00000000
test_06126,0.03121226
test_06127,0.00101770
test_06128,0.93322891
test_06129,0.00014760
test_06130,0.80733579
test_06131,0.40381745
test_06132,0.99999928
test_06133,0.12557270
test_06134,0.00000008
test_06135,0.00002514
test_06136,0.99995089
test_06137,0.98795170
test_06138,0.98975742
test_06139,1.00000000
test_06140,0.13650499
test_06141,0.93164533
test_06142,0.95973468
test_06143,0.00039722
test_06144,0.92831707
test_06145,0.32528707
test_06146,0.00000126
test_06147,0.99999690
test_06148,0.00416569
test_06149,0.00000282
test_06150,0.00001996
test_06151,0.99918956
test_06152,0.00000157
test_06153,0.75862527
test_06154,0.00266281
test_06155,1.00000000
test_06156,0.00000744
test_06157,0.00187589
test_06158,0.26674974
test_06159,0.09100101
test_06160,0.99999619
test_06161,0.00007494
test_06162,0.11060186
test_06163,0.99996614
test_06164,0.26012444
test_06165,0.00648036
test_06166,0.32833481
test_06167,0.88890493
test_06168,0.35145181
test_06169,1.00000000
test_06170,1.00000000
test_06171,0.00000000
test_06172,0.99632663
test_06173,0.99999714
test_06174,0.00000863
test_06175,0.00000000
test_06176,0.09818770
test_06177,1.00000000
test_06178,0.99999809
test_06179,0.99295616
test_06180,0.99999928
test_06181,0.00000007
test_06182,0.00000659
test_06183,0.99999464
test_06184,0.38604891
test_06185,0.27783108
test_06186,1.00000000
test_06187,0.00000245
test_06188,0.31987819
test_06189,0.37741134
test_06190,0.19223373
test_06191,0.00000003
test_06192,0.00000000
test_06193,0.34439746
test_06194,0.99990225
test_06195,0.29212669
test_06196,0.00000000
test_06197,0.99998951
test_06198,0.00000002
test_06199,0.99997497
test_06200,0.99999952
test_06201,0.99998260
test_06202,0.14534102
test_06203,0.95960832
test_06204,0.00735773
test_06205,0.99091727
test_06206,0.00000121
test_06207,0.97855544
test_06208,0.00058928
test_06209,0.00000441
test_06210,0.99993110
test_06211,0.00000000
test_06212,0.99998569
test_06213,0.00074034
test_06214,0.02659231
test_06215,0.99996746
test_06216,0.78320897
test_06217,0.07332890
test_06218,0.12249056
test_06219,0.02543674
test_06220,0.00000524
test_06221,0.00000006
test_06222,0.00000593
test_06223,0.63320142
test_06224,0.98783398
test_06225,0.99737418
test_06226,0.99957246
test_06227,0.00000005
test_06228,0.99742353
test_06229,0.00000000
test_06230,0.00001674
test_06231,0.00012939
test_06232,0.00754673
test_06233,0.00000057
test_06234,1.00000000
test_06235,0.00205523
test_06236,0.02523236
test_06237,0.90239501
test_06238,0.00000955
test_06239,0.99359256
test_06240,0.99430943
test_06241,0.96055758
test_06242,0.02150858
test_06243,0.99999988
test_06244,0.99915051
test_06245,0.89784223
test_06246,0.99676681
test_06247,0.99984193
test_06248,0.99998951
test_06249,0.99974638
test_06250,1.00000000
test_06251,0.00020817
test_06252,0.99924254
test_06253,0.73609167
test_06254,0.94833583
test_06255,0.00403666
test_06256,0.99984622
test_06257,0.99766183
test_06258,0.99943966
test_06259,0.01950933
test_06260,0.99999690
test_06261,0.00004221
test_06262,0.99929225
test_06263,0.04042710
test_06264,0.53498751
test_06265,0.94586885
test_06266,0.98860723
test_06267,0.99992037
test_06268,1.00000000
test_06269,0.00143477
test_06270,0.03566254
test_06271,0.98326886
test_06272,1.00000000
test_06273,0.99933845
test_06274,0.78574693
test_06275,0.44678941
test_06276,0.00004824
test_06277,0.99989426
test_06278,0.00087008
test_06279,0.00006836
test_06280,0.00166169
test_06281,0.99618286
test_06282,0.99995255
test_06283,0.00109018
test_06284,0.93255860
test_06285,0.21398176
test_06286,0.99758077
test_06287,0.00077105
test_06288,0.99953997
test_06289,0.89589089
test_06290,0.01617775
test_06291,0.00800595
test_06292,0.00000001
test_06293,0.00000005
test_06294,0.97470891
test_06295,0.00000274
test_06296,0.02410717
test_06297,0.99607170
test_06298,0.99998569
test_06299,0.99984181
test_06300,0.99920100
test_06301,0.00001983
test_06302,0.48736945
test_06303,0.01986858
test_06304,0.64805228
test_06305,0.80482507
test_06306,0.06018963
test_06307,0.00724364
test_06308,0.99999785
test_06309,0.99947137
test_06310,0.00000002
test_06311,0.00052854
test_06312,0.51219690
test_06313,0.87817907
test_06314,0.00594178
test_06315,0.14631882
test_06316,0.95609277
test_06317,0.75573438
test_06318,1.00000000
test_06319,0.98188603
test_06320,1.00000000
test_06321,0.84708816
test_06322,1.00000000
test_06323,0.33712205
test_06324,0.00005033
test_06325,1.00000000
test_06326,0.99999690
test_06327,0.00000302
test_06328,0.03142439
test_06329,0.52642101
test_06330,0.00000000
test_06331,0.00037878
test_06332,0.00001355
test_06333,0.40519550
test_06334,0.00396821
test_06335,0.99362552
test_06336,0.55264598
test_06337,0.88000286
test_06338,0.12337509
test_06339,0.99978012
test_06340,0.99999237
test_06341,0.00000009
test_06342,0.19847833
test_06343,0.19588766
test_06344,0.00000464
test_06345,0.66709995
test_06346,0.99999964
test_06347,0.00000066
test_06348,1.00000000
test_06349,0.66306651
test_06350,0.00007526
test_06351,0.99941778
test_06352,0.00001494
test_06353,0.00000000
test_06354,0.99495751
test_06355,0.00226742
test_06356,0.99999976
test_06357,0.00000916
test_06358,0.97186816
test_06359,0.99993682
test_06360,0.99999022
test_06361,0.92284000
test_06362,0.00000171
test_06363,0.13149388
test_06364,0.99673283
test_06365,0.00000004
test_06366,0.99619764
test_06367,0.78215021
test_06368,0.99999285
test_06369,0.99999988
test_06370,0.95228750
test_06371,0.03198230
test_06372,0.94737089
test_06373,0.99996614
test_06374,0.99999952
test_06375,0.05635738
test_06376,0.00000054
test_06377,0.54805547
test_06378,0.68282950
test_06379,0.00000083
test_06380,0.40923521
test_06381,0.00132146
test_06382,0.99999261
test_06383,0.99992323
test_06384,0.53965527
test_06385,0.00019557
test_06386,1.00000000
test_06387,0.99867165
test_06388,0.97900397
test_06389,0.09667039
test_06390,1.00000000
test_06391,0.00026510
test_06392,0.06389163
test_06393,0.00031338
test_06394,0.96825558
test_06395,0.06392794
test_06396,0.76207703
test_06397,0.00185688
test_06398,0.86308217
test_06399,0.09191980
test_06400,0.00000035
test_06401,0.91541016
test_06402,0.99999988
test_06403,0.07181638
test_06404,0.27892315
test_06405,0.00050703
test_06406,0.00000000
test_06407,0.13067670
test_06408,0.00000192
test_06409,0.99627519
test_06410,0.09354441
test_06411,0.99999976
test_06412,0.35011876
test_06413,0.09365850
test_06414,0.99048108
test_06415,0.40545186
test_06416,0.99987411
test_06417,0.99711776
test_06418,0.02200738
test_06419,0.97762817
test_06420,0.03658932
test_06421,0.99999142
test_06422,0.99700886
test_06423,0.98780429
test_06424,0.99964893
test_06425,0.47706559
test_06426,0.00000316
test_06427,0.03645797
test_06428,0.91176647
test_06429,0.00018211
test_06430,0.92786229
test_06431,0.96421689
test_06432,0.00000000
test_06433,0.99943203
test_06434,0.99999917
test_06435,0.99999940
test_06436,0.00000273
test_06437,0.01474148
test_06438,0.00000100
test_06439,0.99999857
test_06440,0.27014267
test_06441,0.99999630
test_06442,0.00849829
test_06443,0.00001995
test_06444,0.00000000
test_06445,0.00000080
test_06446,0.50935495
test_06447,0.34952304
test_06448,0.99997008
test_06449,0.00000000
test_06450,0.96229351
test_06451,0.99343538
test_06452,0.99999833
test_06453,0.00005412
test_06454,0.99558711
test_06455,1.00000000
test_06456,0.00000028
test_06457,0.46842185
test_06458,0.60900652
test_06459,0.99974889
test_06460,0.00071884
test_06461,0.00000000
test_06462,0.96979290
test_06463,0.99972838
test_06464,0.11361519
test_06465,0.48519483
test_06466,0.05316100
test_06467,0.01573350
test_06468,0.00000002
test_06469,0.99988604
test_06470,0.99999964
test_06471,0.00001086
test_06472,0.07329758
test_06473,1.00000000
test_06474,0.00008325
test_06475,0.96131766
test_06476,0.00000976
test_06477,0.00003841
test_06478,0.92535460
test_06479,0.99418855
test_06480,0.99998879
test_06481,0.90738410
test_06482,1.00000000
test_06483,0.00015339
test_06484,0.00000000
test_06485,0.99395293
test_06486,0.99999988
test_06487,0.01211556
test_06488,0.99899715
test_06489,0.00000011
test_06490,0.99999952
test_06491,0.01627577
test_06492,0.98351824
test_06493,0.00004461
test_06494,0.64368278
test_06495,0.00003302
test_06496,0.00002113
test_06497,0.12302500
test_06498,0.99999833
test_06499,0.00017951
test_06500,0.27084604
test_06501,0.00006632
test_06502,0.99747556
test_06503,0.25884777
test_06504,0.01067692
test_06505,0.00000112
test_06506,0.06934140
test_06507,0.94201648
test_06508,0.99999428
test_06509,0.00010385
test_06510,0.99806756
test_06511,0.18654877
test_06512,1.00000000
test_06513,0.99996722
test_06514,0.00001711
test_06515,0.13748676
test_06516,1.00000000
test_06517,1.00000000
test_06518,0.23312241
test_06519,0.00012732
test_06520,0.00000000
test_06521,0.99979430
test_06522,0.99998200
test_06523,0.99999988
test_06524,0.24476492
test_06525,0.00385647
test_06526,0.99980301
test_06527,0.00002319
test_06528,0.95145124
test_06529,0.36449018
test_06530,0.00009342
test_06531,0.99997604
test_06532,0.99934334
test_06533,0.96530336
test_06534,0.99949932
test_06535,0.14109267
test_06536,0.62093884
test_06537,0.00000003
test_06538,0.98397303
test_06539,0.24872108
test_06540,0.01061704
test_06541,0.69629765
test_06542,0.00008099
test_06543,0.00825916
test_06544,0.99999988
test_06545,0.63457727
test_06546,0.00058170
test_06547,0.76557535
test_06548,0.99997306
test_06549,0.50869429
test_06550,0.99999940
test_06551,0.00002174
test_06552,0.85281938
test_06553,0.99485707
test_06554,0.16610996
test_06555,0.02460199
test_06556,0.99999881
test_06557,0.83497041
test_06558,0.97397012
test_06559,0.00014170
test_06560,0.00755417
test_06561,0.92572170
test_06562,0.47996053
test_06563,0.26921055
test_06564,0.99980468
test_06565,0.97066027
test_06566,0.83897626
test_06567,0.04149234
test_06568,0.00290310
test_06569,0.84414363
test_06570,0.00002350
test_06571,0.04384057
test_06572,0.00063319
test_06573,0.06780965
test_06574,0.03730254
test_06575,0.00051711
test_06576,0.00407273
test_06577,0.00932985
test_06578,0.99841607
test_06579,0.07872295
test_06580,0.99561357
test_06581,0.00000855
test_06582,1.00000000
test_06583,0.00000442
test_06584,0.07846776
test_06585,0.50940353
test_06586,0.00014083
test_06587,1.00000000
test_06588,0.49718189
test_06589,0.98737228
test_06590,0.00000330
test_06591,0.00000192
test_06592,0.99704993
test_06593,0.84736973
test_06594,0.99090415
test_06595,0.47027177
test_06596,0.34323689
test_06597,0.41557041
test_06598,0.00000154
test_06599,0.00000000
test_06600,0.00030299
test_06601,0.00005234
test_06602,0.01520465
test_06603,0.00000126
test_06604,0.02691298
test_06605,0.01111525
test_06606,0.97339320
test_06607,0.00000000
test_06608,1.00000000
test_06609,0.33964077
test_06610,0.00426319
test_06611,0.99663925
test_06612,0.00000600
test_06613,0.00000001
test_06614,0.00000000
test_06615,0.00000018
test_06616,0.99793977
test_06617,0.87774867
test_06618,0.77925032
test_06619,0.00448583
test_06620,0.95144975
test_06621,0.00000005
test_06622,0.00022149
test_06623,0.00392161
test_06624,0.99999964
test_06625,0.99997473
test_06626,0.00000000
test_06627,0.00028667
test_06628,0.91823727
test_06629,0.00000000
test_06630,0.00077740
test_06631,0.00008541
test_06632,0.00009011
test_06633,0.00342083
test_06634,0.99011034
test_06635,0.00465965
test_06636,0.87783778
test_06637,0.00000458
test_06638,0.02501709
test_06639,0.97710741
test_06640,0.99972636
test_06641,0.00002310
test_06642,0.45655608
test_06643,0.95482039
test_06644,0.99999940
test_06645,0.30709514
test_06646,0.99609667
test_06647,0.98883224
test_06648,0.00023322
test_06649,0.43613309
test_06650,0.00000000
test_06651,0.00841513
test_06652,0.00000004
test_06653,0.99999368
test_06654,0.00000434
test_06655,0.00000000
test_06656,0.99997568
test_06657,0.99905390
test_06658,0.00000007
test_06659,0.99998033
test_06660,0.94228393
test_06661,0.02365365
test_06662,0.01856570
test_06663,0.00000003
test_06664,0.00002574
test_06665,0.00141471
test_06666,0.06181815
test_06667,0.99948102
test_06668,0.44787818
test_06669,0.00193333
test_06670,0.19351928
test_06671,0.92328304
test_06672,0.00038462
test_06673,0.00003490
test_06674,0.99616301
test_06675,0.83367592
test_06676,0.96637481
test_06677,1.00000000
test_06678,0.99935836
test_06679,0.00000028
test_06680,0.00014289
test_06681,0.00253547
test_06682,0.03900267
test_06683,0.99216330
test_06684,0.13105249
test_06685,0.86602497
test_06686,0.99971300
test_06687,0.19579563
test_06688,0.00225291
test_06689,0.00031800
test_06690,0.60288751
test_06691,0.00008468
test_06692,0.89724284
test_06693,0.84030640
test_06694,0.99730837
test_06695,0.00000002
test_06696,0.99999404
test_06697,0.99999797
test_06698,0.01466723
test_06699,0.10488170
test_06700,1.00000000
test_06701,0.99996746
test_06702,0.99999964
test_06703,0.00003874
test_06704,0.99999619
test_06705,0.99968767
test_06706,0.46855748
test_06707,0.00004815
test_06708,1.00000000
test_06709,0.99972564
test_06710,0.87125880
test_06711,0.99995434
test_06712,0.00068804
test_06713,0.99999821
test_06714,0.43015793
test_06715,0.00420317
test_06716,0.99522841
test_06717,0.99999964
test_06718,0.99686664
test_06719,0.84359252
test_06720,0.99999988
test_06721,0.00098022
test_06722,0.96957701
test_06723,0.13485694
test_06724,0.00000000
test_06725,0.02263094
test_06726,0.92072415
test_06727,0.99927551
test_06728,0.00000009
test_06729,0.00000000
test_06730,0.00011481
test_06731,0.15638693
test_06732,0.00224474
test_06733,0.99999988
test_06734,0.00003669
test_06735,0.91272646
test_06736,0.99999845
test_06737,1.00000000
test_06738,0.99999988
test_06739,0.99999881
test_06740,0.99995112
test_06741,0.96754318
test_06742,1.00000000
test_06743,0.99981636
test_06744,0.28946245
test_06745,0.00000000
test_06746,0.99464142
test_06747,1.00000000
test_06748,0.13020885
test_06749,0.99999964
test_06750,0.99999321
test_06751,0.00324795
test_06752,0.00000000
test_06753,0.00023786
test_06754,0.00001347
test_06755,0.99824178
test_06756,0.05096957
test_06757,1.00000000
test_06758,0.00000015
test_06759,0.05272395
test_06760,0.00008272
test_06761,0.99981183
test_06762,0.99999738
test_06763,0.24039432
test_06764,0.93678552
test_06765,1.00000000
test_06766,0.00091849
test_06767,0.00000001
test_06768,1.00000000
test_06769,0.00000012
test_06770,0.66926730
test_06771,0.99999464
test_06772,0.00000172
test_06773,0.96231115
test_06774,0.35212281
test_06775,0.00015573
test_06776,0.99971217
test_06777,0.99882537
test_06778,0.00000009
test_06779,0.68748856
test_06780,0.99999738
test_06781,0.99876970
test_06782,0.97202998
test_06783,0.06119098
test_06784,0.00065401
test_06785,0.99971050
test_06786,0.99821728
test_06787,0.18609321
test_06788,0.00000029
test_06789,0.92974538
test_06790,0.99999905
test_06791,0.98699826
test_06792,0.99987698
test_06793,0.00035531
test_06794,0.99930060
test_06795,0.00000003
test_06796,0.99993873
test_06797,0.99996579
test_06798,0.95684147
test_06799,0.68097126
test_06800,0.00000000
test_06801,0.15094408
test_06802,0.00001138
test_06803,0.00988529
test_06804,0.85803479
test_06805,0.00954746
test_06806,0.99971980
test_06807,0.99999988
test_06808,0.99412137
test_06809,0.98824430
test_06810,0.89055616
test_06811,0.96683329
test_06812,0.00006605
test_06813,0.99882787
test_06814,1.00000000
test_06815,1.00000000
test_06816,1.00000000
test_06817,0.18770289
test_06818,0.99999988
test_06819,0.76343787
test_06820,0.01696221
test_06821,0.99256837
test_06822,0.02368530
test_06823,0.00013118
test_06824,0.99115610
test_06825,0.00193732
test_06826,0.00232513
test_06827,0.00585828
test_06828,0.99999702
test_06829,1.00000000
test_06830,0.00008870
test_06831,0.99993742
test_06832,0.00000000
test_06833,0.00097868
test_06834,0.00013464
test_06835,0.00000000
test_06836,0.00000005
test_06837,0.00001390
test_06838,0.00000076
test_06839,0.03233314
test_06840,0.99976724
test_06841,0.00183523
test_06842,0.91185319
test_06843,0.49127224
test_06844,0.00000000
test_06845,0.00000000
test_06846,0.99645281
test_06847,0.92510724
test_06848,0.00759507
test_06849,0.99999440
test_06850,0.13928829
test_06851,0.85005587
test_06852,0.93730879
test_06853,0.00000003
test_06854,0.32677877
test_06855,0.00000004
test_06856,0.26362082
test_06857,0.93308067
test_06858,0.00008600
test_06859,0.97415888
test_06860,0.85226738
test_06861,0.00000245
test_06862,0.90937018
test_06863,0.86493289
test_06864,1.00000000
test_06865,0.00005992
test_06866,0.00823342
test_06867,0.03877283
test_06868,0.87705314
test_06869,0.17242345
test_06870,1.00000000
test_06871,0.58537006
test_06872,0.54259080
test_06873,0.01753173
test_06874,0.99922395
test_06875,0.94843525
test_06876,0.00000636
test_06877,1.00000000
test_06878,0.00000032
test_06879,0.83451670
test_06880,0.95695269
test_06881,0.99999738
test_06882,0.00005061
test_06883,0.97187966
test_06884,0.00000000
test_06885,0.00002068
test_06886,0.04092147
test_06887,0.97715753
test_06888,0.00188406
test_06889,0.37911719
test_06890,0.04964902
test_06891,0.00042053
test_06892,0.00007374
test_06893,0.95863169
test_06894,0.00026201
test_06895,0.12040351
test_06896,0.99999988
test_06897,0.02404122
test_06898,0.01186122
test_06899,0.00000000
test_06900,0.00000007
test_06901,0.96955240
test_06902,0.92069191
test_06903,0.99881303
test_06904,1.00000000
test_06905,1.00000000
test_06906,0.00056986
test_06907,1.00000000
test_06908,0.99997926
test_06909,0.00000233
test_06910,0.99992931
test_06911,0.99412102
test_06912,0.00000200
test_06913,0.00000016
test_06914,0.75343859
test_06915,0.72662908
test_06916,0.86372006
test_06917,0.00000017
test_06918,0.99988699
test_06919,0.99662554
test_06920,0.00012749
test_06921,0.99876583
test_06922,0.99999988
test_06923,0.95909137
test_06924,0.94498372
test_06925,0.00020761
test_06926,0.00030070
test_06927,0.00027599
test_06928,0.00000000
test_06929,0.05822516
test_06930,0.00000000
test_06931,0.00129859
test_06932,0.90015364
test_06933,0.99998903
test_06934,0.00002678
test_06935,0.00008857
test_06936,0.99997962
test_06937,0.24320857
test_06938,0.02711890
test_06939,0.00000000
test_06940,0.98872143
test_06941,0.73296905
test_06942,0.00000111
test_06943,0.15235683
test_06944,0.38320020
test_06945,0.00172281
test_06946,0.21889549
test_06947,0.41218254
test_06948,0.72852248
test_06949,0.99627656
test_06950,0.02245616
test_06951,0.01946500
test_06952,0.99987948
test_06953,0.00000328
test_06954,0.12274864
test_06955,1.00000000
test_06956,0.99935108
test_06957,0.79772985
test_06958,0.99999964
test_06959,0.00000000
test_06960,0.00000006
test_06961,0.96025157
test_06962,0.00002214
test_06963,0.44807571
test_06964,0.99995220
test_06965,0.00054097
test_06966,0.00000000
test_06967,0.41858518
test_06968,0.00000000
test_06969,0.00000001
test_06970,0.99999833
test_06971,0.99015218
test_06972,0.08389264
test_06973,0.99999225
test_06974,0.05577168
test_06975,0.99909115
test_06976,1.00000000
test_06977,0.77819657
test_06978,0.00000987
test_06979,0.00996556
test_06980,0.09653772
test_06981,0.99989069
test_06982,0.99999273
test_06983,0.00007724
test_06984,0.33418310
test_06985,0.00000019
test_06986,0.00521855
test_06987,0.00000191
test_06988,0.00000002
test_06989,0.00698356
test_06990,0.99929440
test_06991,0.99412149
test_06992,0.05409660
test_06993,0.00008299
test_06994,0.00000000
test_06995,0.00159806
test_06996,0.35623193
test_06997,0.97805834
test_06998,0.00000000
test_06999,0.99999738
test_07000,0.24299575
test_07001,0.01270088
test_07002,1.00000000
test_07003,0.99999976
test_07004,0.06811555
test_07005,0.30511481
test_07006,0.00125805
test_07007,0.00000144
test_07008,0.02018561
test_07009,0.99888092
test_07010,0.20104977
test_07011,0.99998748
test_07012,0.93177879
test_07013,0.81011695
test_07014,0.99995780
test_07015,0.92617124
test_07016,0.58560938
test_07017,0.64946336
test_07018,0.99644667
test_07019,0.91861880
test_07020,0.10440228
test_07021,0.99130881
test_07022,0.00000307
test_07023,0.97284442
test_07024,0.00000400
test_07025,1.00000000
test_07026,0.99999988
test_07027,0.00003134
test_07028,0.35394207
test_07029,0.98486114
test_07030,0.99829966
test_07031,0.00000007
test_07032,0.99743795
test_07033,0.99999869
test_07034,0.00203534
test_07035,0.00000886
test_07036,0.00000055
test_07037,0.00000000
test_07038,0.99999809
test_07039,0.00318203
test_07040,0.00000756
test_07041,0.99985158
test_07042,0.99857926
test_07043,0.32156250
test_07044,0.99999988
test_07045,0.13210003
test_07046,0.99574798
test_07047,1.00000000
test_07048,0.00000000
test_07049,0.00005595
test_07050,0.97318506
test_07051,0.00000000
test_07052,0.94352138
test_07053,0.00000048
test_07054,0.96349049
test_07055,0.99999940
test_07056,0.18059745
test_07057,0.01692264
test_07058,0.06534117
test_07059,0.09603937
test_07060,0.99944800
test_07061,0.99617898
test_07062,0.00000103
test_07063,0.00499894
test_07064,0.00000027
test_07065,0.42477414
test_07066,0.00553324
test_07067,0.99999928
test_07068,0.99952769
test_07069,0.99998856
test_07070,0.00055821
test_07071,0.00000062
test_07072,0.99999392
test_07073,0.47995904
test_07074,0.84913296
test_07075,0.99996531
test_07076,1.00000000
test_07077,0.02005245
test_07078,1.00000000
test_07079,0.99996591
test_07080,0.80007720
test_07081,0.41802987
test_07082,0.99960774
test_07083,0.00000000
test_07084,0.00071520
test_07085,0.83891863
test_07086,0.99967885
test_07087,0.05657923
test_07088,0.99941599
test_07089,0.01321397
test_07090,0.99999976
test_07091,0.09185035
test_07092,0.96886462
test_07093,0.82865959
test_07094,0.88176185
test_07095,0.00000000
test_07096,0.68992019
test_07097,0.00457288
test_07098,0.00000258
test_07099,0.00142479
test_07100,0.75358206
test_07101,0.99999988
test_07102,0.99700624
test_07103,1.00000000
test_07104,0.44354010
test_07105,0.00000001
test_07106,0.99139494
test_07107,0.00000006
test_07108,0.03006201
test_07109,0.45470524
test_07110,0.91761971
test_07111,0.00213795
test_07112,0.99999595
test_07113,0.00011840
test_07114,0.94853252
test_07115,0.53791898
test_07116,0.22771916
test_07117,0.01214035
test_07118,0.00306375
test_07119,0.02727610
test_07120,0.00000036
test_07121,0.02618443
test_07122,0.94893068
test_07123,0.55446547
test_07124,0.99968457
test_07125,0.99998116
test_07126,0.93968022
test_07127,1.00000000
test_07128,0.00000000
test_07129,0.00000000
test_07130,0.96230745
test_07131,0.98920476
test_07132,0.00000008
test_07133,0.12752181
test_07134,0.00000463
test_07135,0.00000553
test_07136,0.99999774
test_07137,0.00059013
test_07138,0.00000000
test_07139,0.00297171
test_07140,0.00014829
test_07141,0.00001697
test_07142,0.00844623
test_07143,0.07599787
test_07144,0.00418291
test_07145,0.00003194
test_07146,0.99769992
test_07147,0.36953011
test_07148,0.99864107
test_07149,0.00000777
test_07150,0.02520488
test_07151,0.76388824
test_07152,0.99632239
test_07153,0.99333715
test_07154,0.99098271
test_07155,0.12119552
test_07156,0.33470002
test_07157,1.00000000
test_07158,0.99638939
test_07159,0.01682639
test_07160,0.00001749
test_07161,0.00040277
test_07162,0.99989235
test_07163,0.81668216
test_07164,0.81926298
test_07165,0.07782971
test_07166,0.99999976
test_07167,0.00004395
test_07168,1.00000000
test_07169,0.00000042
test_07170,0.99999940
test_07171,1.00000000
test_07172,0.99928868
test_07173,1.00000000
test_07174,0.15232885
test_07175,0.99999738
test_07176,0.00014537
test_07177,0.00000004
test_07178,0.99338996
test_07179,0.38746926
test_07180,0.00025842
test_07181,0.22234689
test_07182,0.00009839
test_07183,0.14196357
test_07184,0.00778724
test_07185,0.99710613
test_07186,1.00000000
test_07187,0.00833924
test_07188,0.99652940
test_07189,0.00003371
test_07190,0.72276682
test_07191,0.00262770
test_07192,0.00000002
test_07193,0.00007421
test_07194,0.86484897
test_07195,0.71453249
test_07196,0.99998665
test_07197,0.00000122
test_07198,0.00161115
test_07199,0.00000000
test_07200,0.99999988
test_07201,0.00208989
test_07202,0.00018185
test_07203,0.99999785
test_07204,0.18999080
test_07205,0.00000001
test_07206,0.96456063
test_07207,0.99999988
test_07208,0.00001560
test_07209,0.06031623
test_07210,0.00002130
test_07211,0.00454520
test_07212,0.64693850
test_07213,0.92819864
test_07214,0.17493409
test_07215,0.98801804
test_07216,0.09903096
test_07217,0.00000014
test_07218,0.04313292
test_07219,1.00000000
test_07220,0.00000057
test_07221,0.35753286
test_07222,0.09190589
test_07223,0.99928528
test_07224,0.17017511
test_07225,0.38653713
test_07226,0.50094652
test_07227,1.00000000
test_07228,0.00000072
test_07229,0.00260347
test_07230,0.05876403
test_07231,0.01079140
test_07232,0.50159854
test_07233,1.00000000
test_07234,0.99999988
test_07235,0.97800773
test_07236,0.00000543
test_07237,0.99975425
test_07238,0.00003686
test_07239,0.14545335
test_07240,0.00194599
test_07241,0.00000223
test_07242,0.00084933
test_07243,0.00006750
test_07244,1.00000000
test_07245,0.53577363
test_07246,0.00767700
test_07247,0.99571395
test_07248,0.99994123
test_07249,0.00000363
test_07250,0.47430062
test_07251,0.00136240
test_07252,0.92541027
test_07253,0.00000959
test_07254,0.00167417
test_07255,0.57283765
test_07256,0.08301418
test_07257,0.66556436
test_07258,0.04053508
test_07259,0.51737106
test_07260,0.11942406
test_07261,0.00026379
test_07262,0.00000000
test_07263,0.99999583
test_07264,0.14082214
test_07265,0.99825591
test_07266,0.00000000
test_07267,0.00298404
test_07268,0.98165625
test_07269,0.99899107
test_07270,0.85893953
test_07271,0.36142737
test_07272,0.95466530
test_07273,0.74943948
test_07274,0.47602555
test_07275,0.02525699
test_07276,0.03471802
test_07277,1.00000000
test_07278,0.51009196
test_07279,0.00001025
test_07280,0.00000000
test_07281,0.00000010
test_07282,0.68227178
test_07283,0.00178356
test_07284,0.00013940
test_07285,0.99998403
test_07286,0.15242979
test_07287,0.99921322
test_07288,0.20483592
test_07289,0.00608737
test_07290,0.00000000
test_07291,0.48366681
test_07292,0.00061312
test_07293,0.00000000
test_07294,0.99996793
test_07295,0.52074903
test_07296,0.99985337
test_07297,0.95068783
test_07298,0.55079335
test_07299,0.29012099
test_07300,0.34206232
test_07301,0.99322599
test_07302,0.00010011
test_07303,1.00000000
test_07304,0.00021152
test_07305,0.99990141
test_07306,0.14576867
test_07307,0.00000008
test_07308,0.00000000
test_07309,0.00002534
test_07310,0.08525410
test_07311,0.00089720
test_07312,0.99734700
test_07313,0.00017587
test_07314,0.87859792
test_07315,0.87025470
test_07316,0.24345171
test_07317,0.99776864
test_07318,0.00000152
test_07319,0.97053659
test_07320,0.99999809
test_07321,0.00486254
test_07322,0.88146675
test_07323,0.00062768
test_07324,0.62349045
test_07325,0.07246795
test_07326,0.99999750
test_07327,0.99999762
test_07328,0.76380622
test_07329,0.00015024
test_07330,0.98340064
test_07331,0.00000051
test_07332,0.00002751
test_07333,0.08187713
test_07334,0.78673053
test_07335,0.78177381
test_07336,0.00279656
test_07337,0.86484390
test_07338,0.99665254
test_07339,0.08417902
test_07340,0.98591101
test_07341,0.28789246
test_07342,0.00470901
test_07343,0.99999833
test_07344,0.99830186
test_07345,0.00000001
test_07346,0.00648932
test_07347,0.02817599
test_07348,0.98980182
test_07349,0.00134114
test_07350,0.99999928
test_07351,0.00002065
test_07352,0.99636430
test_07353,0.99999738
test_07354,0.94509780
test_07355,1.00000000
test_07356,1.00000000
test_07357,0.94978678
test_07358,0.63582784
test_07359,0.32159254
test_07360,0.99999893
test_07361,0.98695660
test_07362,0.00045859
test_07363,1.00000000
test_07364,0.00002670
test_07365,0.39956930
test_07366,0.99999285
test_07367,0.99999952
test_07368,0.06292194
test_07369,0.53338277
test_07370,0.89953238
test_07371,0.00626218
test_07372,0.23526023
test_07373,0.99987686
test_07374,0.00079075
test_07375,0.49375919
test_07376,0.23415041
test_07377,0.00000004
test_07378,0.99808878
test_07379,0.00000012
test_07380,0.00210899
test_07381,0.06565589
test_07382,0.83240378
test_07383,0.97871906
test_07384,0.99999940
test_07385,0.01982830
test_07386,0.00971381
test_07387,0.00000051
test_07388,0.97271401
test_07389,0.11285951
test_07390,0.00004789
test_07391,1.00000000
test_07392,0.89648706
test_07393,0.29496157
test_07394,0.99997723
test_07395,0.99999964
test_07396,0.00001377
test_07397,1.00000000
test_07398,0.99997902
test_07399,0.95302790
test_07400,0.99370861
test_07401,0.02379324
test_07402,1.00000000
test_07403,0.09053200
test_07404,0.00000021
test_07405,0.99999785
test_07406,0.00792388
test_07407,0.00000593
test_07408,0.99803692
test_07409,0.98294902
test_07410,0.99999785
test_07411,0.00000000
test_07412,0.00000143
test_07413,0.74480265
test_07414,0.00000016
test_07415,0.99923253
test_07416,0.97319454
test_07417,0.00038926
test_07418,0.99999964
test_07419,0.00043003
test_07420,0.00000004
test_07421,0.75722438
test_07422,0.99999964
test_07423,0.99998081
test_07424,0.00001135
test_07425,0.87139368
test_07426,0.00002567
test_07427,0.31646916
test_07428,0.00023451
test_07429,0.68000835
test_07430,0.00000010
test_07431,0.99999857
test_07432,0.00000093
test_07433,0.77116066
test_07434,0.00000038
test_07435,0.00000000
test_07436,0.00000005
test_07437,0.99977297
test_07438,0.99733621
test_07439,0.19444479
test_07440,0.00000053
test_07441,0.00001202
test_07442,0.00007096
test_07443,0.99999893
test_07444,0.02579041
test_07445,0.00000011
test_07446,0.00000022
test_07447,0.00000001
test_07448,0.00275978
test_07449,0.99939716
test_07450,0.99282634
test_07451,0.98639709
test_07452,0.10395425
test_07453,0.00000835
test_07454,0.99999774
test_07455,0.03840860
test_07456,0.99999535
test_07457,0.27990431
test_07458,1.00000000
test_07459,0.99954969
test_07460,0.00025157
test_07461,0.43749419
test_07462,0.23158272
test_07463,0.00003599
test_07464,0.00001039
test_07465,0.99765944
test_07466,0.51922297
test_07467,0.92104346
test_07468,0.99778086
test_07469,0.55992228
test_07470,0.99999356
test_07471,0.19284679
test_07472,0.35127702
test_07473,0.00000000
test_07474,0.00000194
test_07475,0.50012708
test_07476,0.00268314
test_07477,0.00419536
test_07478,0.99999976
test_07479,0.99974769
test_07480,0.00462156
test_07481,0.97294408
test_07482,0.01200552
test_07483,0.46492776
test_07484,0.00025914
test_07485,0.98056430
test_07486,0.99994552
test_07487,0.00045076
test_07488,0.00000047
test_07489,0.99999952
test_07490,0.99959952
test_07491,0.00176867
test_07492,0.20420970
test_07493,0.88865471
test_07494,0.94380045
test_07495,0.99993658
test_07496,0.00216582
test_07497,0.00073676
test_07498,0.91392541
test_07499,0.00000001
test_07500,0.09173198
test_07501,0.00000000
test_07502,0.99998617
test_07503,0.00061989
test_07504,0.02293642
test_07505,0.93378729
test_07506,0.98907125
test_07507,0.03383740
test_07508,0.00000371
test_07509,0.99014717
test_07510,0.68264538
test_07511,0.99998188
test_07512,0.00000379
test_07513,0.99385816
test_07514,1.00000000
test_07515,0.68420154
test_07516,0.99717939
test_07517,1.00000000
test_07518,0.00001498
test_07519,0.15134211
test_07520,0.00000003
test_07521,0.00003112
test_07522,0.29869005
test_07523,0.00000000
test_07524,0.98802882
test_07525,0.88544166
test_07526,0.00001271
test_07527,0.81591880
test_07528,1.00000000
test_07529,0.09865221
test_07530,0.96441466
test_07531,0.42633203
test_07532,0.99416006
test_07533,0.05557019
test_07534,0.62336272
test_07535,0.07461371
test_07536,0.03975754
test_07537,0.08196203
test_07538,0.96873975
test_07539,0.99996245
test_07540,0.00324617
test_07541,0.00147383
test_07542,0.95491767
test_07543,0.02869112
test_07544,0.91155595
test_07545,0.77948529
test_07546,0.99999940
test_07547,0.90577620
test_07548,0.03373228
test_07549,0.99950266
test_07550,0.99998474
test_07551,0.99999964
test_07552,0.00000116
test_07553,0.99999237
test_07554,0.99999118
test_07555,0.00272792
test_07556,0.00469879
test_07557,1.00000000
test_07558,0.99996901
test_07559,0.69907093
test_07560,0.62814140
test_07561,0.00000104
test_07562,0.99997282
test_07563,0.88317621
test_07564,0.98012185
test_07565,0.03164886
test_07566,0.99567884
test_07567,0.00000000
test_07568,0.00096039
test_07569,0.00012980
test_07570,1.00000000
test_07571,0.34991592
test_07572,0.93440068
test_07573,1.00000000
test_07574,0.99902296
test_07575,0.01357095
test_07576,0.00000493
test_07577,0.00162299
test_07578,0.00016852
test_07579,0.00000021
test_07580,0.99874002
test_07581,0.00000000
test_07582,0.00000000
test_07583,0.74161243
test_07584,1.00000000
test_07585,0.98087651
test_07586,0.99994230
test_07587,0.95768261
test_07588,0.98096073
test_07589,0.90736288
test_07590,0.01086013
test_07591,0.99999928
test_07592,0.00000000
test_07593,0.99999738
test_07594,0.86506301
test_07595,0.00000000
test_07596,0.00006241
test_07597,0.94698352
test_07598,0.37837827
test_07599,0.99999475
test_07600,0.02005824
test_07601,0.00812523
test_07602,0.01601066
test_07603,1.00000000
test_07604,0.03645154
test_07605,0.00015523
test_07606,0.00000000
test_07607,0.00034480
test_07608,0.87529105
test_07609,1.00000000
test_07610,0.00005364
test_07611,0.70761573
test_07612,0.00000000
test_07613,0.51586819
test_07614,0.99991715
test_07615,0.91263813
test_07616,0.99999988
test_07617,0.12642428
test_07618,0.98701417
test_07619,0.00001326
test_07620,0.08930940
test_07621,0.00000087
test_07622,0.04473015
test_07623,0.99734432
test_07624,0.00000003
test_07625,0.00007099
test_07626,0.99944919
test_07627,0.40982559
test_07628,1.00000000
test_07629,0.04266134
test_07630,0.99975258
test_07631,0.00000914
test_07632,0.88544655
test_07633,0.03948157
test_07634,1.00000000
test_07635,0.99999917
test_07636,0.02263640
test_07637,0.55212533
test_07638,1.00000000
test_07639,0.00628939
test_07640,0.11998256
test_07641,0.98755556
test_07642,0.10920039
test_07643,0.99547344
test_07644,1.00000000
test_07645,0.00005436
test_07646,0.99234140
test_07647,1.00000000
test_07648,0.00000000
test_07649,0.10959814
test_07650,0.99994671
test_07651,0.96360826
test_07652,0.24548341
test_07653,0.99991703
test_07654,0.99892586
test_07655,0.11029197
test_07656,0.00000001
test_07657,0.99999571
test_07658,0.00000004
test_07659,1.00000000
test_07660,0.03386820
test_07661,0.99998701
test_07662,0.00018164
test_07663,0.21963207
test_07664,0.00000000
test_07665,0.03010676
test_07666,0.99996030
test_07667,0.58247852
test_07668,0.00000000
test_07669,1.00000000
test_07670,0.00000245
test_07671,0.00047012
test_07672,0.00000073
test_07673,0.00055794
test_07674,0.28781962
test_07675,0.00000018
test_07676,0.00010183
test_07677,0.00000010
test_07678,0.06686045
test_07679,0.97471708
test_07680,0.99221605
test_07681,0.00004124
test_07682,0.00006048
test_07683,0.99989092
test_07684,0.13707261
test_07685,0.00272867
test_07686,0.03026878
test_07687,0.10490178
test_07688,0.99709797
test_07689,0.90920246
test_07690,0.99691039
test_07691,0.03604733
test_07692,0.99596441
test_07693,0.97760040
test_07694,0.15379438
test_07695,0.33968151
test_07696,0.54189646
test_07697,0.96683151
test_07698,0.99999976
test_07699,0.00042131
test_07700,0.99764270
test_07701,0.00000001
test_07702,0.04138773
test_07703,0.99638724
test_07704,0.99948263
test_07705,0.02906368
test_07706,0.99803883
test_07707,0.67930692
test_07708,1.00000000
test_07709,0.99997127
test_07710,0.99784327
test_07711,0.99851507
test_07712,0.00008065
test_07713,0.00028063
test_07714,0.00000000
test_07715,0.66861820
test_07716,0.99999988
test_07717,0.00020641
test_07718,0.00000015
test_07719,0.00041795
test_07720,0.00009464
test_07721,0.00030260
test_07722,0.00000879
test_07723,0.00714005
test_07724,1.00000000
test_07725,0.92372775
test_07726,0.07617970
test_07727,0.00000805
test_07728,0.11773772
test_07729,0.99958152
test_07730,0.80688709
test_07731,0.00000000
test_07732,0.17094824
test_07733,0.99999881
test_07734,0.00546482
test_07735,0.95635003
test_07736,0.00094187
test_07737,0.95952082
test_07738,0.99563944
test_07739,0.00413320
test_07740,0.00031474
test_07741,0.00233957
test_07742,0.41180399
test_07743,0.99999845
test_07744,0.20113544
test_07745,0.87334448
test_07746,0.00425071
test_07747,0.00029354
test_07748,0.00608904
test_07749,0.99999976
test_07750,0.99970692
test_07751,0.41022065
test_07752,0.00000005
test_07753,0.49612868
test_07754,0.05187996
test_07755,0.00008342
test_07756,0.59602720
test_07757,0.00000852
test_07758,0.00014311
test_07759,0.51464456
test_07760,0.00000006
test_07761,0.99993169
test_07762,0.99890494
test_07763,0.99999988
test_07764,0.99985898
test_07765,0.00000019
test_07766,0.99999952
test_07767,0.00000000
test_07768,0.34332961
test_07769,0.00000003
test_07770,0.83589369
test_07771,0.97020972
test_07772,0.99998665
test_07773,0.99919921
test_07774,0.00639013
test_07775,0.92957640
test_07776,0.28537571
test_07777,0.99999988
test_07778,0.99980086
test_07779,0.99322683
test_07780,0.99999928
test_07781,0.00001964
test_07782,0.16986305
test_07783,0.32489067
test_07784,0.37040821
test_07785,0.02766630
test_07786,0.06012393
test_07787,1.00000000
test_07788,0.99963796
test_07789,0.86987406
test_07790,0.01811243
test_07791,0.14471567
test_07792,0.00053544
test_07793,0.00000000
test_07794,0.00319455
test_07795,0.18456991
test_07796,0.00000043
test_07797,0.00000000
test_07798,0.92504287
test_07799,1.00000000
test_07800,0.19929595
test_07801,0.00000015
test_07802,0.96189839
test_07803,0.99999011
test_07804,1.00000000
test_07805,0.00000004
test_07806,0.00166128
test_07807,0.88090968
test_07808,0.00000088
test_07809,0.00000560
test_07810,0.00003121
test_07811,0.81470466
test_07812,0.94950908
test_07813,0.99999869
test_07814,0.16998412
test_07815,0.00005935
test_07816,0.00004957
test_07817,1.00000000
test_07818,0.00000158
test_07819,0.22436538
test_07820,0.00000500
test_07821,0.95610589
test_07822,0.00026266
test_07823,0.00443124
test_07824,0.99992096
test_07825,0.99999619
test_07826,0.00013191
test_07827,0.75612748
test_07828,0.00002826
test_07829,0.56496572
test_07830,0.00004462
test_07831,1.00000000
test_07832,0.53019035
test_07833,0.32609358
test_07834,0.99998152
test_07835,0.79308218
test_07836,0.41685870
test_07837,0.00196970
test_07838,0.99999976
test_07839,0.99708372
test_07840,0.61689186
test_07841,0.00883219
test_07842,0.00023627
test_07843,0.00000019
test_07844,0.97882366
test_07845,1.00000000
test_07846,0.00152946
test_07847,0.67276019
test_07848,0.00000407
test_07849,0.99859375
test_07850,0.99997115
test_07851,0.98298800
test_07852,0.99434894
test_07853,0.00000000
test_07854,0.65512741
test_07855,0.00005847
test_07856,0.00191530
test_07857,0.00006036
test_07858,0.01454895
test_07859,0.99938953
test_07860,0.00001676
test_07861,0.00112749
test_07862,0.00000004
test_07863,0.00102948
test_07864,0.05454043
test_07865,0.16508482
test_07866,0.08904894
test_07867,0.00000020
test_07868,0.94285518
test_07869,0.42577159
test_07870,0.44028512
test_07871,0.99999988
test_07872,0.00154738
test_07873,0.00001187
test_07874,0.02947659
test_07875,0.00001269
test_07876,0.00001182
test_07877,0.07836521
test_07878,0.00001137
test_07879,0.00000000
test_07880,0.90766507
test_07881,0.41525477
test_07882,0.99980110
test_07883,0.99999166
test_07884,0.00058001
test_07885,0.92017502
test_07886,0.01570242
test_07887,0.99999881
test_07888,0.19779535
test_07889,0.99992728
test_07890,0.99873990
test_07891,0.09649538
test_07892,0.11729904
test_07893,0.99998522
test_07894,0.00000025
test_07895,0.91328973
test_07896,0.99992931
test_07897,0.00002319
test_07898,0.74853396
test_07899,0.99550760
test_07900,0.99928743
test_07901,0.99819058
test_07902,0.00000022
test_07903,0.00528291
test_07904,0.00010766
test_07905,0.00053860
test_07906,0.58786607
test_07907,0.44382554
test_07908,0.43899867
test_07909,0.99828690
test_07910,0.98097205
test_07911,0.98168808
test_07912,0.00408559
test_07913,0.07150000
test_07914,0.00000003
test_07915,0.00014144
test_07916,0.99999452
test_07917,0.00000005
test_07918,0.00000097
test_07919,0.00524699
test_07920,0.00000018
test_07921,0.99999988
test_07922,0.33507961
test_07923,0.99995458
test_07924,0.00572244
test_07925,0.01693615
test_07926,0.00980820
test_07927,0.97835982
test_07928,0.00000026
test_07929,0.00000105
test_07930,0.00000249
test_07931,0.00011418
test_07932,0.98643947
test_07933,0.99180615
test_07934,0.00008005
test_07935,0.97311413
test_07936,0.00007022
test_07937,0.01965050
test_07938,0.97227818
test_07939,0.00021146
test_07940,0.00063486
test_07941,0.98386544
test_07942,0.00000003
test_07943,0.96464843
test_07944,0.05535083
test_07945,0.00086923
test_07946,0.00000219
test_07947,1.00000000
test_07948,0.68300360
test_07949,0.99995124
test_07950,0.99515027
test_07951,0.00000000
test_07952,0.83809847
test_07953,0.00001714
test_07954,0.00000015
test_07955,0.00000000
test_07956,0.07392195
test_07957,0.04392980
test_07958,0.98324788
test_07959,0.99995255
test_07960,0.00000003
test_07961,0.99991333
test_07962,0.00032673
test_07963,0.99999833
test_07964,0.00000001
test_07965,0.00001838
test_07966,0.99884665
test_07967,0.99999726
test_07968,0.00000120
test_07969,0.30567655
test_07970,0.66311574
test_07971,0.02074589
test_07972,0.99977905
test_07973,0.00000025
test_07974,0.86738038
test_07975,0.00185623
test_07976,0.97925162
test_07977,0.05638171
test_07978,0.99470264
test_07979,0.00170171
test_07980,0.13501528
test_07981,0.00592136
test_07982,0.21289757
test_07983,0.35231450
test_07984,0.99938726
test_07985,1.00000000
test_07986,0.00064525
test_07987,0.00000008
test_07988,0.00010443
test_07989,0.00000083
test_07990,0.97974867
test_07991,0.97594917
test_07992,0.00097760
test_07993,0.99998939
test_07994,0.87871945
test_07995,0.99999964
test_07996,0.99451905
test_07997,0.99999201
test_07998,0.89953333
test_07999,0.99996948
test_08000,0.04830457
test_08001,0.00000000
test_08002,0.09851611
test_08003,0.99979240
test_08004,0.01353834
test_08005,1.00000000
test_08006,0.69546032
test_08007,0.00000002
test_08008,0.86393529
test_08009,0.13733798
test_08010,0.99779874
test_08011,0.94953942
test_08012,0.99999964
test_08013,0.00001260
test_08014,0.00476833
test_08015,0.00227726
test_08016,0.72555661
test_08017,0.96910131
test_08018,0.99945015
test_08019,0.99997735
test_08020,0.99978524
test_08021,0.52121043
test_08022,0.01742389
test_08023,0.21452378
test_08024,0.03781152
test_08025,0.26959199
test_08026,0.99927729
test_08027,0.02041942
test_08028,0.00068922
test_08029,0.99616987
test_08030,0.99062705
test_08031,0.00622317
test_08032,0.99330336
test_08033,0.00000006
test_08034,1.00000000
test_08035,0.00000000
test_08036,0.99611580
test_08037,0.00003585
test_08038,0.97844350
test_08039,0.99665338
test_08040,0.31401718
test_08041,0.94233686
test_08042,0.98219633
test_08043,0.11651094
test_08044,0.59144872
test_08045,0.19883369
test_08046,0.00354377
test_08047,0.00000004
test_08048,0.08003773
test_08049,0.99618906
test_08050,0.00026464
test_08051,0.77756387
test_08052,0.99999404
test_08053,0.00184566
test_08054,0.02178179
test_08055,0.99999762
test_08056,0.99999881
test_08057,0.00016142
test_08058,0.94488269
test_08059,0.39752051
test_08060,0.99999988
test_08061,0.94548184
test_08062,0.99406707
test_08063,0.60757726
test_08064,0.01303230
test_08065,1.00000000
test_08066,0.81169045
test_08067,0.99999988
test_08068,0.78553957
test_08069,0.99829441
test_08070,0.00002204
test_08071,0.89360332
test_08072,0.00000048
test_08073,0.99779117
test_08074,0.72323340
test_08075,0.85802573
test_08076,0.00000000
test_08077,0.27805999
test_08078,0.65865821
test_08079,0.00015114
test_08080,0.99642736
test_08081,0.00362745
test_08082,0.00005928
test_08083,0.99999988
test_08084,0.00000070
test_08085,0.12783657
test_08086,0.04350562
test_08087,0.96386051
test_08088,0.98669004
test_08089,0.23201390
test_08090,0.14947374
test_08091,0.99999380
test_08092,0.96513754
test_08093,0.31981587
test_08094,0.00073109
test_08095,0.94482011
test_08096,0.00000357
test_08097,0.99997830
test_08098,0.00596838
test_08099,0.01309767
test_08100,1.00000000
test_08101,0.00001642
test_08102,0.01847704
test_08103,0.99990213
test_08104,0.00002667
test_08105,0.99972016
test_08106,1.00000000
test_08107,0.81551629
test_08108,0.00001538
test_08109,0.00665899
test_08110,1.00000000
test_08111,0.00000000
test_08112,0.99999809
test_08113,0.00378248
test_08114,0.00000016
test_08115,0.00000015
test_08116,0.99999607
test_08117,0.18657720
test_08118,0.21375372
test_08119,0.07802827
test_08120,0.58265275
test_08121,0.00250583
test_08122,0.99315041
test_08123,0.33138171
test_08124,0.60276550
test_08125,0.99998844
test_08126,0.03987998
test_08127,0.01957974
test_08128,0.36959749
test_08129,0.51291865
test_08130,0.98883992
test_08131,0.99998009
test_08132,0.00000004
test_08133,0.45665270
test_08134,0.01937118
test_08135,0.10006165
test_08136,0.89549053
test_08137,0.00000044
test_08138,0.00000000
test_08139,0.99999917
test_08140,1.00000000
test_08141,0.99965024
test_08142,0.99971205
test_08143,0.99453306
test_08144,0.98759472
test_08145,0.00017233
test_08146,0.12193694
test_08147,0.00038833
test_08148,0.28595018
test_08149,0.00000015
test_08150,0.99453282
test_08151,0.08715139
test_08152,0.23882675
test_08153,0.78201044
test_08154,0.02018994
test_08155,0.00259601
test_08156,0.00000129
test_08157,0.04188123
test_08158,0.96911150
test_08159,0.99946135
test_08160,1.00000000
test_08161,0.98213607
test_08162,0.00253370
test_08163,0.99999952
test_08164,0.66673768
test_08165,0.42795047
test_08166,0.06471476
test_08167,0.00000097
test_08168,0.99999976
test_08169,0.98352414
test_08170,0.00025937
test_08171,1.00000000
test_08172,0.99927813
test_08173,0.00000257
test_08174,0.01289913
test_08175,0.47501493
test_08176,0.97700363
test_08177,0.99999583
test_08178,0.99966967
test_08179,0.99719393
test_08180,0.00000001
test_08181,0.03801223
test_08182,0.71066952
test_08183,0.99967420
test_08184,0.99889970
test_08185,0.99999952
test_08186,0.17715411
test_08187,0.99998140
test_08188,0.00000116
test_08189,0.00000115
test_08190,0.00073578
test_08191,0.91588920
test_08192,0.16016775
test_08193,0.99999964
test_08194,0.14494772
test_08195,0.00000001
test_08196,0.01418936
test_08197,0.99997818
test_08198,0.99635363
test_08199,0.00002463
test_08200,0.87956816
test_08201,0.00414920
test_08202,0.99984372
test_08203,0.96972835
test_08204,0.02826746
test_08205,0.99431413
test_08206,0.90492886
test_08207,0.89527857
test_08208,0.04867304
test_08209,0.41985562
test_08210,0.00034918
test_08211,0.00007773
test_08212,0.99982113
test_08213,0.99999070
test_08214,0.00003070
test_08215,0.00000000
test_08216,0.01304243
test_08217,0.99999988
test_08218,0.97260982
test_08219,0.08102017
test_08220,0.00000005
test_08221,0.00094247
test_08222,1.00000000
test_08223,0.00000449
test_08224,0.00056796
test_08225,0.00000000
test_08226,0.82213569
test_08227,0.99766016
test_08228,0.99361962
test_08229,0.00002918
test_08230,0.79663026
test_08231,0.00028479
test_08232,0.00459659
test_08233,0.00000001
test_08234,0.00003550
test_08235,0.00195384
test_08236,0.22529024
test_08237,0.99999952
test_08238,1.00000000
test_08239,0.99999952
test_08240,0.97138166
test_08241,0.99862075
test_08242,0.99933916
test_08243,0.00000889
test_08244,1.00000000
test_08245,0.30186844
test_08246,0.92399454
test_08247,0.00213973
test_08248,0.94178182
test_08249,0.05271848
test_08250,0.58330947
test_08251,0.92436790
test_08252,0.20588601
test_08253,0.00034526
test_08254,0.62242466
test_08255,0.01206420
test_08256,0.00000000
test_08257,0.00003818
test_08258,0.01187043
test_08259,0.99997747
test_08260,0.61106700
test_08261,1.00000000
test_08262,0.99322516
test_08263,1.00000000
test_08264,0.99962056
test_08265,0.99969983
test_08266,0.96032172
test_08267,0.00056381
test_08268,0.00404655
test_08269,0.99999928
test_08270,0.00001578
test_08271,0.99512982
test_08272,0.81813419
test_08273,0.91987038
test_08274,0.99999952
test_08275,0.59645426
test_08276,0.99997878
test_08277,0.00000000
test_08278,0.12279455
test_08279,0.57130587
test_08280,0.00270033
test_08281,0.96938479
test_08282,0.00095983
test_08283,0.99597400
test_08284,0.78281629
test_08285,0.99818808
test_08286,0.00304940
test_08287,0.88318175
test_08288,0.00000005
test_08289,0.00404279
test_08290,0.00000035
test_08291,0.82897496
test_08292,0.00000027
test_08293,0.96083319
test_08294,0.88644511
test_08295,0.99999726
test_08296,0.82152039
test_08297,0.99998176
test_08298,0.00006442
test_08299,0.00000000
test_08300,0.99998462
test_08301,0.99999809
test_08302,0.98158550
test_08303,0.52184922
test_08304,0.99995995
test_08305,0.05360132
test_08306,0.00000004
test_08307,0.97537655
test_08308,0.99802798
test_08309,0.00136763
test_08310,0.89620119
test_08311,0.00003389
test_08312,0.99824488
test_08313,0.99934226
test_08314,0.00000011
test_08315,0.99998236
test_08316,0.99994147
test_08317,0.47819856
test_08318,0.00017662
test_08319,1.00000000
test_08320,0.99984241
test_08321,0.21416399
test_08322,0.99999642
test_08323,0.99999857
test_08324,0.62743878
test_08325,0.99997532
test_08326,0.00131147
test_08327,0.86926293
test_08328,0.00074545
test_08329,0.99990642
test_08330,0.98762417
test_08331,0.99985313
test_08332,0.00073449
test_08333,0.04143363
test_08334,0.99983001
test_08335,0.48058569
test_08336,0.96563804
test_08337,0.17055646
test_08338,0.99947828
test_08339,0.00459505
test_08340,0.00000000
test_08341,0.86141258
test_08342,0.00000025
test_08343,0.45745277
test_08344,0.99868566
test_08345,0.99999940
test_08346,0.36565906
test_08347,0.00004907
test_08348,1.00000000
test_08349,0.00002013
test_08350,0.94601017
test_08351,0.99999011
test_08352,0.00000132
test_08353,0.99921703
test_08354,0.00000000
test_08355,0.23476282
test_08356,0.79333758
test_08357,0.00000086
test_08358,0.99226648
test_08359,0.85879689
test_08360,0.99991429
test_08361,0.99999118
test_08362,0.00000762
test_08363,0.99865097
test_08364,0.01060311
test_08365,0.01132839
test_08366,0.39345121
test_08367,0.99999464
test_08368,0.96870899
test_08369,0.00000009
test_08370,0.99999511
test_08371,0.00024314
test_08372,0.00000008
test_08373,0.99979562
test_08374,1.00000000
test_08375,0.67878467
test_08376,1.00000000
test_08377,0.97737271
test_08378,0.78656995
test_08379,0.99999535
test_08380,1.00000000
test_08381,0.01422091
test_08382,0.99419916
test_08383,0.00005996
test_08384,0.01181981
test_08385,0.00278824
test_08386,0.00000000
test_08387,0.00000344
test_08388,0.00000000
test_08389,0.91280979
test_08390,0.00000158
test_08391,0.00433709
test_08392,0.78623539
test_08393,1.00000000
test_08394,0.00000000
test_08395,0.11026632
test_08396,0.13319492
test_08397,0.00022314
test_08398,0.99999642
test_08399,0.00035995
test_08400,0.00000000
test_08401,0.33440271
test_08402,0.00000005
test_08403,0.08805785
test_08404,0.98720634
test_08405,0.00003949
test_08406,0.00018314
test_08407,0.99672109
test_08408,0.54278439
test_08409,0.90292990
test_08410,0.74171984
test_08411,1.00000000
test_08412,0.99968791
test_08413,0.00007977
test_08414,0.00034109
test_08415,0.00078469
test_08416,0.79293561
test_08417,0.99353480
test_08418,0.12185714
test_08419,0.02638153
test_08420,0.84617221
test_08421,0.04399484
test_08422,0.99520928
test_08423,0.99998200
test_08424,0.05419918
test_08425,0.02910394
test_08426,0.00000083
test_08427,0.99963164
test_08428,0.99999976
test_08429,0.09991816
test_08430,0.99895382
test_08431,0.00063553
test_08432,0.17755273
test_08433,0.04903507
test_08434,0.99457729
test_08435,0.00005312
test_08436,0.57004720
test_08437,0.00496667
test_08438,0.95885223
test_08439,0.02592058
test_08440,0.99389488
test_08441,0.91337407
test_08442,0.93789095
test_08443,0.04972740
test_08444,0.00365748
test_08445,0.99996459
test_08446,0.00000006
test_08447,0.14594680
test_08448,0.05808877
test_08449,0.98693907
test_08450,0.58503896
test_08451,0.64714819
test_08452,0.85371763
test_08453,0.01032573
test_08454,0.01259737
test_08455,0.94560963
test_08456,0.99977916
test_08457,0.99077672
test_08458,0.09590226
test_08459,0.99746358
test_08460,0.99999845
test_08461,0.00007471
test_08462,0.00037538
test_08463,0.99844080
test_08464,0.00572538
test_08465,1.00000000
test_08466,0.00000781
test_08467,0.99830508
test_08468,0.99999964
test_08469,0.00000004
test_08470,0.00206711
test_08471,0.00191497
test_08472,0.99999988
test_08473,0.00001215
test_08474,0.99999905
test_08475,0.00014922
test_08476,0.77408350
test_08477,1.00000000
test_08478,0.99604237
test_08479,0.10709465
test_08480,0.00416530
test_08481,0.05961963
test_08482,1.00000000
test_08483,0.21194606
test_08484,0.99438900
test_08485,0.26860413
test_08486,0.87621635
test_08487,0.00000008
test_08488,0.08188223
test_08489,0.08184127
test_08490,0.76255828
test_08491,0.99843580
test_08492,0.99998951
test_08493,0.97067744
test_08494,0.33394152
test_08495,0.01845498
test_08496,0.00000212
test_08497,1.00000000
test_08498,0.10528291
test_08499,0.47965732
test_08500,0.34064794
test_08501,0.00078372
test_08502,0.99987340
test_08503,0.00172194
test_08504,0.99246562
test_08505,0.00000000
test_08506,0.50949538
test_08507,0.00002455
test_08508,1.00000000
test_08509,0.82610762
test_08510,0.99970883
test_08511,0.00589542
test_08512,0.66405690
test_08513,0.99983156
test_08514,0.02240668
test_08515,0.99774653
test_08516,0.99645609
test_08517,0.99976581
test_08518,0.98924810
test_08519,0.99804544
test_08520,0.30345348
test_08521,0.00000087
test_08522,0.02728956
test_08523,0.00000000
test_08524,0.00141310
test_08525,0.99921119
test_08526,0.00000009
test_08527,0.00022404
test_08528,0.00000052
test_08529,0.98915267
test_08530,0.00000056
test_08531,0.99993014
test_08532,0.00554724
test_08533,0.00128702
test_08534,0.17680383
test_08535,0.99810046
test_08536,0.02203208
test_08537,0.18607901
test_08538,0.01349882
test_08539,0.99505359
test_08540,0.99999988
test_08541,0.00000000
test_08542,0.99222434
test_08543,0.00002861
test_08544,0.89618325
test_08545,0.99196470
test_08546,0.28874156
test_08547,0.99947089
test_08548,0.17698845
test_08549,0.00001379
test_08550,0.93426710
test_08551,0.99997175
test_08552,0.52831870
test_08553,0.99963665
test_08554,0.00000000
test_08555,0.99495596
test_08556,0.00000073
test_08557,0.00011089
test_08558,0.03200068
test_08559,0.99999952
test_08560,0.30237260
test_08561,0.99994493
test_08562,0.28537700
test_08563,0.00000007
test_08564,0.00023634
test_08565,1.00000000
test_08566,0.71577609
test_08567,0.00030879
test_08568,0.99809688
test_08569,0.00000006
test_08570,0.01267671
test_08571,0.09135131
test_08572,0.99687093
test_08573,0.97310662
test_08574,0.00000010
test_08575,0.93568254
test_08576,0.00243369
test_08577,0.99993396
test_08578,0.00000398
test_08579,0.52150589
test_08580,1.00000000
test_08581,0.99996209
test_08582,0.01888066
test_08583,0.00008371
test_08584,0.27917689
test_08585,0.00216328
test_08586,0.32343408
test_08587,0.00000198
test_08588,0.61593676
test_08589,0.30897176
test_08590,0.49098292
test_08591,0.00000000
test_08592,0.85363978
test_08593,0.00000000
test_08594,0.02666054
test_08595,0.75512701
test_08596,0.99989927
test_08597,0.98324746
test_08598,0.99689901
test_08599,0.00248897
test_08600,0.99999976
test_08601,0.99999988
test_08602,0.99987102
test_08603,0.96428776
test_08604,1.00000000
test_08605,0.00125126
test_08606,0.99997449
test_08607,0.99999154
test_08608,0.99984729
test_08609,0.03208055
test_08610,0.21611428
test_08611,0.00000000
test_08612,0.99999988
test_08613,0.55875874
test_08614,0.90278697
test_08615,0.04529629
test_08616,1.00000000
test_08617,0.00229963
test_08618,0.00066694
test_08619,0.99999595
test_08620,0.88880920
test_08621,0.99999964
test_08622,0.99999595
test_08623,0.00127905
test_08624,0.99683315
test_08625,0.98886847
test_08626,0.42979410
test_08627,0.00002439
test_08628,1.00000000
test_08629,0.03718850
test_08630,0.99998379
test_08631,0.40307492
test_08632,0.00000000
test_08633,0.99999952
test_08634,0.99797958
test_08635,0.00033577
test_08636,0.00039290
test_08637,0.99871981
test_08638,0.99970943
test_08639,0.00000889
test_08640,0.00190284
test_08641,0.57917804
test_08642,0.99999678
test_08643,0.00000006
test_08644,0.99999988
test_08645,0.00000000
test_08646,0.00270919
test_08647,0.00042970
test_08648,0.00277774
test_08649,0.99999976
test_08650,0.99996734
test_08651,0.99025214
test_08652,0.68496108
test_08653,0.99998462
test_08654,0.00003287
test_08655,0.00703459
test_08656,0.13543166
test_08657,0.99999511
test_08658,0.99998367
test_08659,0.00000052
test_08660,0.04717321
test_08661,0.00796457
test_08662,0.00607952
test_08663,0.25297347
test_08664,0.00001564
test_08665,0.00668847
test_08666,0.99997580
test_08667,1.00000000
test_08668,0.90424150
test_08669,1.00000000
test_08670,0.28857711
test_08671,0.36759782
test_08672,0.99999845
test_08673,1.00000000
test_08674,1.00000000
test_08675,0.00003625
test_08676,0.99944073
test_08677,0.05510971
test_08678,0.00956836
test_08679,0.74705905
test_08680,1.00000000
test_08681,0.00000005
test_08682,0.08308967
test_08683,0.49530667
test_08684,0.12918407
test_08685,0.99958080
test_08686,1.00000000
test_08687,0.00036716
test_08688,0.99999940
test_08689,0.99999237
test_08690,0.00043584
test_08691,0.97499245
test_08692,0.99999988
test_08693,0.96713811
test_08694,0.00050247
test_08695,0.58027428
test_08696,0.01795883
test_08697,0.00983207
test_08698,0.78894222
test_08699,0.99843186
test_08700,0.99996591
test_08701,1.00000000
test_08702,0.00000003
test_08703,0.00058746
test_08704,0.00000011
test_08705,0.02351264
test_08706,0.00312169
test_08707,0.99991632
test_08708,0.99993694
test_08709,0.99999952
test_08710,0.00000000
test_08711,0.92353088
test_08712,0.00000015
test_08713,0.99999630
test_08714,0.87709117
test_08715,0.00000002
test_08716,1.00000000
test_08717,0.76296937
test_08718,0.00000001
test_08719,0.05714009
test_08720,0.99762988
test_08721,0.98423219
test_08722,0.99999928
test_08723,0.99415523
test_08724,0.13277508
test_08725,0.99999750
test_08726,0.99998260
test_08727,0.29580972
test_08728,0.00000330
test_08729,0.11365480
test_08730,0.41320863
test_08731,0.99999785
test_08732,0.97879672
test_08733,0.00002067
test_08734,0.19846295
test_08735,0.00000085
test_08736,0.99127215
test_08737,0.00006230
test_08738,0.11559374
test_08739,0.17318067
test_08740,0.06301639
test_08741,0.78120780
test_08742,1.00000000
test_08743,0.00000125
test_08744,0.05881292
test_08745,0.89498359
test_08746,0.30580604
test_08747,0.99999559
test_08748,0.00000001
test_08749,0.00138767
test_08750,0.75405765
test_08751,0.00184956
test_08752,0.00000037
test_08753,0.99195743
test_08754,0.00000040
test_08755,0.99996901
test_08756,0.83867133
test_08757,1.00000000
test_08758,0.00030681
test_08759,0.00000069
test_08760,0.00000000
test_08761,0.23493201
test_08762,0.93626046
test_08763,0.00238373
test_08764,0.69283825
test_08765,0.00216222
test_08766,0.99999726
test_08767,0.00002188
test_08768,0.99999750
test_08769,0.01687457
test_08770,0.99999905
test_08771,0.00095983
test_08772,0.00693122
test_08773,0.00000278
test_08774,0.00000000
test_08775,0.85373181
test_08776,1.00000000
test_08777,0.00005477
test_08778,0.99209797
test_08779,0.98332584
test_08780,0.78340733
test_08781,0.86455905
test_08782,0.00007160
test_08783,1.00000000
test_08784,0.99030578
test_08785,0.01158995
test_08786,0.21343169
test_08787,0.02269624
test_08788,0.07442693
test_08789,0.86215264
test_08790,0.00003528
test_08791,0.00002677
test_08792,0.00319223
test_08793,0.00045013
test_08794,0.00072130
test_08795,0.99989724
test_08796,1.00000000
test_08797,0.99934870
test_08798,0.92226958
test_08799,0.99879372
test_08800,0.16558695
test_08801,0.99953687
test_08802,0.99896312
test_08803,1.00000000
test_08804,0.11008319
test_08805,0.99999940
test_08806,0.99692529
test_08807,0.18160686
test_08808,0.99999893
test_08809,0.02406998
test_08810,0.13878068
test_08811,1.00000000
test_08812,0.35963017
test_08813,0.99970192
test_08814,0.00594119
test_08815,0.00002556
test_08816,0.00002459
test_08817,0.99922836
test_08818,0.69200915
test_08819,0.98348540
test_08820,0.76929116
test_08821,0.80371398
test_08822,0.99058127
test_08823,0.77384043
test_08824,0.00063432
test_08825,0.99626982
test_08826,0.00000035
test_08827,0.99986005
test_08828,0.99998307
test_08829,0.97680140
test_08830,0.61671692
test_08831,0.38699168
test_08832,0.00000000
test_08833,0.99998736
test_08834,0.89908528
test_08835,0.09519731
test_08836,0.04309721
test_08837,0.78125191
test_08838,0.92129952
test_08839,0.99677998
test_08840,0.99758875
test_08841,0.25177637
test_08842,0.00001266
test_08843,0.99601245
test_08844,0.01221712
test_08845,0.00002858
test_08846,0.97245073
test_08847,0.85586244
test_08848,0.00107980
test_08849,0.00098605
test_08850,0.99902165
test_08851,0.00099229
test_08852,0.00125855
test_08853,0.99996567
test_08854,0.07620185
test_08855,0.18576339
test_08856,0.99962366
test_08857,0.01197938
test_08858,0.97223127
test_08859,0.00000403
test_08860,0.99964416
test_08861,0.99998128
test_08862,0.00003573
test_08863,0.92501849
test_08864,0.48035112
test_08865,0.00037764
test_08866,0.72926730
test_08867,0.99999440
test_08868,0.00033521
test_08869,0.99963534
test_08870,0.99994922
test_08871,1.00000000
test_08872,0.04951429
test_08873,0.94021398
test_08874,0.00103285
test_08875,0.99981648
test_08876,0.99998283
test_08877,0.89471549
test_08878,0.44288647
test_08879,0.99979669
test_08880,0.16014533
test_08881,0.99999547
test_08882,0.02840304
test_08883,0.18802777
test_08884,0.99999976
test_08885,0.00243267
test_08886,0.00000000
test_08887,0.01400287
test_08888,0.00549439
test_08889,1.00000000
test_08890,0.82916826
test_08891,0.95763129
test_08892,0.06914854
test_08893,0.00000966
test_08894,1.00000000
test_08895,0.00059543
test_08896,1.00000000
test_08897,0.00000011
test_08898,0.99144262
test_08899,0.00001469
test_08900,0.99997866
test_08901,0.99978465
test_08902,0.63412338
test_08903,0.27312693
test_08904,0.99994886
test_08905,0.99398178
test_08906,0.99294043
test_08907,0.94239265
test_08908,0.98444819
test_08909,0.57494175
test_08910,0.00000519
test_08911,1.00000000
test_08912,0.00000003
test_08913,0.00002710
test_08914,0.00000000
test_08915,0.42358825
test_08916,0.90849918
test_08917,0.30630818
test_08918,0.99632096
test_08919,0.99624085
test_08920,0.00004220
test_08921,0.86795896
test_08922,0.00094132
test_08923,0.85606402
test_08924,1.00000000
test_08925,0.87252301
test_08926,0.00000003
test_08927,0.00027073
test_08928,0.00079932
test_08929,0.99998856
test_08930,0.97289658
test_08931,0.11938692
test_08932,0.18501426
test_08933,0.87645996
test_08934,0.94997007
test_08935,0.99987006
test_08936,0.99872857
test_08937,0.97515965
test_08938,0.18815696
test_08939,0.00000000
test_08940,0.00001328
test_08941,0.40806514
test_08942,0.17376831
test_08943,0.99849129
test_08944,0.99999976
test_08945,0.99999976
test_08946,0.00000001
test_08947,0.04174709
test_08948,0.99999940
test_08949,0.44759074
test_08950,0.01707281
test_08951,0.99933439
test_08952,0.99289274
test_08953,0.67599660
test_08954,0.99061590
test_08955,0.99999511
test_08956,0.71087730
test_08957,0.00073683
test_08958,0.00187960
test_08959,0.00288429
test_08960,0.99783856
test_08961,0.00487984
test_08962,0.00004734
test_08963,0.00379063
test_08964,0.02849458
test_08965,0.00084075
test_08966,0.99668223
test_08967,0.00000470
test_08968,0.99973387
test_08969,0.01038231
test_08970,0.99999988
test_08971,0.00000000
test_08972,0.00000000
test_08973,0.99998951
test_08974,0.34533146
test_08975,0.02165885
test_08976,0.00171847
test_08977,0.99898905
test_08978,0.57406205
test_08979,0.99994242
test_08980,0.50905579
test_08981,0.99960345
test_08982,0.99877959
test_08983,0.99993312
test_08984,0.40320081
test_08985,0.00002268
test_08986,0.99999034
test_08987,0.00000307
test_08988,0.15680759
test_08989,0.99998355
test_08990,0.00000000
test_08991,0.00000002
test_08992,0.02733648
test_08993,0.20308481
test_08994,0.99999809
test_08995,0.00000012
test_08996,1.00000000
test_08997,0.94854343
test_08998,0.99426502
test_08999,0.82223231
test_09000,0.99990368
test_09001,0.99915969
test_09002,0.00104316
test_09003,0.37025452
test_09004,0.68024063
test_09005,0.99997675
test_09006,0.99999881
test_09007,0.97455555
test_09008,0.18226741
test_09009,0.92669755
test_09010,0.99702007
test_09011,0.00000000
test_09012,0.99999881
test_09013,0.99986124
test_09014,0.02661637
test_09015,0.72126001
test_09016,0.99916959
test_09017,0.99998534
test_09018,1.00000000
test_09019,0.99999976
test_09020,0.00000819
test_09021,0.19410355
test_09022,0.99992514
test_09023,0.10223792
test_09024,0.86040026
test_09025,1.00000000
test_09026,0.99999976
test_09027,0.88902003
test_09028,0.00559300
test_09029,0.03504372
test_09030,0.99999058
test_09031,0.32156149
test_09032,1.00000000
test_09033,0.06782548
test_09034,0.00000000
test_09035,0.00064704
test_09036,0.00000850
test_09037,0.00002148
test_09038,0.00000056
test_09039,0.00000011
test_09040,0.31720483
test_09041,0.00000138
test_09042,0.99999201
test_09043,0.42071015
test_09044,0.47790778
test_09045,0.05493236
test_09046,0.99999464
test_09047,0.77358651
test_09048,0.05450185
test_09049,1.00000000
test_09050,0.83352226
test_09051,0.96227676
test_09052,0.99561584
test_09053,0.99997222
test_09054,0.38635060
test_09055,0.00048316
test_09056,0.00183065
test_09057,0.01255583
test_09058,0.53309393
test_09059,0.37642822
test_09060,0.99998689
test_09061,0.00000000
test_09062,0.56926304
test_09063,0.99999893
test_09064,0.02072629
test_09065,1.00000000
test_09066,0.82775015
test_09067,1.00000000
test_09068,0.00231240
test_09069,0.05646665
test_09070,0.00000000
test_09071,0.99984229
test_09072,0.99997449
test_09073,1.00000000
test_09074,0.99697030
test_09075,0.99522793
test_09076,0.00000005
test_09077,1.00000000
test_09078,0.99649543
test_09079,0.99886155
test_09080,0.99960726
test_09081,0.04139149
test_09082,0.73526633
test_09083,0.99998558
test_09084,0.00003821
test_09085,0.99695075
test_09086,0.99999988
test_09087,0.02009903
test_09088,0.00000001
test_09089,0.99982989
test_09090,0.83810407
test_09091,0.00036297
test_09092,0.00000137
test_09093,0.08128421
test_09094,0.82649285
test_09095,0.99999988
test_09096,0.00000021
test_09097,0.00299307
test_09098,0.99997902
test_09099,0.00024209
test_09100,0.13399653
test_09101,0.91161931
test_09102,0.00434637
test_09103,0.00000000
test_09104,1.00000000
test_09105,0.00202912
test_09106,1.00000000
test_09107,0.00000000
test_09108,0.67129284
test_09109,0.00000000
test_09110,0.99995124
test_09111,1.00000000
test_09112,0.15004925
test_09113,0.99996519
test_09114,0.00131510
test_09115,0.00000785
test_09116,0.99939978
test_09117,0.00541813
test_09118,0.99995923
test_09119,0.00151650
test_09120,0.99982256
test_09121,0.99978310
test_09122,0.99993956
test_09123,0.00000001
test_09124,0.99999976
test_09125,0.99979478
test_09126,0.00000008
test_09127,0.99897516
test_09128,0.04581910
test_09129,0.00000314
test_09130,0.00000000
test_09131,0.02205956
test_09132,0.00072594
test_09133,0.35432521
test_09134,0.04148736
test_09135,0.99999845
test_09136,1.00000000
test_09137,0.99999011
test_09138,0.97252005
test_09139,0.03514431
test_09140,0.99998963
test_09141,0.00204511
test_09142,0.00000006
test_09143,0.00050963
test_09144,0.98944479
test_09145,0.99989343
test_09146,0.00918558
test_09147,0.99866474
test_09148,0.00000017
test_09149,0.60694027
test_09150,0.00650558
test_09151,0.00017856
test_09152,0.00756850
test_09153,0.41456351
test_09154,0.99495703
test_09155,0.15614803
test_09156,0.16453898
test_09157,0.00000013
test_09158,0.63554627
test_09159,0.64254403
test_09160,0.99494863
test_09161,1.00000000
test_09162,0.00002151
test_09163,0.99967754
test_09164,0.92522335
test_09165,0.00000292
test_09166,0.73313874
test_09167,0.00276189
test_09168,0.99992657
test_09169,0.99662739
test_09170,0.99999046
test_09171,0.00754960
test_09172,0.99524766
test_09173,0.99946851
test_09174,0.75640136
test_09175,0.00000000
test_09176,0.00194585
test_09177,0.99999940
test_09178,0.28086957
test_09179,0.00000442
test_09180,0.00000071
test_09181,0.00000000
test_09182,0.99999547
test_09183,0.00000024
test_09184,0.00000358
test_09185,0.00046864
test_09186,0.45522225
test_09187,0.99986577
test_09188,0.00259167
test_09189,0.62725627
test_09190,1.00000000
test_09191,0.82276142
test_09192,0.00000426
test_09193,0.99998748
test_09194,0.11552563
test_09195,0.82450706
test_09196,1.00000000
test_09197,0.00717882
test_09198,0.00000006
test_09199,0.93914104
test_09200,0.00376357
test_09201,0.00000250
test_09202,0.84883487
test_09203,0.99999988
test_09204,0.95721126
test_09205,0.17097637
test_09206,0.42102170
test_09207,0.00000224
test_09208,0.61313009
test_09209,0.00000020
test_09210,0.31671315
test_09211,0.89522380
test_09212,0.00000007
test_09213,1.00000000
test_09214,0.37194347
test_09215,0.25750056
test_09216,0.00000183
test_09217,0.00798534
test_09218,0.99999905
test_09219,0.99905711
test_09220,0.99953377
test_09221,0.99988282
test_09222,0.00020982
test_09223,0.90751642
test_09224,0.99883181
test_09225,0.99974102
test_09226,0.99959511
test_09227,0.00000001
test_09228,0.00105458
test_09229,0.11251984
test_09230,0.98339325
test_09231,0.62935525
test_09232,0.00001298
test_09233,0.00000001
test_09234,0.99999130
test_09235,0.00000000
test_09236,0.00000000
test_09237,0.99964046
test_09238,0.99999905
test_09239,0.86036336
test_09240,0.00042325
test_09241,0.71235448
test_09242,0.99864405
test_09243,0.00143949
test_09244,0.35917634
test_09245,1.00000000
test_09246,0.99738127
test_09247,0.04126753
test_09248,0.99206841
test_09249,1.00000000
test_09250,0.00000377
test_09251,0.06242150
test_09252,0.00000000
test_09253,1.00000000
test_09254,0.94637781
test_09255,0.51248741
test_09256,0.99985981
test_09257,0.00106887
test_09258,0.01757756
test_09259,1.00000000
test_09260,0.00002886
test_09261,0.00120011
test_09262,0.99999225
test_09263,0.18572943
test_09264,0.00397002
test_09265,0.43856117
test_09266,0.99745709
test_09267,0.99706995
test_09268,0.99998963
test_09269,0.00000308
test_09270,0.00064760
test_09271,0.99924952
test_09272,0.99971789
test_09273,0.99999988
test_09274,0.25865352
test_09275,0.00000254
test_09276,0.02156778
test_09277,0.99998760
test_09278,0.92081314
test_09279,0.00000284
test_09280,0.00000001
test_09281,0.04076897
test_09282,0.05769147
test_09283,0.05353722
test_09284,0.99999809
test_09285,0.00705062
test_09286,0.00032540
test_09287,0.99787378
test_09288,0.52949268
test_09289,0.99995351
test_09290,0.00000011
test_09291,0.99608421
test_09292,0.99950409
test_09293,0.00018126
test_09294,0.59997106
test_09295,0.00000000
test_09296,0.00002078
test_09297,0.14356948
test_09298,0.02235522
test_09299,0.00000000
test_09300,0.00000000
test_09301,0.00000038
test_09302,0.74459440
test_09303,0.73874515
test_09304,0.35143504
test_09305,0.04295876
test_09306,0.00000753
test_09307,0.16266826
test_09308,0.00000001
test_09309,0.90618950
test_09310,0.99997437
test_09311,0.74396050
test_09312,0.02904489
test_09313,0.00861938
test_09314,0.00000000
test_09315,0.22386098
test_09316,0.00566464
test_09317,1.00000000
test_09318,0.99970704
test_09319,0.99964464
test_09320,0.99336714
test_09321,0.88602608
test_09322,0.93680120
test_09323,0.99311030
test_09324,0.99980885
test_09325,1.00000000
test_09326,0.05003445
test_09327,0.00002994
test_09328,0.92742592
test_09329,0.95102650
test_09330,0.00005297
test_09331,1.00000000
test_09332,0.00000018
test_09333,0.88646728
test_09334,0.99995565
test_09335,0.00019099
test_09336,0.00108418
test_09337,0.46422896
test_09338,0.01081331
test_09339,0.00002905
test_09340,0.07484645
test_09341,0.00000193
test_09342,0.54564220
test_09343,0.00000000
test_09344,0.99999940
test_09345,0.99588299
test_09346,0.95696175
test_09347,0.00000720
test_09348,0.84836394
test_09349,0.00002790
test_09350,0.99999952
test_09351,0.99999726
test_09352,0.05343911
test_09353,0.00009730
test_09354,0.99999809
test_09355,1.00000000
test_09356,0.93632942
test_09357,0.99996662
test_09358,0.00000024
test_09359,0.00002727
test_09360,0.08547524
test_09361,0.00236860
test_09362,0.00013887
test_09363,0.80330771
test_09364,0.00046759
test_09365,0.00000000
test_09366,0.99935251
test_09367,0.19137247
test_09368,0.00000209
test_09369,0.00000323
test_09370,0.32645339
test_09371,0.00877134
test_09372,1.00000000
test_09373,0.00000058
test_09374,1.00000000
test_09375,0.00011971
test_09376,0.00087986
test_09377,0.03601458
test_09378,0.88076448
test_09379,1.00000000
test_09380,0.00067401
test_09381,0.99991763
test_09382,0.99999094
test_09383,0.64903563
test_09384,0.21526720
test_09385,0.99793613
test_09386,0.17341481
test_09387,0.99999988
test_09388,0.21056111
test_09389,0.98057932
test_09390,0.99999785
test_09391,0.80469179
test_09392,0.00000176
test_09393,0.96607459
test_09394,0.97920358
test_09395,0.02153814
test_09396,0.99999785
test_09397,0.08482027
test_09398,0.99843711
test_09399,0.00021853
test_09400,0.98728615
test_09401,0.09363154
test_09402,0.99978858
test_09403,0.57220876
test_09404,0.99999499
test_09405,0.00032668
test_09406,0.99999964
test_09407,0.06570583
test_09408,0.09028495
test_09409,0.02491802
test_09410,0.99998128
test_09411,1.00000000
test_09412,0.97074908
test_09413,0.99999952
test_09414,0.00001036
test_09415,0.99998927
test_09416,1.00000000
test_09417,0.00015710
test_09418,0.99999976
test_09419,0.00005365
test_09420,0.99996662
test_09421,0.00050918
test_09422,0.00587389
test_09423,0.00000002
test_09424,0.82249695
test_09425,0.00000599
test_09426,0.11982416
test_09427,0.00018325
test_09428,0.00416011
test_09429,0.96914107
test_09430,0.95355397
test_09431,0.99977618
test_09432,0.00034416
test_09433,0.12128940
test_09434,0.99999118
test_09435,0.32732818
test_09436,0.80994970
test_09437,0.38219470
test_09438,0.97151864
test_09439,0.95188105
test_09440,0.84729064
test_09441,0.00000413
test_09442,0.00879860
test_09443,1.00000000
test_09444,0.96482551
test_09445,0.00689433
test_09446,0.05200749
test_09447,0.10535631
test_09448,0.90827274
test_09449,0.01467534
test_09450,1.00000000
test_09451,0.00003499
test_09452,0.99999952
test_09453,1.00000000
test_09454,0.83762378
test_09455,1.00000000
test_09456,0.99985743
test_09457,0.00007211
test_09458,0.00015454
test_09459,0.99986398
test_09460,0.99671930
test_09461,0.69880557
test_09462,0.91280168
test_09463,0.00000006
test_09464,0.98865962
test_09465,0.99580598
test_09466,0.00000000
test_09467,1.00000000
test_09468,0.51396686
test_09469,0.04519972
test_09470,0.99998605
test_09471,0.11009338
test_09472,0.99994969
test_09473,0.00020039
test_09474,0.00795330
test_09475,0.99998379
test_09476,0.91740519
test_09477,0.62940669
test_09478,0.00000000
test_09479,0.99204445
test_09480,0.00000030
test_09481,0.00005757
test_09482,0.00148006
test_09483,1.00000000
test_09484,0.00318871
test_09485,0.28170499
test_09486,0.99962294
test_09487,0.63280761
test_09488,0.00002958
test_09489,0.99999964
test_09490,0.00433010
test_09491,0.64972889
test_09492,1.00000000
test_09493,0.00495964
test_09494,0.00025457
test_09495,0.86463469
test_09496,0.04333626
test_09497,0.00000000
test_09498,0.99983454
test_09499,0.00871588
test_09500,0.99999988
test_09501,0.99999988
test_09502,0.00008899
test_09503,0.99847025
test_09504,0.00015351
test_09505,1.00000000
test_09506,0.89057791
test_09507,0.99937314
test_09508,0.99999905
test_09509,0.00000003
test_09510,0.97271711
test_09511,0.00000000
test_09512,0.00000057
test_09513,0.06010785
test_09514,0.99997103
test_09515,0.00057073
test_09516,0.52861977
test_09517,0.99995852
test_09518,0.00000533
test_09519,1.00000000
test_09520,0.46759096
test_09521,0.99999416
test_09522,0.18475941
test_09523,0.00000009
test_09524,0.46831584
test_09525,0.99999988
test_09526,0.99999881
test_09527,0.91881317
test_09528,0.00000015
test_09529,0.99881625
test_09530,0.05278455
test_09531,0.06155734
test_09532,0.00156216
test_09533,0.97265327
test_09534,0.99995959
test_09535,0.50619978
test_09536,0.00000102
test_09537,0.99729627
test_09538,0.07087507
test_09539,0.67548954
test_09540,0.20659913
test_09541,0.13870834
test_09542,0.00030368
test_09543,0.97622627
test_09544,0.99981743
test_09545,0.98764849
test_09546,0.00003626
test_09547,0.00000000
test_09548,0.00000988
test_09549,0.99990213
test_09550,0.00037217
test_09551,0.18155178
test_09552,0.86068845
test_09553,0.00000092
test_09554,0.02312522
test_09555,0.00000010
test_09556,0.01698419
test_09557,0.00000081
test_09558,0.71267509
test_09559,0.99971873
test_09560,0.00062416
test_09561,0.00108108
test_09562,0.99999785
test_09563,0.00032446
test_09564,0.99996197
test_09565,1.00000000
test_09566,0.00003565
test_09567,0.31618017
test_09568,1.00000000
test_09569,0.00000128
test_09570,0.00000691
test_09571,0.01467064
test_09572,0.00028374
test_09573,0.74695915
test_09574,0.99853265
test_09575,0.54147851
test_09576,0.01084240
test_09577,0.00000012
test_09578,0.00008114
test_09579,0.93607271
test_09580,0.55089712
test_09581,0.72919625
test_09582,0.88253832
test_09583,0.00794200
test_09584,0.99999106
test_09585,0.72406256
test_09586,0.31074417
test_09587,0.00000002
test_09588,0.99999678
test_09589,1.00000000
test_09590,0.99999964
test_09591,0.93386787
test_09592,0.99919134
test_09593,0.01116799
test_09594,0.99999976
test_09595,0.22492050
test_09596,0.99987018
test_09597,0.99995005
test_09598,0.15770972
test_09599,0.00167821
test_09600,0.00008823
test_09601,0.99997032
test_09602,0.01859411
test_09603,0.00575365
test_09604,0.00035206
test_09605,0.90560126
test_09606,0.04471933
test_09607,0.00949805
test_09608,0.07532770
test_09609,0.99999440
test_09610,0.99999928
test_09611,0.26279262
test_09612,0.99999797
test_09613,0.15941344
test_09614,0.72217011
test_09615,0.05032697
test_09616,0.00000003
test_09617,0.99738079
test_09618,0.00632375
test_09619,0.00222726
test_09620,0.99994373
test_09621,0.99999905
test_09622,0.00032909
test_09623,0.99997091
test_09624,0.00240383
test_09625,0.99999940
test_09626,0.99999356
test_09627,0.01589492
test_09628,0.00156549
test_09629,0.99999869
test_09630,0.98355007
test_09631,0.00002287
test_09632,0.00513635
test_09633,0.99998617
test_09634,0.99721837
test_09635,0.98583502
test_09636,0.00000000
test_09637,0.41584116
test_09638,0.00664364
test_09639,0.98908794
test_09640,0.51077104
test_09641,0.00000000
test_09642,0.99999404
test_09643,0.01373234
test_09644,0.00827465
test_09645,0.01386736
test_09646,0.00000609
test_09647,0.00199770
test_09648,0.21695836
test_09649,0.00000000
test_09650,0.00000012
test_09651,0.05131377
test_09652,0.97944564
test_09653,0.09067219
test_09654,0.00000012
test_09655,0.99999321
test_09656,1.00000000
test_09657,0.00070627
test_09658,0.00112019
test_09659,0.99999034
test_09660,0.98919654
test_09661,0.99999940
test_09662,0.03649859
test_09663,1.00000000
test_09664,0.99110705
test_09665,0.07924753
test_09666,0.96308476
test_09667,0.00000001
test_09668,0.00282486
test_09669,0.06953307
test_09670,0.00000000
test_09671,0.04328621
test_09672,0.98364210
test_09673,0.00000008
test_09674,0.62691194
test_09675,0.00000058
test_09676,0.99999917
test_09677,0.00287085
test_09678,0.99999893
test_09679,0.00000011
test_09680,0.99465668
test_09681,0.99873847
test_09682,0.01515205
test_09683,0.06614138
test_09684,0.97491109
test_09685,0.97545266
test_09686,0.00000717
test_09687,0.00028125
test_09688,0.91622299
test_09689,0.25631773
test_09690,0.97541219
test_09691,0.99990046
test_09692,0.13906999
test_09693,0.98974717
test_09694,0.99995959
test_09695,0.00001889
test_09696,0.00000431
test_09697,0.99761814
test_09698,0.99999726
test_09699,0.03233228
test_09700,0.87460482
test_09701,0.00118485
test_09702,0.99953508
test_09703,0.99959058
test_09704,0.02298835
test_09705,0.99943262
test_09706,0.00548003
test_09707,0.90488696
test_09708,0.85358685
test_09709,0.01098874
test_09710,0.00568227
test_09711,0.00015267
test_09712,0.00000003
test_09713,0.99999928
test_09714,0.99974090
test_09715,0.06968909
test_09716,0.01235598
test_09717,0.50833130
test_09718,0.99710220
test_09719,0.00037486
test_09720,0.18735129
test_09721,0.68047154
test_09722,0.00002513
test_09723,0.99722362
test_09724,0.78025985
test_09725,0.99999988
test_09726,0.00040901
test_09727,0.99999356
test_09728,0.00000000
test_09729,0.00021830
test_09730,0.76983070
test_09731,0.03878782
test_09732,0.00521632
test_09733,0.06201261
test_09734,0.00000013
test_09735,0.00020797
test_09736,0.00000000
test_09737,0.99999678
test_09738,0.00000000
test_09739,0.47650644
test_09740,0.00001264
test_09741,0.82503551
test_09742,0.00000000
test_09743,0.98782802
test_09744,1.00000000
test_09745,0.81734484
test_09746,0.99998939
test_09747,1.00000000
test_09748,0.99239528
test_09749,1.00000000
test_09750,0.99999940
test_09751,0.10592990
test_09752,0.07271671
test_09753,0.83696550
test_09754,0.00000015
test_09755,0.00428612
test_09756,0.99813938
test_09757,0.27438986
test_09758,0.00005541
test_09759,0.99997473
test_09760,0.01388588
test_09761,0.00095594
test_09762,0.00538762
test_09763,0.96327764
test_09764,0.00001120
test_09765,0.00000000
test_09766,0.00057834
test_09767,0.00000001
test_09768,0.99034381
test_09769,0.00000000
test_09770,0.00024991
test_09771,0.62779248
test_09772,0.99989593
test_09773,0.99999821
test_09774,0.00177937
test_09775,0.00000000
test_09776,0.84719944
test_09777,0.99484563
test_09778,0.00217537
test_09779,0.99998569
test_09780,0.00000000
test_09781,0.00921296
test_09782,1.00000000
test_09783,0.97683585
test_09784,0.00078439
test_09785,0.95499581
test_09786,0.00012558
test_09787,0.99165076
test_09788,0.30186963
test_09789,0.84532911
test_09790,0.02396108
test_09791,0.53159583
test_09792,0.80592287
test_09793,0.01316261
test_09794,0.00000196
test_09795,0.78954798
test_09796,0.04831662
test_09797,0.00699007
test_09798,1.00000000
test_09799,0.99997616
test_09800,0.33511403
test_09801,0.60336208
test_09802,0.99391246
test_09803,0.99599224
test_09804,0.99821848
test_09805,1.00000000
test_09806,0.99731916
test_09807,1.00000000
test_09808,0.99995446
test_09809,0.97299045
test_09810,1.00000000
test_09811,0.00748154
test_09812,0.87271309
test_09813,0.00000187
test_09814,0.96818429
test_09815,0.01029173
test_09816,0.10468686
test_09817,0.00143098
test_09818,0.99999952
test_09819,0.91491950
test_09820,0.99993455
test_09821,0.00000025
test_09822,0.93400437
test_09823,0.99999988
test_09824,0.99982750
test_09825,0.82058817
test_09826,0.99999714
test_09827,0.23251662
test_09828,0.99859446
test_09829,0.97640830
test_09830,0.99999964
test_09831,1.00000000
test_09832,0.99949694
test_09833,0.99999988
test_09834,0.99999142
test_09835,0.00000000
test_09836,0.99998474
test_09837,1.00000000
test_09838,0.99999988
test_09839,0.99999952
test_09840,0.95590842
test_09841,0.99999893
test_09842,0.00422078
test_09843,0.00000001
test_09844,0.00002794
test_09845,0.99999321
test_09846,0.99854678
test_09847,0.00001494
test_09848,0.99916446
test_09849,1.00000000
test_09850,0.99998200
test_09851,0.98062676
test_09852,0.99623007
test_09853,0.99924612
test_09854,0.99980718
test_09855,0.00001377
test_09856,0.00000008
test_09857,0.98781395
test_09858,0.59128869
test_09859,0.00002973
test_09860,0.00010699
test_09861,1.00000000
test_09862,0.40718177
test_09863,0.99990189
test_09864,0.97052044
test_09865,0.00000008
test_09866,0.47603554
test_09867,0.00000299
test_09868,0.99999988
test_09869,0.99999976
test_09870,0.28291202
test_09871,0.04687070
test_09872,0.18628514
test_09873,0.99999928
test_09874,0.00000458
test_09875,0.99999893
test_09876,0.99997842
test_09877,0.29331109
test_09878,0.00000019
test_09879,0.00000032
test_09880,0.00032331
test_09881,1.00000000
test_09882,0.93851095
test_09883,0.39530206
test_09884,0.93363786
test_09885,0.99991107
test_09886,0.95268536
test_09887,0.00986027
test_09888,0.00000020
test_09889,0.99999964
test_09890,0.32052881
test_09891,0.00306190
test_09892,1.00000000
test_09893,0.01329923
test_09894,0.32182559
test_09895,0.00688218
test_09896,0.00000000
test_09897,0.22406179
test_09898,0.99097240
test_09899,0.91998541
test_09900,0.00000000
test_09901,0.00011255
test_09902,0.90940219
test_09903,0.00084225
test_09904,0.00038220
test_09905,0.99999583
test_09906,0.99999392
test_09907,0.99995232
test_09908,0.00000009
test_09909,0.00030083
test_09910,0.00000035
test_09911,0.99999952
test_09912,0.05632569
test_09913,0.98156297
test_09914,0.05456428
test_09915,0.00083621
test_09916,0.99980456
test_09917,0.00000000
test_09918,0.71910715
test_09919,0.00666021
test_09920,0.00000023
test_09921,0.90558589
test_09922,0.00005054
test_09923,0.37968436
test_09924,0.97865880
test_09925,0.99999690
test_09926,0.99999845
test_09927,0.30560490
test_09928,0.00012385
test_09929,0.14665537
test_09930,1.00000000
test_09931,0.00529985
test_09932,0.94275039
test_09933,0.06073035
test_09934,0.00007000
test_09935,0.00001806
test_09936,1.00000000
test_09937,0.99989927
test_09938,0.99969578
test_09939,0.81388241
test_09940,0.26091111
test_09941,0.99999976
test_09942,0.92061025
test_09943,0.99683821
test_09944,0.83477050
test_09945,0.98535907
test_09946,0.00000002
test_09947,0.99987674
test_09948,0.98958558
test_09949,0.77039623
test_09950,0.03110056
test_09951,1.00000000
test_09952,0.01040188
test_09953,0.00211232
test_09954,0.00013416
test_09955,0.00000000
test_09956,0.99993718
test_09957,0.00000058
test_09958,0.46408328
test_09959,0.65615803
test_09960,0.99999976
test_09961,0.00278470
test_09962,0.91756362
test_09963,0.67687720
test_09964,0.00000069
test_09965,0.00000014
test_09966,0.99951172
test_09967,0.00000009
test_09968,0.00009436
test_09969,0.09738459
test_09970,0.00001287
test_09971,0.00005441
test_09972,1.00000000
test_09973,0.88902491
test_09974,0.99999988
test_09975,0.00000069
test_09976,0.99500811
test_09977,0.00000005
test_09978,0.30766293
test_09979,0.99912983
test_09980,0.00240593
test_09981,0.98703951
test_09982,1.00000000
test_09983,0.32845697
test_09984,0.00517277
test_09985,0.00000235
test_09986,0.99999082
test_09987,0.23822080
test_09988,0.99994624
test_09989,0.98940361
test_09990,0.00031751
test_09991,0.99993885
test_09992,0.01302348
test_09993,0.00000287
test_09994,0.99999988
test_09995,0.99996960
test_09996,1.00000000
test_09997,0.99350971
test_09998,0.00635042
test_09999,1.00000000
test_10000,0.35000992
test_10001,0.99999607
test_10002,1.00000000
test_10003,0.99975020
test_10004,0.99999976
test_10005,0.00000136
test_10006,0.98518097
test_10007,0.99999988
test_10008,0.18460782
test_10009,0.00000000
test_10010,0.98509395
test_10011,0.98001260
test_10012,0.00283839
test_10013,0.00396915
test_10014,0.10683963
test_10015,0.12158336
test_10016,0.97519130
test_10017,0.34659687
test_10018,0.99998832
test_10019,0.04292958
test_10020,0.27432585
test_10021,0.00009133
test_10022,0.00737663
test_10023,0.00000021
test_10024,0.99998009
test_10025,0.00000001
test_10026,0.46736932
test_10027,0.00009102
test_10028,0.00093277
test_10029,0.99807030
test_10030,0.99709642
test_10031,0.92060673
test_10032,0.00071008
test_10033,0.17645270
test_10034,0.01805998
test_10035,0.28434831
test_10036,0.00000248
test_10037,1.00000000
test_10038,0.99999547
test_10039,0.03978702
test_10040,0.85857183
test_10041,0.99997091
test_10042,0.00460956
test_10043,0.99688548
test_10044,0.99993718
test_10045,0.25237116
test_10046,1.00000000
test_10047,0.00632494
test_10048,0.45695430
test_10049,0.99996030
test_10050,0.99993181
test_10051,0.31823346
test_10052,0.99814224
test_10053,0.00380550
test_10054,1.00000000
test_10055,0.04667714
test_10056,0.55940342
test_10057,0.99997497
test_10058,0.98241776
test_10059,0.98408961
test_10060,0.93887377
test_10061,0.00051253
test_10062,0.00000006
test_10063,1.00000000
test_10064,0.00000055
test_10065,0.00001384
test_10066,0.98107564
test_10067,0.99993956
test_10068,0.52333409
test_10069,0.01086462
test_10070,0.96554357
test_10071,0.99998176
test_10072,0.00019755
test_10073,0.08759291
test_10074,0.00202026
test_10075,0.99982387
test_10076,0.00000004
test_10077,0.83642811
test_10078,0.00000785
test_10079,0.99999666
test_10080,0.75640738
test_10081,0.00010517
test_10082,0.99999988
test_10083,0.99999142
test_10084,0.31275514
test_10085,0.85533422
test_10086,0.40871963
test_10087,0.99559635
test_10088,0.08155654
test_10089,0.00002644
test_10090,0.29180914
test_10091,0.99800342
test_10092,0.99999976
test_10093,0.99997389
test_10094,0.00039066
test_10095,0.85398889
test_10096,0.00000000
test_10097,1.00000000
test_10098,0.00194956
test_10099,0.04305524
test_10100,1.00000000
test_10101,0.58262175
test_10102,0.00015205
test_10103,0.00374328
test_10104,0.94030613
test_10105,0.99999952
test_10106,0.00000000
test_10107,0.00144502
test_10108,0.99780530
test_10109,0.00000017
test_10110,0.00000000
test_10111,0.24939504
test_10112,0.02388232
test_10113,0.98801398
test_10114,0.84923804
test_10115,0.00000002
test_10116,0.00000002
test_10117,0.16107342
test_10118,0.99145633
test_10119,0.99999809
test_10120,0.42489499
test_10121,0.99550605
test_10122,0.00798126
test_10123,0.84920686
test_10124,0.29589865
test_10125,0.00447068
test_10126,0.00000026
test_10127,0.00000034
test_10128,0.02295758
test_10129,0.99973470
test_10130,0.22290924
test_10131,0.00011258
test_10132,0.00032177
test_10133,0.05331715
test_10134,0.06886483
test_10135,0.07763481
test_10136,0.41521794
test_10137,0.00007359
test_10138,0.99998891
test_10139,0.12961024
test_10140,0.00000000
test_10141,0.36392584
test_10142,0.26047570
test_10143,0.00046324
test_10144,0.23060980
test_10145,0.00000033
test_10146,0.01351490
test_10147,1.00000000
test_10148,0.97240418
test_10149,0.98791635
test_10150,0.99169815
test_10151,0.00000003
test_10152,0.10010523
test_10153,1.00000000
test_10154,0.96413976
test_10155,0.99404573
test_10156,1.00000000
test_10157,0.00640204
test_10158,0.00000001
test_10159,0.00068385
test_10160,0.06899133
test_10161,0.99844486
test_10162,0.99920171
test_10163,1.00000000
test_10164,0.00000006
test_10165,0.00034026
test_10166,1.00000000
test_10167,1.00000000
test_10168,0.99993217
test_10169,0.99993980
test_10170,0.00031868
test_10171,0.00142370
test_10172,0.24333036
test_10173,0.99999988
test_10174,0.99999046
test_10175,0.44480580
test_10176,0.00000051
test_10177,0.00000063
test_10178,0.00000000
test_10179,0.00000006
test_10180,0.99520820
test_10181,0.00000506
test_10182,0.99995422
test_10183,0.00000009
test_10184,0.00015865
test_10185,0.59664655
test_10186,0.00094290
test_10187,0.99999905
test_10188,1.00000000
test_10189,0.99957556
test_10190,0.99999988
test_10191,0.99953938
test_10192,0.00000859
test_10193,0.99018455
test_10194,0.66789591
test_10195,0.29199639
test_10196,0.00012010
test_10197,0.99866486
test_10198,0.00000004
test_10199,0.00013853
test_10200,0.43218744
test_10201,0.00000002
test_10202,0.98555344
test_10203,0.99995685
test_10204,0.00000000
test_10205,0.97205609
test_10206,0.98910809
test_10207,0.00007600
test_10208,0.99945599
test_10209,1.00000000
test_10210,0.99982917
test_10211,0.51180845
test_10212,1.00000000
test_10213,0.00010072
test_10214,0.05964117
test_10215,0.40006515
test_10216,0.98156261
test_10217,0.88086689
test_10218,0.72244328
test_10219,0.98079967
test_10220,0.03444116
test_10221,0.65061647
test_10222,1.00000000
test_10223,0.45797685
test_10224,0.90288830
test_10225,0.93057841
test_10226,0.00000066
test_10227,0.00004253
test_10228,0.39952123
test_10229,0.75746071
test_10230,0.12983000
test_10231,0.99998772
test_10232,0.95875186
test_10233,0.04472187
test_10234,0.00000000
test_10235,0.00822045
test_10236,0.56020129
test_10237,0.71411008
test_10238,0.00000007
test_10239,0.03699389
test_10240,1.00000000
test_10241,0.00850907
test_10242,0.99996519
test_10243,0.99593592
test_10244,0.01493899
test_10245,0.22207360
test_10246,0.99999607
test_10247,0.99099755
test_10248,0.05138827
test_10249,0.00000420
test_10250,0.20618470
test_10251,0.99879211
test_10252,0.00037537
test_10253,0.96445125
test_10254,0.00000299
test_10255,0.00000211
test_10256,0.88819337
test_10257,0.00161581
test_10258,1.00000000
test_10259,0.00006769
test_10260,0.91672784
test_10261,0.99997020
test_10262,0.73747462
test_10263,0.99999535
test_10264,0.00881535
test_10265,0.00000004
test_10266,0.00188401
test_10267,0.99999785
test_10268,0.99999893
test_10269,0.18341853
test_10270,0.00000000
test_10271,0.00000016
test_10272,0.00000911
test_10273,0.00829112
test_10274,0.95713043
test_10275,1.00000000
test_10276,0.99999988
test_10277,0.16348270
test_10278,0.99873585
test_10279,0.69080961
test_10280,0.54986751
test_10281,0.00000002
test_10282,0.00190976
test_10283,0.00001056
test_10284,0.99990523
test_10285,0.36741924
test_10286,0.00429574
test_10287,0.02303416
test_10288,1.00000000
test_10289,0.98481548
test_10290,0.99983406
test_10291,0.88474661
test_10292,0.60931212
test_10293,0.99999964
test_10294,0.85970426
test_10295,0.03612802
test_10296,1.00000000
test_10297,0.18339759
test_10298,0.00523720
test_10299,0.00030736
test_10300,0.75157726
test_10301,0.18331814
test_10302,1.00000000
test_10303,0.99999964
test_10304,0.87963670
test_10305,0.15975654
test_10306,0.00021698
test_10307,0.00006782
test_10308,0.21636844
test_10309,0.86983216
test_10310,0.00410595
test_10311,0.00578874
test_10312,0.00010710
test_10313,0.98370183
test_10314,0.99742353
test_10315,0.00021823
test_10316,0.36005569
test_10317,0.00000106
test_10318,0.98201364
test_10319,0.02904864
test_10320,1.00000000
test_10321,0.99987745
test_10322,0.00026536
test_10323,0.00007426
test_10324,0.00000176
test_10325,1.00000000
test_10326,1.00000000
test_10327,1.00000000
test_10328,0.02283878
test_10329,0.99999905
test_10330,0.00000001
test_10331,0.98569065
test_10332,0.99999964
test_10333,1.00000000
test_10334,0.80342042
test_10335,0.00000248
test_10336,0.99999988
test_10337,0.99183297
test_10338,0.99753124
test_10339,0.99999726
test_10340,0.99999869
test_10341,0.00799869
test_10342,0.99467587
test_10343,0.97514403
test_10344,0.00359480
test_10345,0.13789980
test_10346,0.86231500
test_10347,0.95373535
test_10348,0.99266934
test_10349,0.03731644
test_10350,0.49001855
test_10351,0.00013096
test_10352,0.00000560
test_10353,0.00288795
test_10354,1.00000000
test_10355,0.74308330
test_10356,0.00498780
test_10357,0.00038227
test_10358,0.99991786
test_10359,0.02725962
test_10360,0.24292721
test_10361,0.99999940
test_10362,1.00000000
test_10363,0.02860292
test_10364,0.99989474
test_10365,0.55645984
test_10366,0.00382474
test_10367,0.83903056
test_10368,0.03902697
test_10369,0.86167014
test_10370,0.60532731
test_10371,0.99992967
test_10372,0.00005842
test_10373,0.99987376
test_10374,0.00000015
test_10375,0.99999154
test_10376,0.99592066
test_10377,0.00002510
test_10378,0.00136824
test_10379,0.91185123
test_10380,0.99769884
test_10381,0.73089266
test_10382,1.00000000
test_10383,0.18630350
test_10384,0.00000003
test_10385,0.09680441
test_10386,0.97720432
test_10387,0.99999976
test_10388,0.00000110
test_10389,0.00000000
test_10390,0.00062559
test_10391,0.93200076
test_10392,0.19142002
test_10393,0.00000004
test_10394,0.00474701
test_10395,0.00945623
test_10396,0.00048059
test_10397,0.00862679
test_10398,0.39127085
test_10399,0.00000000
test_10400,0.99987841
test_10401,0.00885781
test_10402,0.00921375
test_10403,0.01466589
test_10404,0.00869914
test_10405,0.21210384
test_10406,0.99999940
test_10407,0.97393823
test_10408,0.99999964
test_10409,0.00000000
test_10410,0.00004454
test_10411,0.94850320
test_10412,0.00000203
test_10413,0.00016141
test_10414,0.00000051
test_10415,1.00000000
test_10416,0.51886046
test_10417,0.99935871
test_10418,0.94534886
test_10419,0.99999917
test_10420,0.34132090
test_10421,0.97360820
test_10422,0.00094038
test_10423,1.00000000
test_10424,0.99983656
test_10425,0.99936444
test_10426,0.75530124
test_10427,0.99998736
test_10428,0.60328174
test_10429,0.18374304
test_10430,0.00000001
test_10431,0.04276297
test_10432,0.00000555
test_10433,0.99999440
test_10434,0.99999964
test_10435,0.00075089
test_10436,0.00000767
test_10437,0.00425722
test_10438,1.00000000
test_10439,0.42408392
test_10440,0.00000031
test_10441,0.85504454
test_10442,0.12825668
test_10443,1.00000000
test_10444,0.13509603
test_10445,0.70898062
test_10446,0.99998891
test_10447,1.00000000
test_10448,0.00320363
test_10449,0.99938381
test_10450,0.99475288
test_10451,0.99999905
test_10452,0.96251160
test_10453,0.99987435
test_10454,0.00572857
test_10455,0.00531256
test_10456,0.00021365
test_10457,0.96946365
test_10458,0.03335866
test_10459,0.62135619
test_10460,0.98286533
test_10461,0.19677162
test_10462,0.15896213
test_10463,0.00090631
test_10464,0.99065697
test_10465,0.00000010
test_10466,1.00000000
test_10467,1.00000000
test_10468,0.97492343
test_10469,0.05630674
test_10470,0.99998879
test_10471,0.33235529
test_10472,0.99996674
test_10473,0.99999821
test_10474,0.99997127
test_10475,0.99998379
test_10476,0.00028765
test_10477,0.18415114
test_10478,0.00003816
test_10479,1.00000000
test_10480,1.00000000
test_10481,0.33114102
test_10482,0.18295529
test_10483,0.15005676
test_10484,0.99953842
test_10485,0.00054077
test_10486,0.00000025
test_10487,0.99937171
test_10488,0.00000016
test_10489,0.09348083
test_10490,0.99999964
test_10491,0.00000004
test_10492,0.00046637
test_10493,0.99999988
test_10494,0.77042562
test_10495,1.00000000
test_10496,0.02547043
test_10497,0.00000051
test_10498,0.00000023
test_10499,0.99618137
test_10500,0.98929286
test_10501,0.00000219
test_10502,0.00000158
test_10503,0.84383470
test_10504,0.00381421
test_10505,0.98492473
test_10506,0.99997687
test_10507,0.01001661
test_10508,0.98935282
test_10509,0.99987006
test_10510,0.03177677
test_10511,0.00000000
test_10512,0.00000000
test_10513,0.99995351
test_10514,0.99998975
test_10515,0.00983633
test_10516,0.02279031
test_10517,0.99654335
test_10518,0.01632992
test_10519,0.00000000
test_10520,0.99999976
test_10521,0.99882275
test_10522,0.01931653
test_10523,0.99999654
test_10524,1.00000000
test_10525,0.97111624
test_10526,0.99998820
test_10527,0.99999154
test_10528,0.99999785
test_10529,1.00000000
test_10530,0.00882307
test_10531,0.99937111
test_10532,0.00084327
test_10533,0.99684346
test_10534,0.00005095
test_10535,0.00000359
test_10536,0.99782503
test_10537,0.88890129
test_10538,0.00000417
test_10539,0.99992061
test_10540,0.00077455
test_10541,0.00000046
test_10542,0.10993835
test_10543,0.99997711
test_10544,0.00335039
test_10545,0.07491586
test_10546,0.99998641
test_10547,0.95649767
test_10548,0.00000463
test_10549,0.19183023
test_10550,0.97058433
test_10551,0.00000146
test_10552,0.99738091
test_10553,0.00001550
test_10554,0.99999988
test_10555,0.99735498
test_10556,0.03288083
test_10557,0.37042785
test_10558,0.00710582
test_10559,0.00205830
test_10560,1.00000000
test_10561,0.23716858
test_10562,0.99998283
test_10563,0.99999905
test_10564,0.99999905
test_10565,0.55719697
test_10566,0.99999988
test_10567,0.62977082
test_10568,0.99999738
test_10569,0.87671912
test_10570,0.01168876
test_10571,0.94316834
test_10572,1.00000000
test_10573,0.99999988
test_10574,0.00105455
test_10575,0.99975926
test_10576,0.99978703
test_10577,0.98714882
test_10578,0.00000030
test_10579,0.00089896
test_10580,0.22453563
test_10581,0.00033340
test_10582,0.99999726
test_10583,0.00000610
test_10584,0.80317742
test_10585,0.00000000
test_10586,0.00000386
test_10587,0.02191591
test_10588,0.75839096
test_10589,0.95849335
test_10590,0.00009732
test_10591,0.00000000
test_10592,0.00256567
test_10593,1.00000000
test_10594,0.99973172
test_10595,0.06920724
test_10596,0.99999785
test_10597,0.00000034
test_10598,0.99991667
test_10599,0.69891584
test_10600,0.00000007
test_10601,0.00052002
test_10602,0.99963164
test_10603,1.00000000
test_10604,0.99662495
test_10605,0.95732737
test_10606,0.99999547
test_10607,0.99969184
test_10608,0.01423092
test_10609,0.99999988
test_10610,0.00003489
test_10611,0.27141383
test_10612,0.00592569
test_10613,0.00000146
test_10614,0.00006572
test_10615,1.00000000
test_10616,1.00000000
test_10617,0.38861045
test_10618,0.99357456
test_10619,0.88212198
test_10620,0.99999344
test_10621,0.98604697
test_10622,0.59560257
test_10623,0.00000016
test_10624,0.99985051
test_10625,0.74724746
test_10626,0.00000000
test_10627,0.62503862
test_10628,0.93685883
test_10629,0.19329216
test_10630,0.99999857
test_10631,0.02586138
test_10632,0.80552649
test_10633,0.99680966
test_10634,0.99999988
test_10635,0.00000000
test_10636,0.99999690
test_10637,0.99946171
test_10638,0.00000000
test_10639,0.99999988
test_10640,0.00237596
test_10641,1.00000000
test_10642,0.92426616
test_10643,0.99780899
test_10644,0.99997342
test_10645,0.62919146
test_10646,0.03188398
test_10647,0.00941989
test_10648,0.98400301
test_10649,0.99999225
test_10650,0.87306488
test_10651,0.46570614
test_10652,0.00366719
test_10653,1.00000000
test_10654,0.14119472
test_10655,0.01042990
test_10656,0.99999082
test_10657,0.00202464
test_10658,0.99972612
test_10659,0.00009457
test_10660,0.96508640
test_10661,0.99733847
test_10662,0.00000000
test_10663,0.03375568
test_10664,1.00000000
test_10665,0.99997032
test_10666,0.02646560
test_10667,0.02857251
test_10668,0.99999928
test_10669,0.49643201
test_10670,0.00353602
test_10671,0.14912859
test_10672,0.00000745
test_10673,0.98938912
test_10674,0.33566344
test_10675,0.08410257
test_10676,0.94958359
test_10677,1.00000000
test_10678,0.98516184
test_10679,0.94137031
test_10680,0.04911638
test_10681,0.99995351
test_10682,0.99994123
test_10683,0.00000027
test_10684,0.00147029
test_10685,0.12218425
test_10686,0.99999976
test_10687,0.00166057
test_10688,0.01248260
test_10689,0.00000001
test_10690,0.99550050
test_10691,0.11030728
test_10692,0.34335107
test_10693,0.00000022
test_10694,0.82935590
test_10695,0.99992871
test_10696,0.59074324
test_10697,0.00000005
test_10698,0.60263532
test_10699,0.80315149
test_10700,0.00000000
test_10701,0.99270743
test_10702,0.00000000
test_10703,0.21003249
test_10704,0.00034429
test_10705,0.99996042
test_10706,0.00095434
test_10707,0.99772137
test_10708,0.99999964
test_10709,0.99999845
test_10710,0.99942929
test_10711,0.99999750
test_10712,1.00000000
test_10713,0.00001548
test_10714,0.64403415
test_10715,0.00000008
test_10716,0.42413568
test_10717,0.95413435
test_10718,0.43551955
test_10719,0.99915481
test_10720,0.99999988
test_10721,0.00000004
test_10722,0.99990928
test_10723,0.29208049
test_10724,0.00007959
test_10725,0.00000402
test_10726,0.95453554
test_10727,0.00000011
test_10728,0.00000000
test_10729,0.00000000
test_10730,0.28244036
test_10731,0.00094245
test_10732,0.99407440
test_10733,0.00000000
test_10734,0.00398408
test_10735,0.99999917
test_10736,0.00142681
test_10737,0.00000000
test_10738,0.99903166
test_10739,0.61342549
test_10740,0.99696118
test_10741,0.99992406
test_10742,0.00163087
test_10743,0.99984336
test_10744,0.00000010
test_10745,0.00002554
test_10746,0.00196940
test_10747,0.99935490
test_10748,0.99998403
test_10749,0.99999964
test_10750,0.44793779
test_10751,0.00000002
test_10752,0.98032558
test_10753,1.00000000
test_10754,0.99998128
test_10755,0.00000004
test_10756,0.61709982
test_10757,0.00006514
test_10758,0.00132692
test_10759,0.96070457
test_10760,0.00000035
test_10761,0.00000023
test_10762,0.99998236
test_10763,0.99989498
test_10764,0.99999821
test_10765,0.94656086
test_10766,0.94260687
test_10767,0.00052859
test_10768,1.00000000
test_10769,0.00290093
test_10770,0.00000506
test_10771,0.99966896
test_10772,0.00000000
test_10773,1.00000000
test_10774,0.99619460
test_10775,0.00226295
test_10776,0.16354020
test_10777,0.00000105
test_10778,0.99932778
test_10779,0.70536840
test_10780,0.99980396
test_10781,0.92522562
test_10782,0.06952006
test_10783,0.00052461
test_10784,0.00000498
test_10785,0.99993229
test_10786,0.99999714
test_10787,0.99965358
test_10788,0.78826201
test_10789,0.00021609
test_10790,0.91625661
test_10791,0.00047931
test_10792,0.68414885
test_10793,0.99638796
test_10794,0.99990356
test_10795,0.00000452
test_10796,0.99720192
test_10797,0.99651438
test_10798,1.00000000
test_10799,0.00000196
test_10800,1.00000000
test_10801,0.00000007
test_10802,0.00030311
test_10803,0.99999869
test_10804,0.00573312
test_10805,0.00152304
test_10806,0.99999988
test_10807,1.00000000
test_10808,0.99990475
test_10809,0.99994183
test_10810,0.99939382
test_10811,0.05756175
test_10812,0.00000174
test_10813,0.00004176
test_10814,0.00000571
test_10815,0.55732626
test_10816,0.19172491
test_10817,0.99980742
test_10818,0.99998546
test_10819,0.99585849
test_10820,0.00000560
test_10821,0.00000035
test_10822,0.98244035
test_10823,0.04141353
test_10824,0.00000007
test_10825,0.99069113
test_10826,0.99999583
test_10827,0.85803199
test_10828,0.99997759
test_10829,0.08609668
test_10830,0.99997330
test_10831,0.38766870
test_10832,0.80715334
test_10833,0.99999774
test_10834,0.99038297
test_10835,0.00237407
test_10836,0.00001609
test_10837,0.00818309
test_10838,0.00001348
test_10839,0.00051310
test_10840,0.99989426
test_10841,0.00658328
test_10842,0.82014149
test_10843,0.00000001
test_10844,0.70684862
test_10845,0.00000906
test_10846,1.00000000
test_10847,0.00694570
test_10848,0.00465622
test_10849,0.00000043
test_10850,0.00001098
test_10851,0.00000036
test_10852,0.00260999
test_10853,0.52708662
test_10854,0.99849451
test_10855,0.00428043
test_10856,0.63771784
test_10857,0.99991643
test_10858,0.98187214
test_10859,0.99999070
test_10860,0.00000476
test_10861,0.19997682
test_10862,0.99451125
test_10863,0.51261419
test_10864,0.95613575
test_10865,0.94749886
test_10866,1.00000000
test_10867,0.60291559
test_10868,0.00000015
test_10869,0.00014873
test_10870,0.00000068
test_10871,0.00002723
test_10872,0.94340825
test_10873,0.99999988
test_10874,0.05651538
test_10875,0.07064487
test_10876,0.00041809
test_10877,0.99993396
test_10878,1.00000000
test_10879,0.00046441
test_10880,0.99984336
test_10881,0.00000011
test_10882,0.00702876
test_10883,0.26089087
test_10884,0.99999940
test_10885,0.04903573
test_10886,0.78163207
test_10887,1.00000000
test_10888,0.99999988
test_10889,0.98492301
test_10890,0.02251004
test_10891,0.05787066
test_10892,0.99992597
test_10893,0.00000000
test_10894,0.00000046
test_10895,0.99320978
test_10896,0.00102001
test_10897,0.00206130
test_10898,0.70275348
test_10899,0.01651623
test_10900,0.12492081
test_10901,0.99999988
test_10902,0.98877138
test_10903,0.99999988
test_10904,1.00000000
test_10905,0.99999654
test_10906,1.00000000
test_10907,0.00000265
test_10908,0.00230363
test_10909,0.99999702
test_10910,0.00040865
test_10911,0.00000002
test_10912,1.00000000
test_10913,0.00000000
test_10914,0.99680042
test_10915,0.00947488
test_10916,0.00524579
test_10917,0.08227110
test_10918,0.00039845
test_10919,0.45303971
test_10920,0.99999952
test_10921,0.99920374
test_10922,0.06659924
test_10923,0.99999964
test_10924,0.57624263
test_10925,0.17914738
test_10926,0.00006466
test_10927,0.99916959
test_10928,0.00000003
test_10929,0.00000008
test_10930,0.99934155
test_10931,0.89739782
test_10932,0.99903703
test_10933,1.00000000
test_10934,0.00000050
test_10935,0.00003937
test_10936,0.99999714
test_10937,0.04444720
test_10938,0.00000000
test_10939,0.87837982
test_10940,0.00000000
test_10941,0.00531746
test_10942,0.00010742
test_10943,0.00176469
test_10944,0.99999988
test_10945,0.00002177
test_10946,0.00000000
test_10947,0.99990726
test_10948,0.02749747
test_10949,0.02363529
test_10950,0.00000193
test_10951,0.99979895
test_10952,0.00002612
test_10953,0.49264410
test_10954,0.99998951
test_10955,0.99994767
test_10956,0.00000079
test_10957,0.00000002
test_10958,0.00036968
test_10959,0.02140521
test_10960,0.02760284
test_10961,0.88584465
test_10962,0.11495991
test_10963,0.00133298
test_10964,0.00046761
test_10965,0.00000140
test_10966,0.10807061
test_10967,0.29161540
test_10968,0.00000004
test_10969,0.96504682
test_10970,0.00357959
test_10971,0.97841793
test_10972,0.92212844
test_10973,0.00006710
test_10974,0.22062987
test_10975,1.00000000
test_10976,0.99996984
test_10977,0.05831905
test_10978,0.86581641
test_10979,0.11482704
test_10980,0.05554291
test_10981,0.84560704
test_10982,0.99999678
test_10983,0.00087896
test_10984,0.99999225
test_10985,0.99999714
test_10986,0.00000106
test_10987,0.99999797
test_10988,0.00000000
test_10989,0.00034255
test_10990,0.00874359
test_10991,0.00002155
test_10992,0.99999928
test_10993,1.00000000
test_10994,0.00000336
test_10995,0.14288798
test_10996,0.99999988
test_10997,0.99999750
test_10998,0.00000009
test_10999,0.06838699
test_11000,0.00739030
test_11001,0.49080849
test_11002,0.34337768
test_11003,0.00001346
test_11004,0.23768437
test_11005,0.65423769
test_11006,0.00117508
test_11007,0.00001209
test_11008,0.00141469
test_11009,0.00000004
test_11010,0.79028732
test_11011,0.99291766
test_11012,0.32604232
test_11013,0.41497815
test_11014,0.96895009
test_11015,0.12127882
test_11016,0.05976222
test_11017,0.01225071
test_11018,0.99999940
test_11019,0.00183466
test_11020,0.80643231
test_11021,1.00000000
test_11022,0.02845524
test_11023,0.00027610
test_11024,1.00000000
test_11025,0.99999547
test_11026,0.99999976
test_11027,0.99999893
test_11028,0.65245700
test_11029,0.41073653
test_11030,0.99846941
test_11031,0.76298964
test_11032,0.00000008
test_11033,0.10333075
test_11034,0.00607530
test_11035,0.99999595
test_11036,1.00000000
test_11037,0.05072844
test_11038,0.99999905
test_11039,0.01321221
test_11040,1.00000000
test_11041,0.00005762
test_11042,0.00003988
test_11043,0.99786758
test_11044,0.99999177
test_11045,1.00000000
test_11046,0.94941968
test_11047,0.99854624
test_11048,0.31738979
test_11049,0.94959497
test_11050,0.00002986
test_11051,0.90984470
test_11052,0.99744225
test_11053,0.96634346
test_11054,0.97878838
test_11055,0.00006512
test_11056,0.68599516
test_11057,0.00036307
test_11058,0.79848355
test_11059,0.00000000
test_11060,0.99073267
test_11061,0.00006896
test_11062,1.00000000
test_11063,0.01963185
test_11064,0.83110839
test_11065,1.00000000
test_11066,1.00000000
test_11067,0.00000062
test_11068,0.00000708
test_11069,0.99998581
test_11070,0.99948210
test_11071,1.00000000
test_11072,0.00000116
test_11073,0.00000000
test_11074,0.00002257
test_11075,1.00000000
test_11076,0.99930561
test_11077,0.00000004
test_11078,0.02483710
test_11079,0.81273872
test_11080,0.00002367
test_11081,0.75668174
test_11082,0.00013171
test_11083,0.00082024
test_11084,0.99999976
test_11085,0.00881739
test_11086,0.06709004
test_11087,0.77379125
test_11088,0.00000021
test_11089,0.59976786
test_11090,0.99788994
test_11091,0.99965882
test_11092,0.00006161
test_11093,0.99048448
test_11094,0.00456170
test_11095,1.00000000
test_11096,0.16661620
test_11097,0.63771319
test_11098,0.00000013
test_11099,1.00000000
test_11100,1.00000000
test_11101,0.00000044
test_11102,0.85665959
test_11103,0.99210995
test_11104,0.00454379
test_11105,0.00025742
test_11106,0.09544238
test_11107,0.83466417
test_11108,0.99987352
test_11109,0.92022651
test_11110,0.55766255
test_11111,0.01965955
test_11112,0.98505461
test_11113,0.03746508
test_11114,1.00000000
test_11115,0.98517227
test_11116,0.99981350
test_11117,0.46063828
test_11118,0.97802347
test_11119,0.99977940
test_11120,0.00884231
test_11121,0.99794453
test_11122,0.18428604
test_11123,0.97350943
test_11124,1.00000000
test_11125,1.00000000
test_11126,1.00000000
test_11127,0.99835879
test_11128,0.02294576
test_11129,0.84697336
test_11130,0.99548596
test_11131,0.00170478
test_11132,0.98490703
test_11133,0.00000163
test_11134,0.00065477
test_11135,0.99671257
test_11136,0.99311310
test_11137,0.02779449
test_11138,0.99997938
test_11139,0.17578126
test_11140,0.00986262
test_11141,0.99778628
test_11142,0.00000000
test_11143,0.11054833
test_11144,1.00000000
test_11145,0.00132242
test_11146,0.00000000
test_11147,0.99943215
test_11148,0.00089397
test_11149,0.00000479
test_11150,0.99999964
test_11151,0.13921463
test_11152,0.83375096
test_11153,0.99998820
test_11154,0.99999022
test_11155,0.00008369
test_11156,0.00188382
test_11157,0.99816716
test_11158,0.07034574
test_11159,0.00000208
test_11160,0.01292840
test_11161,0.52155519
test_11162,0.00002762
test_11163,0.00000012
test_11164,0.28998110
test_11165,0.95169944
test_11166,0.63192582
test_11167,0.00078809
test_11168,0.02061225
test_11169,0.99999988
test_11170,0.10948001
test_11171,0.31408224
test_11172,0.82694250
test_11173,0.99676383
test_11174,0.00001080
test_11175,0.00002434
test_11176,0.02406995
test_11177,0.00019114
test_11178,0.00000798
test_11179,0.00283628
test_11180,0.99998045
test_11181,0.99999881
test_11182,0.00024024
test_11183,0.97264773
test_11184,0.99999559
test_11185,0.99999952
test_11186,0.00010215
test_11187,0.00002874
test_11188,1.00000000
test_11189,0.73487139
test_11190,0.01430574
test_11191,0.99989378
test_11192,0.20834078
test_11193,0.00000011
test_11194,0.03061820
test_11195,0.99998367
test_11196,0.00130534
test_11197,0.99998200
test_11198,0.99971730
test_11199,0.01162601
test_11200,0.00000000
test_11201,0.16884670
test_11202,0.78517479
test_11203,0.89659029
test_11204,0.81227505
test_11205,0.00048895
test_11206,0.73902637
test_11207,0.00000000
test_11208,0.99446481
test_11209,0.00011418
test_11210,0.95370567
test_11211,0.96960068
test_11212,0.66830444
test_11213,0.05959630
test_11214,0.00064978
test_11215,0.00000009
test_11216,0.00633315
test_11217,0.99760938
test_11218,0.98778790
test_11219,0.97969282
test_11220,0.52058285
test_11221,0.61812711
test_11222,0.00005542
test_11223,0.00241637
test_11224,0.99668437
test_11225,0.00000003
test_11226,0.86409032
test_11227,0.99993491
test_11228,0.00522011
test_11229,0.30745304
test_11230,0.00004502
test_11231,0.80426872
test_11232,0.04708985
test_11233,0.99980694
test_11234,0.92940718
test_11235,0.17544982
test_11236,0.54104370
test_11237,0.00000175
test_11238,0.99975175
test_11239,0.50406110
test_11240,0.99999988
test_11241,0.76675802
test_11242,1.00000000
test_11243,0.99577218
test_11244,0.06514364
test_11245,0.00031404
test_11246,0.99941754
test_11247,0.00021105
test_11248,0.92059064
test_11249,0.00184514
test_11250,0.99961960
test_11251,0.97030938
test_11252,0.00000884
test_11253,0.13899608
test_11254,0.99949825
test_11255,0.70319843
test_11256,0.07357130
test_11257,0.99802917
test_11258,1.00000000
test_11259,0.00000000
test_11260,0.00000000
test_11261,0.00000017
test_11262,0.99998808
test_11263,0.15814149
test_11264,0.03151534
test_11265,0.96094435
test_11266,0.00409041
test_11267,0.01681886
test_11268,0.66191959
test_11269,0.95696533
test_11270,0.99996877
test_11271,0.21603848
test_11272,0.00000004
test_11273,0.84288567
test_11274,1.00000000
test_11275,0.08223288
test_11276,0.00101933
test_11277,0.97782397
test_11278,0.00000000
test_11279,0.54012662
test_11280,0.62275034
test_11281,0.90274614
test_11282,0.00741159
test_11283,0.00027278
test_11284,0.40334150
test_11285,0.00000000
test_11286,0.00083205
test_11287,0.99648499
test_11288,0.95422637
test_11289,0.00000001
test_11290,0.99998534
test_11291,0.85587543
test_11292,1.00000000
test_11293,0.00000007
test_11294,0.99995124
test_11295,0.99995697
test_11296,0.00000009
test_11297,1.00000000
test_11298,0.00018676
test_11299,0.73381823
test_11300,1.00000000
test_11301,0.94777483
test_11302,0.00000058
test_11303,0.94273734
test_11304,0.99954516
test_11305,0.00052601
test_11306,0.99997294
test_11307,0.98258305
test_11308,0.59518307
test_11309,0.00095373
test_11310,0.02992700
test_11311,0.02720297
test_11312,0.67429233
test_11313,0.00000775
test_11314,0.00001191
test_11315,0.24171130
test_11316,0.00152533
test_11317,0.99999833
test_11318,0.03973952
test_11319,0.00001169
test_11320,0.00000057
test_11321,0.00016488
test_11322,0.00000633
test_11323,0.00000000
test_11324,0.00001108
test_11325,0.99967635
test_11326,0.00000010
test_11327,0.99987614
test_11328,0.99999833
test_11329,0.00000084
test_11330,0.00034227
test_11331,0.00005590
test_11332,1.00000000
test_11333,0.62147021
test_11334,0.83708662
test_11335,0.99197620
test_11336,0.97378135
test_11337,0.91359496
test_11338,0.03671457
test_11339,0.69273680
test_11340,0.99780017
test_11341,0.98740524
test_11342,0.00000000
test_11343,0.99513537
test_11344,0.00000289
test_11345,0.06719413
test_11346,0.42741981
test_11347,0.13572417
test_11348,0.41013417
test_11349,0.00744998
test_11350,0.61724156
test_11351,0.00000001
test_11352,0.07548662
test_11353,0.99999988
test_11354,0.00132681
test_11355,0.00029268
test_11356,0.00663854
test_11357,0.00000084
test_11358,0.00473812
test_11359,0.07507508
test_11360,0.10117920
test_11361,0.00000274
test_11362,0.00000787
test_11363,0.00000240
test_11364,0.00000006
test_11365,0.00878327
test_11366,0.98186916
test_11367,0.00000084
test_11368,0.00700939
test_11369,0.48240945
test_11370,0.99996006
test_11371,0.00027268
test_11372,0.36614472
test_11373,0.00000010
test_11374,0.99976414
test_11375,0.00278726
test_11376,0.00000365
test_11377,0.99042857
test_11378,0.99208099
test_11379,0.00000029
test_11380,0.00000004
test_11381,0.00786124
test_11382,0.99996328
test_11383,0.00690307
test_11384,0.00032971
test_11385,0.99999785
test_11386,1.00000000
test_11387,0.99999988
test_11388,0.16849329
test_11389,0.01610473
test_11390,0.01462093
test_11391,0.76879472
test_11392,0.99999905
test_11393,0.89513165
test_11394,0.54551435
test_11395,0.26318327
test_11396,0.11087487
test_11397,0.00000000
test_11398,0.59047657
test_11399,0.08889002
test_11400,0.00019070
test_11401,0.99970764
test_11402,0.99921930
test_11403,0.94164437
test_11404,0.99129760
test_11405,0.17428055
test_11406,0.00000011
test_11407,0.00000443
test_11408,0.91360146
test_11409,0.00005701
test_11410,0.00006853
test_11411,0.00446205
test_11412,0.99986672
test_11413,0.00039811
test_11414,0.00003992
test_11415,1.00000000
test_11416,0.00253989
test_11417,0.99772090
test_11418,0.06905942
test_11419,0.99996471
test_11420,0.00000251
test_11421,0.00736336
test_11422,0.98688591
test_11423,0.26670042
test_11424,0.85248131
test_11425,0.00775833
test_11426,0.51868385
test_11427,1.00000000
test_11428,0.00000887
test_11429,0.77923065
test_11430,0.88870102
test_11431,0.99997985
test_11432,0.33023554
test_11433,0.00005677
test_11434,0.37086576
test_11435,0.99997866
test_11436,0.05605851
test_11437,0.75811625
test_11438,0.00078405
test_11439,0.00000061
test_11440,0.02512870
test_11441,0.81262881
test_11442,0.00738722
test_11443,0.96571964
test_11444,0.30715168
test_11445,0.11915902
test_11446,0.00000000
test_11447,0.64891487
test_11448,0.00070625
test_11449,0.98575377
test_11450,0.99998724
test_11451,0.66818309
test_11452,0.99912614
test_11453,0.33106413
test_11454,0.00015667
test_11455,0.00000003
test_11456,0.00000001
test_11457,0.99997604
test_11458,0.55461788
test_11459,0.00000161
test_11460,0.05119494
test_11461,0.58204198
test_11462,0.94682807
test_11463,0.00603725
test_11464,0.99999821
test_11465,0.87577873
test_11466,0.99993634
test_11467,0.00005642
test_11468,0.99999988
test_11469,0.00000468
test_11470,0.00082971
test_11471,0.99617553
test_11472,0.01070233
test_11473,0.09354948
test_11474,0.98487478
test_11475,0.40871409
test_11476,0.01028958
test_11477,0.98708147
test_11478,0.00012679
test_11479,0.13839994
test_11480,0.99989116
test_11481,0.05627093
test_11482,0.13380179
test_11483,1.00000000
test_11484,0.00000053
test_11485,0.99999976
test_11486,0.87876868
test_11487,0.69071573
test_11488,0.00013911
test_11489,0.99778181
test_11490,0.99955529
test_11491,0.00000074
test_11492,0.12445025
test_11493,0.97779715
test_11494,0.96737850
test_11495,0.00000807
test_11496,0.64226609
test_11497,0.99942005
test_11498,0.03305907
test_11499,0.22745372
test_11500,0.01231859
test_11501,0.93678617
test_11502,0.01135142
test_11503,0.56239855
test_11504,0.99984205
test_11505,0.73974997
test_11506,0.00426570
test_11507,0.00017265
test_11508,0.00000824
test_11509,0.07789610
test_11510,0.18295620
test_11511,0.00064503
test_11512,0.00001197
test_11513,0.02248174
test_11514,0.00000004
test_11515,0.00000000
test_11516,0.13571632
test_11517,0.13146457
test_11518,0.00001127
test_11519,0.99983299
test_11520,0.96992940
test_11521,0.00525703
test_11522,0.00001497
test_11523,0.03265278
test_11524,0.00000000
test_11525,0.81562227
test_11526,0.73411268
test_11527,0.33556646
test_11528,0.01194208
test_11529,0.00000000
test_11530,0.99549699
test_11531,0.99999726
test_11532,0.99956852
test_11533,0.78752780
test_11534,1.00000000
test_11535,0.05621241
test_11536,1.00000000
test_11537,0.90050280
test_11538,0.12471324
test_11539,0.99999440
test_11540,0.99999118
test_11541,0.00274681
test_11542,0.00000000
test_11543,0.99999976
test_11544,0.00002082
test_11545,0.99880838
test_11546,0.01130888
test_11547,0.99993443
test_11548,0.04583427
test_11549,0.00033921
test_11550,0.99907291
test_11551,0.00019477
test_11552,0.99183989
test_11553,0.99257326
test_11554,0.59658247
test_11555,0.99512625
test_11556,0.93693066
test_11557,0.99311960
test_11558,0.99999988
test_11559,0.00000578
test_11560,0.73974353
test_11561,0.00000008
test_11562,0.99131399
test_11563,0.25642803
test_11564,0.64404070
test_11565,0.98519254
test_11566,0.00000000
test_11567,0.98932987
test_11568,0.00060124
test_11569,0.99996960
test_11570,0.17335087
test_11571,0.20970492
test_11572,0.00000001
test_11573,0.95997322
test_11574,0.99999225
test_11575,0.99999070
test_11576,0.99185395
test_11577,0.99992824
test_11578,0.06250656
test_11579,0.99980754
test_11580,0.99976069
test_11581,0.96090382
test_11582,0.00001605
test_11583,0.01976519
test_11584,0.96816999
test_11585,0.00001906
test_11586,1.00000000
test_11587,0.99999678
test_11588,0.00073461
test_11589,0.99998176
test_11590,0.99996316
test_11591,0.84003961
test_11592,0.99565697
test_11593,0.53110880
test_11594,0.99999964
test_11595,0.00000000
test_11596,0.99999893
test_11597,0.99999988
test_11598,0.00000000
test_11599,0.00000000
test_11600,0.43480140
test_11601,0.99989152
test_11602,0.00737034
test_11603,0.99711204
test_11604,0.99998760
test_11605,0.99999988
test_11606,0.00000143
test_11607,1.00000000
test_11608,0.00000304
test_11609,1.00000000
test_11610,0.04016921
test_11611,0.99999106
test_11612,0.98811209
test_11613,1.00000000
test_11614,0.00448353
test_11615,0.99999940
test_11616,0.99722916
test_11617,0.99985218
test_11618,0.99999309
test_11619,0.24279450
test_11620,0.68715549
test_11621,0.00002032
test_11622,0.19867529
test_11623,0.00000830
test_11624,0.99906307
test_11625,0.96771359
test_11626,1.00000000
test_11627,0.99999988
test_11628,0.00001288
test_11629,0.10136580
test_11630,0.00101021
test_11631,0.00000290
test_11632,0.00004912
test_11633,0.99999905
test_11634,0.33168206
test_11635,1.00000000
test_11636,0.99929845
test_11637,0.99999428
test_11638,0.02655391
test_11639,0.00557823
test_11640,0.99824762
test_11641,0.99965024
test_11642,0.99187100
test_11643,0.99999738
test_11644,0.99999559
test_11645,0.15392157
test_11646,0.00000017
test_11647,0.00000117
test_11648,0.99990177
test_11649,0.00129638
test_11650,0.99999857
test_11651,0.00641756
test_11652,0.00000001
test_11653,0.00000268
test_11654,0.00000137
test_11655,0.19144531
test_11656,0.99868566
test_11657,0.00000186
test_11658,0.01826462
test_11659,0.00001742
test_11660,0.68544817
test_11661,0.00036921
test_11662,0.98247105
test_11663,0.00000120
test_11664,0.00401703
test_11665,0.00000475
test_11666,0.06318182
test_11667,0.00000001
test_11668,0.99999809
test_11669,0.99879599
test_11670,0.00000029
test_11671,0.81675529
test_11672,0.99999082
test_11673,0.09132277
test_11674,0.00000002
test_11675,0.00000012
test_11676,0.99763870
test_11677,0.57180560
test_11678,0.00000293
test_11679,1.00000000
test_11680,0.00000817
test_11681,0.39073104
test_11682,0.00005652
test_11683,0.76272279
test_11684,0.73307425
test_11685,0.00108819
test_11686,0.99998605
test_11687,0.00128947
test_11688,0.01233624
test_11689,0.00436898
test_11690,0.98852867
test_11691,0.05495502
test_11692,0.00020535
test_11693,0.25182107
test_11694,0.00000000
test_11695,0.99607772
test_11696,0.00000001
test_11697,0.00004677
test_11698,0.00000128
test_11699,0.01729291
test_11700,0.65205145
test_11701,0.00002142
test_11702,0.07590047
test_11703,0.00001030
test_11704,0.99026090
test_11705,0.99755871
test_11706,1.00000000
test_11707,0.00000108
test_11708,0.99995816
test_11709,0.99999630
test_11710,0.99994278
test_11711,0.99999702
test_11712,0.44117054
test_11713,0.45286125
test_11714,0.99999499
test_11715,0.99999988
test_11716,0.43444851
test_11717,0.00000000
test_11718,0.52213293
test_11719,0.00000061
test_11720,1.00000000
test_11721,0.40873218
test_11722,0.74709314
test_11723,0.99999285
test_11724,0.00410081
test_11725,0.69208813
test_11726,0.75509632
test_11727,0.99875629
test_11728,0.90121508
test_11729,0.34160668
test_11730,0.00136635
test_11731,0.00000065
test_11732,0.99967945
test_11733,0.99999952
test_11734,0.00146880
test_11735,0.99990535
test_11736,0.00025700
test_11737,0.97891116
test_11738,0.99791211
test_11739,0.99829131
test_11740,0.00584594
test_11741,0.31499523
test_11742,0.32197696
test_11743,0.99099392
test_11744,0.99792284
test_11745,0.00000000
test_11746,0.80645210
test_11747,0.52066547
test_11748,0.04021133
test_11749,1.00000000
test_11750,0.50214499
test_11751,1.00000000
test_11752,0.99848831
test_11753,0.01745912
test_11754,0.99998951
test_11755,0.89375818
test_11756,0.99240232
test_11757,0.01467065
test_11758,0.00041668
test_11759,0.90711826
test_11760,0.98033959
test_11761,0.97341895
test_11762,0.99997342
test_11763,0.54309535
test_11764,0.99996126
test_11765,0.00000211
test_11766,0.85699707
test_11767,0.73453879
test_11768,0.00000490
test_11769,0.61077595
test_11770,0.31372061
test_11771,0.99999952
test_11772,0.99990654
test_11773,0.00033157
test_11774,0.00020323
test_11775,0.99302328
test_11776,0.86324853
test_11777,1.00000000
test_11778,0.99887234
test_11779,0.99995589
test_11780,0.99999952
test_11781,0.00005055
test_11782,0.00000017
test_11783,0.02318711
test_11784,1.00000000
test_11785,0.00000009
test_11786,0.99988341
test_11787,0.00293516
test_11788,0.17478183
test_11789,0.00007615
test_11790,0.07470600
test_11791,0.98616332
test_11792,0.99922335
test_11793,0.99992228
test_11794,0.97753429
test_11795,0.95284218
test_11796,0.01169170
test_11797,0.31562558
test_11798,0.10605299
test_11799,0.99865365
test_11800,0.00000000
test_11801,0.00387475
test_11802,0.01808159
test_11803,0.00077092
test_11804,0.00008190
test_11805,0.02248936
test_11806,0.02215981
test_11807,0.98477328
test_11808,0.99999452
test_11809,0.02075025
test_11810,0.99063748
test_11811,0.00002557
test_11812,0.93543857
test_11813,0.00509744
test_11814,0.00393359
test_11815,0.00000062
test_11816,0.99985397
test_11817,0.04035807
test_11818,0.00000007
test_11819,0.96618640
test_11820,0.69151998
test_11821,0.99754769
test_11822,0.99995637
test_11823,1.00000000
test_11824,0.99946600
test_11825,0.64078736
test_11826,0.00000253
test_11827,0.99455255
test_11828,0.99829048
test_11829,0.01462850
test_11830,0.98222381
test_11831,0.00000000
test_11832,0.00006629
test_11833,0.00000017
test_11834,0.91142887
test_11835,0.00310682
test_11836,0.11661268
test_11837,0.99999988
test_11838,0.32013708
test_11839,0.00113581
test_11840,0.51326150
test_11841,0.07772204
test_11842,0.00043804
test_11843,0.00694115
test_11844,0.00007839
test_11845,0.97763354
test_11846,0.00007529
test_11847,0.74939650
test_11848,0.99764925
test_11849,0.00021749
test_11850,1.00000000
test_11851,0.00138562
test_11852,0.00003469
test_11853,0.99999952
test_11854,0.00000000
test_11855,0.78917927
test_11856,0.97770417
test_11857,0.00000011
test_11858,1.00000000
test_11859,0.11784830
test_11860,0.48282692
test_11861,0.35926500
test_11862,0.00000021
test_11863,0.00004242
test_11864,0.98395187
test_11865,0.98891538
test_11866,0.99661958
test_11867,0.99979562
test_11868,0.00005805
test_11869,1.00000000
test_11870,0.96630526
test_11871,1.00000000
test_11872,1.00000000
test_11873,0.56999373
test_11874,0.97840333
test_11875,0.98175377
test_11876,0.99999452
test_11877,0.00003407
test_11878,0.95017803
test_11879,0.00002674
test_11880,0.00135654
test_11881,0.99999893
test_11882,1.00000000
test_11883,0.00202870
test_11884,1.00000000
test_11885,0.54343909
test_11886,0.48648626
test_11887,0.99999988
test_11888,0.98691666
test_11889,0.00288492
test_11890,0.00153110
test_11891,0.13245220
test_11892,0.06342357
test_11893,0.99234128
test_11894,0.98898065
test_11895,0.00000075
test_11896,1.00000000
test_11897,0.00006403
test_11898,0.00000418
test_11899,0.99999368
test_11900,0.92468691
test_11901,0.99639869
test_11902,0.99999869
test_11903,0.52652067
test_11904,0.99676776
test_11905,0.99999976
test_11906,0.00000000
test_11907,0.99998021
test_11908,0.00525504
test_11909,0.00000642
test_11910,0.03119520
test_11911,0.99992120
test_11912,0.00000222
test_11913,0.41227949
test_11914,0.02999305
test_11915,0.02392165
test_11916,0.00000000
test_11917,0.70381314
test_11918,0.99901485
test_11919,0.45287535
test_11920,0.60042065
test_11921,0.38462809
test_11922,0.24353783
test_11923,0.84307146
test_11924,0.99987161
test_11925,0.54951298
test_11926,0.99704677
test_11927,1.00000000
test_11928,0.72458684
test_11929,0.00016293
test_11930,0.99992764
test_11931,0.92001241
test_11932,0.00056446
test_11933,0.89906722
test_11934,0.00000305
test_11935,0.00445128
test_11936,0.99990594
test_11937,0.00002209
test_11938,1.00000000
test_11939,0.25366712
test_11940,0.00005896
test_11941,0.00000095
test_11942,0.99920422
test_11943,0.00126276
test_11944,0.00000006
test_11945,0.99975604
test_11946,0.91900957
test_11947,0.91079909
test_11948,0.00041229
test_11949,0.81676668
test_11950,0.00012720
test_11951,0.00013590
test_11952,0.00000001
test_11953,0.00032231
test_11954,0.00597719
test_11955,1.00000000
test_11956,0.95455074
test_11957,0.99001640
test_11958,0.00550557
test_11959,0.19044237
test_11960,0.00000000
test_11961,0.00066872
test_11962,0.21333346
test_11963,1.00000000
test_11964,0.62691557
test_11965,0.99818558
test_11966,0.99990833
test_11967,0.27265826
test_11968,0.99989462
test_11969,0.00000002
test_11970,0.00207326
test_11971,0.00931491
test_11972,0.99997616
test_11973,0.41463572
test_11974,0.99990571
test_11975,0.61814880
test_11976,0.07856847
test_11977,0.92182243
test_11978,0.99905413
test_11979,0.99999726
test_11980,0.99999988
test_11981,0.00350365
test_11982,0.97310150
test_11983,0.90979844
test_11984,0.08085645
test_11985,0.97465104
test_11986,0.97431898
test_11987,0.26944059
test_11988,0.99999988
test_11989,0.40552032
test_11990,0.99999988
test_11991,0.97402138
test_11992,0.00085386
test_11993,1.00000000
test_11994,0.01105093
test_11995,0.13923337
test_11996,0.00004206
test_11997,1.00000000
test_11998,0.27298617
test_11999,0.04053476
test_12000,0.99894875
test_12001,0.00000204
test_12002,0.00819167
test_12003,0.70602965
test_12004,0.01136153
test_12005,0.24320987
test_12006,0.00000035
test_12007,0.73599309
test_12008,0.87326056
test_12009,0.23087355
test_12010,0.00017394
test_12011,0.99995291
test_12012,0.06289432
test_12013,0.00000261
test_12014,0.93407470
test_12015,0.99999988
test_12016,0.50092202
test_12017,0.99797207
test_12018,0.99997473
test_12019,0.96031767
test_12020,0.00008156
test_12021,1.00000000
test_12022,0.99078476
test_12023,0.00573258
test_12024,0.00370794
test_12025,0.99984431
test_12026,0.58830082
test_12027,0.99987411
test_12028,0.01477764
test_12029,0.82927781
test_12030,0.82737935
test_12031,0.99986804
test_12032,0.00000000
test_12033,1.00000000
test_12034,0.99652040
test_12035,0.24484296
test_12036,0.00064003
test_12037,0.04989037
test_12038,0.90951115
test_12039,0.00000010
test_12040,0.99999988
test_12041,0.99948525
test_12042,0.00992084
test_12043,0.99923396
test_12044,0.00000095
test_12045,0.00000201
test_12046,1.00000000
test_12047,0.00000000
test_12048,0.99998677
test_12049,0.00000015
test_12050,0.98206908
test_12051,0.00000000
test_12052,0.00000150
test_12053,0.00000058
test_12054,0.99051040
test_12055,0.98510069
test_12056,0.05024291
test_12057,0.83140212
test_12058,0.91931450
test_12059,1.00000000
test_12060,0.99909854
test_12061,0.01560085
test_12062,0.00000020
test_12063,0.94597435
test_12064,0.99999988
test_12065,0.06202842
test_12066,0.00000641
test_12067,0.99999952
test_12068,0.00000107
test_12069,0.00000110
test_12070,0.00676634
test_12071,0.99773264
test_12072,0.99942589
test_12073,0.00146384
test_12074,0.18384831
test_12075,0.99989522
test_12076,0.98749334
test_12077,0.25577217
test_12078,1.00000000
test_12079,0.00000000
test_12080,0.00000626
test_12081,0.99653000
test_12082,0.00209149
test_12083,0.00000955
test_12084,0.99999976
test_12085,0.97958827
test_12086,0.99999833
test_12087,1.00000000
test_12088,0.62657261
test_12089,0.00000020
test_12090,0.08254167
test_12091,0.98011953
test_12092,0.99743456
test_12093,0.99998093
test_12094,0.99997914
test_12095,0.99002659
test_12096,0.97281545
test_12097,0.00314561
test_12098,0.93350142
test_12099,0.00020340
test_12100,0.00734271
test_12101,0.99999154
test_12102,0.00000006
test_12103,0.00000000
test_12104,0.84428704
test_12105,0.00000193
test_12106,0.45465764
test_12107,0.99984574
test_12108,0.99154800
test_12109,0.00000018
test_12110,0.00000017
test_12111,1.00000000
test_12112,0.99996579
test_12113,0.96061367
test_12114,0.99999988
test_12115,0.00000325
test_12116,0.00000166
test_12117,0.00591587
test_12118,0.98372656
test_12119,0.99560684
test_12120,0.99996638
test_12121,0.00000002
test_12122,0.48070636
test_12123,0.00129330
test_12124,0.99668968
test_12125,0.34444937
test_12126,0.99928790
test_12127,0.99999917
test_12128,0.99981445
test_12129,0.00073817
test_12130,0.99998379
test_12131,0.99999678
test_12132,0.00020540
test_12133,1.00000000
test_12134,0.99998200
test_12135,0.00016422
test_12136,0.85787570
test_12137,0.83547419
test_12138,0.00000015
test_12139,0.90918922
test_12140,0.47938201
test_12141,0.00003144
test_12142,0.99989152
test_12143,0.99973255
test_12144,0.02347762
test_12145,0.12288465
test_12146,0.98882884
test_12147,0.00000078
test_12148,0.00253925
test_12149,1.00000000
test_12150,0.00000000
test_12151,0.99999082
test_12152,0.91354680
test_12153,0.07620069
test_12154,0.99999869
test_12155,0.95195562
test_12156,0.00076608
test_12157,0.78007877
test_12158,0.00070476
test_12159,0.86310285
test_12160,0.99981958
test_12161,1.00000000
test_12162,0.99991429
test_12163,0.45305732
test_12164,0.99999332
test_12165,0.12568937
test_12166,0.99999881
test_12167,1.00000000
test_12168,0.00002233
test_12169,0.99140722
test_12170,0.00001151
test_12171,0.12470496
test_12172,0.99889237
test_12173,1.00000000
test_12174,0.98497111
test_12175,0.99999976
test_12176,0.23971319
test_12177,0.31172818
test_12178,0.68779886
test_12179,0.01770117
test_12180,0.99998999
test_12181,1.00000000
test_12182,0.90196079
test_12183,0.99999976
test_12184,0.00000749
test_12185,0.99999964
test_12186,0.79452962
test_12187,0.00004022
test_12188,0.00004182
test_12189,0.20678996
test_12190,1.00000000
test_12191,0.94306242
test_12192,0.00556547
test_12193,0.00292391
test_12194,0.00000001
test_12195,0.00000165
test_12196,0.00000838
test_12197,0.88192880
test_12198,0.72695184
test_12199,0.00000201
test_12200,0.98560649
test_12201,0.00000056
test_12202,0.90146697
test_12203,0.99871969
test_12204,0.00769310
test_12205,0.00206511
test_12206,0.07931935
test_12207,0.23036915
test_12208,0.99994147
test_12209,0.99998069
test_12210,0.00000003
test_12211,0.00000466
test_12212,0.99999881
test_12213,0.00000000
test_12214,0.99991643
test_12215,0.99977165
test_12216,0.96436590
test_12217,0.00001528
test_12218,0.00000366
test_12219,0.05281653
test_12220,0.00144646
test_12221,0.12310714
test_12222,0.00006617
test_12223,0.00000061
test_12224,0.03593520
test_12225,0.00001326
test_12226,0.00057636
test_12227,0.00030371
test_12228,0.99998868
test_12229,0.00000023
test_12230,0.65219170
test_12231,0.99931657
test_12232,0.02446547
test_12233,0.00634393
test_12234,0.99952734
test_12235,0.00026317
test_12236,0.00000001
test_12237,0.99669915
test_12238,0.58047396
test_12239,0.99999309
test_12240,0.88737780
test_12241,0.22359130
test_12242,0.00000012
test_12243,0.70226657
test_12244,0.00000706
test_12245,0.92631394
test_12246,0.99999428
test_12247,0.00012085
test_12248,0.28827539
test_12249,0.00570484
test_12250,0.03830523
test_12251,0.00000000
test_12252,0.00489219
test_12253,0.99933702
test_12254,0.97561681
test_12255,0.58365196
test_12256,0.98226053
test_12257,0.16580737
test_12258,0.00000000
test_12259,0.99996531
test_12260,0.99969566
test_12261,1.00000000
test_12262,0.34176415
test_12263,0.06805696
test_12264,0.73746121
test_12265,0.00000119
test_12266,0.10819325
test_12267,0.03047323
test_12268,0.00032724
test_12269,0.99995434
test_12270,0.00266498
test_12271,0.00615913
test_12272,0.99999917
test_12273,0.00000162
test_12274,0.33656585
test_12275,0.25754687
test_12276,0.05281037
test_12277,0.94353563
test_12278,0.00000000
test_12279,0.99989820
test_12280,0.99992013
test_12281,0.00015239
test_12282,0.00000009
test_12283,0.98689497
test_12284,0.00048264
test_12285,0.04031010
test_12286,0.15340430
test_12287,0.99020630
test_12288,0.99993193
test_12289,0.00000029
test_12290,0.35178560
test_12291,0.99997973
test_12292,0.89667243
test_12293,0.99987364
test_12294,0.08882959
test_12295,0.24649659
test_12296,1.00000000
test_12297,0.00000000
test_12298,0.72508937
test_12299,0.09558788
test_12300,0.00010343
test_12301,0.02882089
test_12302,0.01807120
test_12303,0.00000074
test_12304,0.99975723
test_12305,0.00000013
test_12306,0.99040204
test_12307,0.01928088
test_12308,0.71985865
test_12309,0.99999905
test_12310,0.29488426
test_12311,0.15790537
test_12312,1.00000000
test_12313,0.00000061
test_12314,0.99701679
test_12315,0.88908571
test_12316,0.00000306
test_12317,0.00000010
test_12318,0.00000007
test_12319,0.99943441
test_12320,1.00000000
test_12321,0.80966800
test_12322,0.00062575
test_12323,0.04899783
test_12324,0.00388082
test_12325,0.99999189
test_12326,1.00000000
test_12327,0.99992311
test_12328,0.00000376
test_12329,0.00006864
test_12330,0.99999917
test_12331,0.00009756
test_12332,0.81986535
test_12333,0.00000113
test_12334,0.00198708
test_12335,0.96661043
test_12336,0.06233635
test_12337,0.83807755
test_12338,0.03590848
test_12339,0.99936444
test_12340,0.70633060
test_12341,0.00387385
test_12342,0.00000089
test_12343,0.00000605
test_12344,0.97181374
test_12345,0.99997473
test_12346,0.99916255
test_12347,0.99991584
test_12348,0.36490497
test_12349,0.78190702
test_12350,0.00001895
test_12351,0.00000039
test_12352,0.99897265
test_12353,0.99940479
test_12354,0.28190437
test_12355,0.00000058
test_12356,0.04701861
test_12357,0.99994588
test_12358,0.07181483
test_12359,0.99999988
test_12360,0.01227896
test_12361,0.99999750
test_12362,0.03460971
test_12363,0.00251126
test_12364,0.00000001
test_12365,0.99999750
test_12366,0.09492660
test_12367,0.02165224
test_12368,0.99989045
test_12369,0.95176423
test_12370,0.00000004
test_12371,0.88171989
test_12372,1.00000000
test_12373,1.00000000
test_12374,0.00073571
test_12375,0.97540843
test_12376,0.02853774
test_12377,0.00071884
test_12378,0.05564884
test_12379,0.00021176
test_12380,0.00000800
test_12381,0.32200250
test_12382,0.00914920
test_12383,0.00000000
test_12384,0.99969792
test_12385,0.00068927
test_12386,0.00021171
test_12387,1.00000000
test_12388,0.00017302
test_12389,0.09492649
test_12390,0.99990952
test_12391,0.99965715
test_12392,0.00000152
test_12393,0.00000034
test_12394,0.99578732
test_12395,0.99999654
test_12396,0.43218264
test_12397,0.00000021
test_12398,0.85328883
test_12399,0.00000000
test_12400,0.99999797
test_12401,0.00005653
test_12402,0.00019063
test_12403,0.99201655
test_12404,0.03370865
test_12405,0.00714089
test_12406,0.24517532
test_12407,0.04820045
test_12408,0.99999940
test_12409,0.99568814
test_12410,0.00001380
test_12411,0.99999416
test_12412,0.99986076
test_12413,0.01459390
test_12414,0.00000166
test_12415,0.89911181
test_12416,0.99874532
test_12417,0.99551326
test_12418,0.99645245
test_12419,0.38127291
test_12420,0.99998772
test_12421,0.00000004
test_12422,1.00000000
test_12423,0.00115355
test_12424,0.03091238
test_12425,0.35329959
test_12426,0.97591478
test_12427,0.08471464
test_12428,0.99999905
test_12429,0.99464500
test_12430,1.00000000
test_12431,0.99986148
test_12432,0.99983621
test_12433,0.28968185
test_12434,0.99891269
test_12435,0.00000056
test_12436,0.00110403
test_12437,0.00002653
test_12438,0.00002521
test_12439,0.00000877
test_12440,0.94891310
test_12441,0.99994636
test_12442,0.99160200
test_12443,0.00042743
test_12444,0.00003931
test_12445,1.00000000
test_12446,0.49666652
test_12447,0.00007609
test_12448,0.00001545
test_12449,0.99973923
test_12450,1.00000000
test_12451,0.99999356
test_12452,0.39127725
test_12453,0.76372373
test_12454,0.99934608
test_12455,0.34140423
test_12456,0.08436452
test_12457,0.00000026
test_12458,0.98055637
test_12459,0.99686360
test_12460,0.00000997
test_12461,0.99998462
test_12462,0.00005015
test_12463,0.13311790
test_12464,0.12933885
test_12465,1.00000000
test_12466,0.00000499
test_12467,0.99992990
test_12468,0.98627847
test_12469,0.31921640
test_12470,0.99450266
test_12471,0.96309131
test_12472,0.00000000
test_12473,1.00000000
test_12474,0.00000001
test_12475,0.84630257
test_12476,0.87764680
test_12477,0.00000058
test_12478,0.99999833
test_12479,0.03867481
test_12480,0.00000000
test_12481,0.00054145
test_12482,0.12873028
test_12483,0.00006719
test_12484,1.00000000
test_12485,0.00000000
test_12486,0.00000001
test_12487,0.96421480
test_12488,0.04311346
test_12489,0.99999940
test_12490,0.97705567
test_12491,0.38326824
test_12492,0.99787843
test_12493,0.85500419
test_12494,0.96560675
test_12495,0.02608995
test_12496,0.79307747
test_12497,0.00000257
test_12498,0.16646539
test_12499,0.88591444
test_12500,0.99999976
test_12501,1.00000000
test_12502,0.00000125
test_12503,0.99999869
test_12504,1.00000000
test_12505,0.01060590
test_12506,0.99986339
test_12507,0.53133559
test_12508,0.99998701
test_12509,0.00000007
test_12510,0.98813432
test_12511,0.58754367
test_12512,0.15724844
test_12513,0.07013539
test_12514,0.99998915
test_12515,0.03021906
test_12516,0.99999619
test_12517,0.00003331
test_12518,0.00001257
test_12519,0.36202794
test_12520,0.00002859
test_12521,0.00000013
test_12522,0.01833147
test_12523,0.00000026
test_12524,0.99836594
test_12525,0.59237707
test_12526,1.00000000
test_12527,0.00000007
test_12528,0.09696251
test_12529,0.00780962
test_12530,0.98872584
test_12531,0.00045520
test_12532,0.51534814
test_12533,0.99994707
test_12534,0.99991429
test_12535,0.46420172
test_12536,0.00000168
test_12537,0.00487387
test_12538,1.00000000
test_12539,0.00283096
test_12540,0.31146699
test_12541,0.30794775
test_12542,0.00107049
test_12543,0.61557120
test_12544,0.00070363
test_12545,1.00000000
test_12546,0.00000017
test_12547,0.00000014
test_12548,0.33001152
test_12549,0.12894697
test_12550,0.47537860
test_12551,0.00100587
test_12552,0.99998081
test_12553,0.91110730
test_12554,0.00007627
test_12555,0.99952054
test_12556,0.07626785
test_12557,0.65060270
test_12558,0.90559351
test_12559,0.11226445
test_12560,1.00000000
test_12561,0.99998438
test_12562,0.24013415
test_12563,0.99948978
test_12564,0.70824325
test_12565,0.00000023
test_12566,1.00000000
test_12567,0.00063887
test_12568,0.00177890
test_12569,0.49774051
test_12570,0.99984276
test_12571,0.00000276
test_12572,0.84883064
test_12573,0.00000026
test_12574,0.74021226
test_12575,0.00000038
test_12576,0.61659461
test_12577,0.14203450
test_12578,0.00006535
test_12579,0.99805140
test_12580,0.00119455
test_12581,0.33093473
test_12582,0.00000007
test_12583,1.00000000
test_12584,0.03216654
test_12585,0.99999917
test_12586,0.17386740
test_12587,0.00546365
test_12588,0.00000002
test_12589,0.00000023
test_12590,0.46958509
test_12591,0.99627870
test_12592,0.00005036
test_12593,0.00567643
test_12594,0.12394685
test_12595,0.99977535
test_12596,0.00000021
test_12597,0.96181524
test_12598,0.00041858
test_12599,0.00000088
test_12600,0.99810946
test_12601,0.56679797
test_12602,0.00001292
test_12603,1.00000000
test_12604,0.00323038
test_12605,0.00630010
test_12606,0.84359211
test_12607,0.00004010
test_12608,0.42602372
test_12609,0.94300050
test_12610,0.01141862
test_12611,0.00003379
test_12612,0.00000045
test_12613,0.63775849
test_12614,0.85839880
test_12615,0.97214895
test_12616,0.00578138
test_12617,0.00000007
test_12618,0.00010997
test_12619,0.99982649
test_12620,0.14426456
test_12621,0.00028228
test_12622,0.00000000
test_12623,0.55654746
test_12624,0.99955028
test_12625,0.00000004
test_12626,0.00003820
test_12627,0.00763929
test_12628,0.00000151
test_12629,0.99963772
test_12630,0.11967274
test_12631,1.00000000
test_12632,0.13621211
test_12633,0.20904388
test_12634,0.00076422
test_12635,0.00581938
test_12636,0.99984229
test_12637,0.87906069
test_12638,0.00003326
test_12639,0.94230223
test_12640,0.45507678
test_12641,0.00000011
test_12642,0.94391412
test_12643,1.00000000
test_12644,0.00003979
test_12645,1.00000000
test_12646,0.99999988
test_12647,0.00000536
test_12648,0.00009060
test_12649,0.00548003
test_12650,0.99912709
test_12651,0.99999988
test_12652,0.00000000
test_12653,0.99889332
test_12654,0.00000035
test_12655,0.99998796
test_12656,0.68947262
test_12657,0.79384983
test_12658,0.10242578
test_12659,0.00003995
test_12660,0.28051621
test_12661,0.99999583
test_12662,0.99752468
test_12663,0.00003434
test_12664,0.00000000
test_12665,0.99999964
test_12666,0.00082150
test_12667,0.99533147
test_12668,0.86272162
test_12669,0.00002056
test_12670,0.99931192
test_12671,0.99084455
test_12672,0.00023873
test_12673,0.00178837
test_12674,0.98253697
test_12675,0.00392936
test_12676,1.00000000
test_12677,0.99976450
test_12678,0.12092627
test_12679,0.99995959
test_12680,0.61569256
test_12681,0.28611940
test_12682,0.97757530
test_12683,0.00032803
test_12684,0.61915946
test_12685,0.00471381
test_12686,0.97503543
test_12687,0.99999213
test_12688,0.99997056
test_12689,0.59215796
test_12690,0.00952452
test_12691,0.99486238
test_12692,0.98220843
test_12693,0.01620751
test_12694,0.06433295
test_12695,0.00000321
test_12696,0.09289160
test_12697,0.00000003
test_12698,0.99143630
test_12699,0.00021354
test_12700,0.97377044
test_12701,0.99960083
test_12702,0.00000090
test_12703,0.00181879
test_12704,1.00000000
test_12705,0.99681658
test_12706,0.00000014
test_12707,0.89552045
test_12708,1.00000000
test_12709,0.99711800
test_12710,0.00022985
test_12711,0.02397344
test_12712,0.99999964
test_12713,0.17262799
test_12714,0.00703290
test_12715,0.46670771
test_12716,0.00000000
test_12717,0.01546381
test_12718,0.00371325
test_12719,0.97936386
test_12720,0.99995887
test_12721,0.99998891
test_12722,0.99989581
test_12723,0.00000000
test_12724,0.00000015
test_12725,0.58748507
test_12726,0.99926943
test_12727,0.20309553
test_12728,0.44932470
test_12729,0.91242111
test_12730,0.00030205
test_12731,0.99980253
test_12732,0.47170243
test_12733,0.25506091
test_12734,0.99999893
test_12735,0.99988759
test_12736,0.63701516
test_12737,0.99927694
test_12738,0.87981522
test_12739,0.99975544
test_12740,0.05058381
test_12741,0.00000000
test_12742,0.00008416
test_12743,0.00010665
test_12744,0.00002010
test_12745,0.01360414
test_12746,0.48775220
test_12747,0.95049912
test_12748,0.19194764
test_12749,0.00012733
test_12750,0.00000124
test_12751,0.03309850
test_12752,0.99965751
test_12753,0.00000651
test_12754,0.00002453
test_12755,0.31004018
test_12756,0.99975508
test_12757,0.61854124
test_12758,0.19126217
test_12759,0.00000000
test_12760,0.88180596
test_12761,0.15999922
test_12762,0.02535146
test_12763,0.12811680
test_12764,0.00000061
test_12765,0.75897247
test_12766,0.00000000
test_12767,0.00009798
test_12768,0.95154309
test_12769,1.00000000
test_12770,0.00000334
test_12771,0.00000000
test_12772,0.92296261
test_12773,0.99999952
test_12774,0.00042735
test_12775,1.00000000
test_12776,0.02323363
test_12777,0.00000000
test_12778,0.99879754
test_12779,0.90484977
test_12780,1.00000000
test_12781,1.00000000
test_12782,0.00020405
test_12783,0.99999893
test_12784,0.95009941
test_12785,0.79917759
test_12786,0.95639998
test_12787,0.99996889
test_12788,0.00000943
test_12789,0.99960953
test_12790,0.00173430
test_12791,0.09296036
test_12792,0.01961502
test_12793,0.99845564
test_12794,0.28268746
test_12795,0.99998856
test_12796,0.99992919
test_12797,1.00000000
test_12798,0.97328949
test_12799,0.00000000
test_12800,0.05295874
test_12801,0.00032970
test_12802,0.00004761
test_12803,0.72000581
test_12804,0.99999881
test_12805,0.00044353
test_12806,0.00653224
test_12807,0.36611161
test_12808,0.00268170
test_12809,0.98349321
test_12810,0.00013952
test_12811,0.00197884
test_12812,0.36522603
test_12813,0.99705350
test_12814,0.61849600
test_12815,0.00008587
test_12816,0.11425836
test_12817,0.00000006
test_12818,0.00000000
test_12819,0.00000000
test_12820,0.99999714
test_12821,0.00656532
test_12822,0.61742646
test_12823,0.99892539
test_12824,0.00000012
test_12825,0.41938895
test_12826,0.03623076
test_12827,0.00177285
test_12828,0.79476178
test_12829,0.99999988
test_12830,0.00000036
test_12831,0.00035659
test_12832,0.99997902
test_12833,0.00000078
test_12834,0.99999440
test_12835,0.98527354
test_12836,0.79227114
test_12837,1.00000000
test_12838,0.99864691
test_12839,0.00000015
test_12840,0.00000002
test_12841,0.00000001
test_12842,0.00000267
test_12843,0.99999702
test_12844,0.50677055
test_12845,0.00000247
test_12846,0.00000805
test_12847,0.53910601
test_12848,0.99333972
test_12849,0.03437087
test_12850,0.99670285
test_12851,0.00091689
test_12852,0.00003272
test_12853,0.81390089
test_12854,0.52870107
test_12855,0.55168569
test_12856,1.00000000
test_12857,0.91809738
test_12858,0.00000028
test_12859,0.99997103
test_12860,0.68874037
test_12861,0.26072907
test_12862,0.00000038
test_12863,0.00000005
test_12864,0.00000892
test_12865,0.99999428
test_12866,0.39329824
test_12867,0.99114436
test_12868,0.35877803
test_12869,0.00000006
test_12870,0.99365318
test_12871,0.72312796
test_12872,0.99867636
test_12873,0.97414207
test_12874,0.99999976
test_12875,0.00172993
test_12876,0.00539443
test_12877,0.00152788
test_12878,0.98390269
test_12879,0.86829978
test_12880,0.00000032
test_12881,0.00000007
test_12882,0.99995124
test_12883,0.00620660
test_12884,0.34883082
test_12885,0.00000000
test_12886,0.95639962
test_12887,0.05552557
test_12888,0.00000082
test_12889,0.00000104
test_12890,0.99999881
test_12891,0.00042000
test_12892,0.00000827
test_12893,0.99996638
test_12894,0.00077996
test_12895,1.00000000
test_12896,0.99999940
test_12897,0.99980289
test_12898,0.07176165
test_12899,0.00058265
test_12900,0.99995792
test_12901,0.98296481
test_12902,0.99999440
test_12903,0.49595672
test_12904,0.87553686
test_12905,0.99999964
test_12906,0.00000007
test_12907,0.01349764
test_12908,0.99999559
test_12909,0.99996173
test_12910,0.01172660
test_12911,1.00000000
test_12912,1.00000000
test_12913,0.00000757
test_12914,0.00000000
test_12915,0.99775511
test_12916,1.00000000
test_12917,0.99993896
test_12918,0.00015002
test_12919,0.01963929
test_12920,0.99630547
test_12921,0.00000000
test_12922,0.00000191
test_12923,0.97703177
test_12924,1.00000000
test_12925,0.99004996
test_12926,0.99999142
test_12927,0.06490082
test_12928,0.00000008
test_12929,0.99997950
test_12930,1.00000000
test_12931,0.00952823
test_12932,0.00000052
test_12933,0.99999750
test_12934,0.00266919
test_12935,0.12024554
test_12936,0.74890608
test_12937,0.99241590
test_12938,0.00421923
test_12939,0.99999797
test_12940,0.99993694
test_12941,0.00570420
test_12942,0.61385381
test_12943,0.00184436
test_12944,0.95817888
test_12945,0.00008624
test_12946,0.99999988
test_12947,0.99814570
test_12948,0.19646506
test_12949,0.00016882
test_12950,0.99964333
test_12951,0.89997303
test_12952,0.03554554
test_12953,1.00000000
test_12954,0.00000142
test_12955,0.00002010
test_12956,1.00000000
test_12957,0.96772075
test_12958,0.00000000
test_12959,0.82357651
test_12960,0.04842719
test_12961,0.00000040
test_12962,0.25043368
test_12963,0.99999976
test_12964,0.00010177
test_12965,0.87777042
test_12966,0.95083731
test_12967,0.00000137
test_12968,0.00878635
test_12969,0.04188984
test_12970,0.00655270
test_12971,0.00000004
test_12972,0.00018705
test_12973,0.00001840
test_12974,0.49573234
test_12975,0.00427056
test_12976,0.09559780
test_12977,0.00384911
test_12978,0.99934989
test_12979,0.00187602
test_12980,0.00010080
test_12981,0.99996758
test_12982,0.99954969
test_12983,0.17583367
test_12984,0.08143967
test_12985,0.65466261
test_12986,0.99874449
test_12987,0.99643266
test_12988,0.08652373
test_12989,0.84933507
test_12990,0.99992096
test_12991,0.50720263
test_12992,0.00000070
test_12993,0.99811858
test_12994,0.00000196
test_12995,0.99978870
test_12996,0.72409838
test_12997,0.00000206
test_12998,0.99999380
test_12999,0.21391366
test_13000,0.98859209
test_13001,1.00000000
test_13002,0.00001377
test_13003,1.00000000
test_13004,0.19261056
test_13005,0.22955143
test_13006,0.00289160
test_13007,0.00173151
test_13008,0.99388206
test_13009,0.70926940
test_13010,0.20511107
test_13011,0.12132286
test_13012,0.48826662
test_13013,0.94463414
test_13014,0.00000324
test_13015,0.99999809
test_13016,0.00038152
test_13017,0.99780589
test_13018,0.00000000
test_13019,0.99989402
test_13020,0.28111073
test_13021,0.90359479
test_13022,0.79871839
test_13023,0.52602577
test_13024,0.91520780
test_13025,0.99999988
test_13026,1.00000000
test_13027,0.99575448
test_13028,0.00003454
test_13029,0.39609987
test_13030,0.11737107
test_13031,0.83861536
test_13032,0.95004934
test_13033,0.00000027
test_13034,0.96452266
test_13035,0.75352806
test_13036,0.99265009
test_13037,1.00000000
test_13038,0.55653667
test_13039,1.00000000
test_13040,0.99534047
test_13041,0.64885616
test_13042,0.99971980
test_13043,0.99130297
test_13044,0.99988687
test_13045,0.00018057
test_13046,0.99995553
test_13047,0.01598162
test_13048,0.00000061
test_13049,0.99999917
test_13050,0.00000000
test_13051,0.00180685
test_13052,0.72713363
test_13053,0.57373035
test_13054,0.00000570
test_13055,0.02103490
test_13056,0.99975091
test_13057,0.00266095
test_13058,0.00000000
test_13059,0.99997890
test_13060,0.89667326
test_13061,1.00000000
test_13062,1.00000000
test_13063,0.00432864
test_13064,0.00072476
test_13065,0.99926084
test_13066,0.98761278
test_13067,0.04436873
test_13068,0.03108725
test_13069,0.99998140
test_13070,0.88528055
test_13071,0.00005199
test_13072,0.00001152
test_13073,0.74685180
test_13074,0.99999905
test_13075,0.72348803
test_13076,0.00041866
test_13077,0.90897268
test_13078,0.99997044
test_13079,0.99872512
test_13080,0.00000000
test_13081,0.00000047
test_13082,0.91997790
test_13083,0.98954737
test_13084,1.00000000
test_13085,0.99912244
test_13086,0.99999905
test_13087,0.00000000
test_13088,0.99999714
test_13089,0.06258489
test_13090,0.00490397
test_13091,0.05662240
test_13092,0.99999857
test_13093,0.00000486
test_13094,0.99955410
test_13095,0.99992883
test_13096,0.00000107
test_13097,0.02175755
test_13098,0.00001300
test_13099,0.00768357
test_13100,0.00213675
test_13101,0.00000579
test_13102,0.04630295
test_13103,0.01855499
test_13104,0.00000000
test_13105,0.97153306
test_13106,0.42950505
test_13107,0.14795078
test_13108,0.99999416
test_13109,0.00000052
test_13110,0.99999177
test_13111,0.92070252
test_13112,0.99998915
test_13113,0.90259320
test_13114,0.00003976
test_13115,0.76957554
test_13116,0.79158199
test_13117,0.00000315
test_13118,0.00507601
test_13119,0.03071019
test_13120,0.00000055
test_13121,0.79696953
test_13122,0.00000254
test_13123,0.03832256
test_13124,0.99997413
test_13125,0.99999559
test_13126,0.01838201
test_13127,0.99565756
test_13128,0.70422399
test_13129,0.00182484
test_13130,0.99383521
test_13131,0.29939219
test_13132,0.99996042
test_13133,0.00789809
test_13134,0.00000000
test_13135,0.00000030
test_13136,0.00077129
test_13137,0.99956292
test_13138,0.97768140
test_13139,0.07272419
test_13140,0.16930765
test_13141,0.98635083
test_13142,0.00005416
test_13143,0.99999297
test_13144,0.00000010
test_13145,0.99608493
test_13146,0.99998951
test_13147,0.99985039
test_13148,0.00000015
test_13149,0.94965518
test_13150,0.21801530
test_13151,0.99970943
test_13152,0.02010287
test_13153,0.99988461
test_13154,0.12556213
test_13155,1.00000000
test_13156,0.00022742
test_13157,0.99878472
test_13158,0.98414087
test_13159,0.99999857
test_13160,0.16018686
test_13161,0.38140160
test_13162,0.99098212
test_13163,0.99993610
test_13164,0.07293857
test_13165,0.13498525
test_13166,0.62048137
test_13167,0.00001559
test_13168,0.06825426
test_13169,0.05314722
test_13170,0.79924744
test_13171,0.83210981
test_13172,0.99830234
test_13173,0.00000000
test_13174,0.99999642
test_13175,0.00001135
test_13176,0.06115248
test_13177,0.04293646
test_13178,0.00074105
test_13179,0.00001479
test_13180,0.99465406
test_13181,0.14263044
test_13182,0.99997342
test_13183,0.99999893
test_13184,0.29663348
test_13185,0.99995863
test_13186,0.66134447
test_13187,0.99971741
test_13188,0.15429212
test_13189,0.02822883
test_13190,0.08808103
test_13191,0.00000092
test_13192,0.99999988
test_13193,0.01104749
test_13194,1.00000000
test_13195,0.00049469
test_13196,0.99999976
test_13197,0.00000030
test_13198,0.80209553
test_13199,0.99999630
test_13200,0.12435337
test_13201,0.00272520
test_13202,0.99205607
test_13203,0.99999988
test_13204,0.03064023
test_13205,0.20147148
test_13206,0.00000011
test_13207,0.93209130
test_13208,0.00017177
test_13209,0.00002642
test_13210,0.99904710
test_13211,0.99998939
test_13212,0.99978811
test_13213,0.00046883
test_13214,0.00000000
test_13215,0.00041280
test_13216,0.96973509
test_13217,1.00000000
test_13218,0.99999964
test_13219,0.00000596
test_13220,0.99974710
test_13221,0.01935537
test_13222,0.99971586
test_13223,0.76816881
test_13224,0.99999988
test_13225,0.06051806
test_13226,0.99975783
test_13227,0.99999142
test_13228,0.04039399
test_13229,0.02813261
test_13230,0.10052013
test_13231,0.99806601
test_13232,0.99930739
test_13233,0.00000539
test_13234,0.99999976
test_13235,0.04803179
test_13236,0.02727263
test_13237,0.00301310
test_13238,1.00000000
test_13239,0.10558379
test_13240,0.00015525
test_13241,0.00017419
test_13242,0.00009495
test_13243,0.99524850
test_13244,0.99498296
test_13245,0.86651707
test_13246,0.99988747
test_13247,0.99986005
test_13248,0.98421776
test_13249,0.03074999
test_13250,1.00000000
test_13251,0.00760053
test_13252,0.00000751
test_13253,0.00024826
test_13254,0.02543296
test_13255,0.71412110
test_13256,0.00000000
test_13257,0.00000003
test_13258,0.06008910
test_13259,1.00000000
test_13260,0.00006683
test_13261,0.00002505
test_13262,0.00000102
test_13263,0.00000043
test_13264,0.39744201
test_13265,0.99997973
test_13266,0.99998021
test_13267,0.10740110
test_13268,0.02841561
test_13269,0.00287449
test_13270,0.00025205
test_13271,0.00000001
test_13272,0.00000020
test_13273,1.00000000
test_13274,0.68298262
test_13275,0.01368454
test_13276,0.26493299
test_13277,0.60914057
test_13278,0.73487335
test_13279,0.83578193
test_13280,0.00764143
test_13281,0.99967563
test_13282,0.00000123
test_13283,0.13956583
test_13284,0.87484092
test_13285,0.00049700
test_13286,0.89946514
test_13287,0.00000030
test_13288,0.99950886
test_13289,0.00000279
test_13290,0.99996340
test_13291,0.99997950
test_13292,0.99985576
test_13293,0.99998295
test_13294,0.05316208
test_13295,1.00000000
test_13296,0.99999511
test_13297,0.00000324
test_13298,0.99969745
test_13299,0.99999988
test_13300,0.38027748
test_13301,0.49298748
test_13302,0.84184927
test_13303,0.00115088
test_13304,0.03982307
test_13305,0.00014005
test_13306,0.00001039
test_13307,0.02258830
test_13308,1.00000000
test_13309,0.99999988
test_13310,0.99999976
test_13311,0.99820518
test_13312,0.31983933
test_13313,0.10872594
test_13314,0.99751365
test_13315,0.99999988
test_13316,0.00142000
test_13317,0.99999988
test_13318,0.17920330
test_13319,0.92074972
test_13320,0.00010020
test_13321,0.99869627
test_13322,0.02567087
test_13323,0.99955314
test_13324,0.00079599
test_13325,0.00000000
test_13326,0.11649333
test_13327,1.00000000
test_13328,0.00000000
test_13329,0.00000453
test_13330,0.53394711
test_13331,0.40252313
test_13332,0.00000002
test_13333,0.99999893
test_13334,0.07133151
test_13335,0.00009222
test_13336,0.06683828
test_13337,1.00000000
test_13338,0.26588383
test_13339,0.97812164
test_13340,0.31678995
test_13341,1.00000000
test_13342,0.02982103
test_13343,0.99999774
test_13344,0.99959046
test_13345,0.75962120
test_13346,0.07900898
test_13347,0.00000002
test_13348,0.04460062
test_13349,0.00000000
test_13350,0.00638435
test_13351,0.99306983
test_13352,0.00000996
test_13353,0.01081751
test_13354,0.99650538
test_13355,0.95671475
test_13356,0.99998844
test_13357,0.00000816
test_13358,0.98801118
test_13359,0.98204559
test_13360,0.99999988
test_13361,0.01381756
test_13362,0.93089867
test_13363,0.02671255
test_13364,0.99845982
test_13365,0.99513727
test_13366,0.99999452
test_13367,0.99999940
test_13368,0.96414995
test_13369,0.00008405
test_13370,0.98958391
test_13371,0.99998522
test_13372,0.99993336
test_13373,0.03549994
test_13374,0.99881989
test_13375,0.70295250
test_13376,0.99997544
test_13377,0.92503554
test_13378,0.00000038
test_13379,0.00003176
test_13380,0.96246076
test_13381,0.00002792
test_13382,0.99707091
test_13383,1.00000000
test_13384,0.71085113
test_13385,0.46355695
test_13386,0.00055216
test_13387,0.00000000
test_13388,0.00000000
test_13389,0.00000000
test_13390,0.00103548
test_13391,1.00000000
test_13392,0.00051619
test_13393,0.45905021
test_13394,0.95630109
test_13395,0.99944514
test_13396,0.99990547
test_13397,0.75716388
test_13398,0.00087215
test_13399,0.99969149
test_13400,1.00000000
test_13401,0.00557533
test_13402,0.00729042
test_13403,0.99724787
test_13404,0.99941158
test_13405,1.00000000
test_13406,0.15800165
test_13407,0.00004234
test_13408,0.00048477
test_13409,0.00077532
test_13410,0.00330357
test_13411,0.99970812
test_13412,0.86391449
test_13413,0.00101862
test_13414,0.76899648
test_13415,0.99955791
test_13416,1.00000000
test_13417,0.00000001
test_13418,0.54189456
test_13419,0.02545195
test_13420,0.99999523
test_13421,0.05321790
test_13422,0.00000001
test_13423,0.22258523
test_13424,0.21484189
test_13425,0.00862930
test_13426,0.00001091
test_13427,0.99999642
test_13428,0.99957591
test_13429,0.99258292
test_13430,0.00304187
test_13431,1.00000000
test_13432,0.00098749
test_13433,0.25294229
test_13434,0.99999762
test_13435,0.47553277
test_13436,0.00000004
test_13437,0.00000000
test_13438,0.99999738
test_13439,0.96700603
test_13440,0.99228865
test_13441,0.79612499
test_13442,0.99980861
test_13443,0.12160312
test_13444,1.00000000
test_13445,0.99999452
test_13446,0.00003619
test_13447,0.75480127
test_13448,0.00000122
test_13449,0.00000050
test_13450,0.80252767
test_13451,0.00416741
test_13452,0.99999499
test_13453,0.99999261
test_13454,0.00000001
test_13455,0.00066862
test_13456,1.00000000
test_13457,0.92510509
test_13458,0.98423821
test_13459,0.93003029
test_13460,0.09160380
test_13461,0.00793989
test_13462,0.98378837
test_13463,0.00001144
test_13464,0.00000000
test_13465,0.82600504
test_13466,0.99491763
test_13467,0.00003882
test_13468,0.00026224
test_13469,0.99930930
test_13470,0.15560938
test_13471,1.00000000
test_13472,0.99485528
test_13473,1.00000000
test_13474,0.99911779
test_13475,0.99541050
test_13476,0.01313566
test_13477,0.99999928
test_13478,0.99999332
test_13479,0.99997747
test_13480,1.00000000
test_13481,0.99671906
test_13482,0.20191021
test_13483,0.98749614
test_13484,0.06995880
test_13485,0.99499160
test_13486,0.19172893
test_13487,0.00008618
test_13488,0.00001050
test_13489,0.99024254
test_13490,0.00000003
test_13491,0.69471127
test_13492,0.99873799
test_13493,0.98165888
test_13494,0.00000725
test_13495,0.67829800
test_13496,0.99999285
test_13497,0.00054745
test_13498,0.00058570
test_13499,0.00001419
test_13500,0.99915683
test_13501,0.00348530
test_13502,0.21443246
test_13503,0.25182790
test_13504,0.00000008
test_13505,0.03587408
test_13506,0.00207965
test_13507,0.00000538
test_13508,1.00000000
test_13509,0.00023532
test_13510,0.96386623
test_13511,0.71049571
test_13512,0.99999666
test_13513,0.02141818
test_13514,0.01311025
test_13515,0.00370625
test_13516,0.93689603
test_13517,0.17169619
test_13518,0.00029347
test_13519,0.94283736
test_13520,0.71558946
test_13521,0.99999738
test_13522,0.18179584
test_13523,0.99982387
test_13524,0.01100048
test_13525,0.33779398
test_13526,0.00001354
test_13527,0.99667645
test_13528,0.99999738
test_13529,0.99999988
test_13530,1.00000000
test_13531,0.00000054
test_13532,0.02522880
test_13533,0.99991608
test_13534,0.00300963
test_13535,1.00000000
test_13536,0.09166006
test_13537,0.00004056
test_13538,0.00006829
test_13539,0.01298612
test_13540,0.99947518
test_13541,0.99981195
test_13542,0.00000432
test_13543,0.06056253
test_13544,0.99999988
test_13545,0.95895439
test_13546,0.99949396
test_13547,0.01777799
test_13548,0.07222155
test_13549,0.50689620
test_13550,0.00014058
test_13551,0.81016594
test_13552,0.00000000
test_13553,0.91577208
test_13554,0.00388796
test_13555,0.00000430
test_13556,0.61076224
test_13557,1.00000000
test_13558,0.00001966
test_13559,0.00000063
test_13560,0.00002956
test_13561,0.00002232
test_13562,0.00982926
test_13563,0.99992001
test_13564,0.99703395
test_13565,0.99999523
test_13566,0.04599100
test_13567,0.99934477
test_13568,0.99561799
test_13569,0.99794608
test_13570,0.82890987
test_13571,0.75768703
test_13572,0.79062229
test_13573,1.00000000
test_13574,0.97470719
test_13575,0.99998939
test_13576,0.00005611
test_13577,0.13150863
test_13578,0.19271490
test_13579,0.06765112
test_13580,0.00001525
test_13581,0.99784303
test_13582,0.99999964
test_13583,0.00000635
test_13584,1.00000000
test_13585,1.00000000
test_13586,0.99999988
test_13587,0.10917711
test_13588,0.99999654
test_13589,0.99999559
test_13590,0.00193821
test_13591,0.00876724
test_13592,0.99995518
test_13593,0.99999416
test_13594,0.00000167
test_13595,0.00000222
test_13596,0.00000000
test_13597,0.00368900
test_13598,0.00000182
test_13599,0.98515052
test_13600,0.00014769
test_13601,0.94718653
test_13602,0.99999392
test_13603,0.99929655
test_13604,1.00000000
test_13605,0.30710045
test_13606,0.99993873
test_13607,0.00009457
test_13608,0.00013442
test_13609,0.99995577
test_13610,0.99999845
test_13611,0.95321214
test_13612,0.99999976
test_13613,0.94106352
test_13614,0.99999952
test_13615,0.44068193
test_13616,0.00006562
test_13617,0.87006122
test_13618,0.00000003
test_13619,0.99802125
test_13620,0.24800798
test_13621,0.93676043
test_13622,0.99997234
test_13623,0.00000050
test_13624,0.00101675
test_13625,0.93864232
test_13626,0.00042265
test_13627,0.00000000
test_13628,0.24591099
test_13629,0.00000441
test_13630,0.00000408
test_13631,0.00005822
test_13632,1.00000000
test_13633,0.84826010
test_13634,0.99999082
test_13635,0.94541824
test_13636,0.99999774
test_13637,0.79781878
test_13638,0.99999988
test_13639,0.99835640
test_13640,0.69023532
test_13641,0.90598428
test_13642,0.63828439
test_13643,0.00000021
test_13644,0.00000001
test_13645,1.00000000
test_13646,0.88976240
test_13647,0.90311909
test_13648,0.87100184
test_13649,0.04842254
test_13650,0.00000031
test_13651,0.04294291
test_13652,0.04401644
test_13653,0.69821358
test_13654,0.00000365
test_13655,0.00000015
test_13656,0.89664412
test_13657,0.00016585
test_13658,0.62300569
test_13659,0.99102390
test_13660,0.00008382
test_13661,0.03112099
test_13662,0.99946064
test_13663,0.00000000
test_13664,1.00000000
test_13665,0.00379551
test_13666,0.99996555
test_13667,0.00000000
test_13668,0.00000148
test_13669,0.68422765
test_13670,0.13571845
test_13671,0.96618491
test_13672,0.00000020
test_13673,0.00536560
test_13674,0.35365027
test_13675,0.88697577
test_13676,0.93900186
test_13677,0.00019659
test_13678,0.00000000
test_13679,0.00031097
test_13680,0.04485552
test_13681,1.00000000
test_13682,0.99907231
test_13683,0.99394941
test_13684,0.00002942
test_13685,0.97813123
test_13686,0.00003950
test_13687,0.99999189
test_13688,0.99417710
test_13689,0.99888736
test_13690,0.08819186
test_13691,0.99999964
test_13692,0.98787552
test_13693,0.00539577
test_13694,0.12544903
test_13695,0.99999166
test_13696,0.99999976
test_13697,0.00384946
test_13698,0.99996686
test_13699,0.99988496
test_13700,0.99999928
test_13701,0.03120535
test_13702,0.99940848
test_13703,0.03073487
test_13704,0.00001067
test_13705,0.99996305
test_13706,0.00000455
test_13707,0.13334240
test_13708,0.00796710
test_13709,0.94425780
test_13710,0.85317940
test_13711,0.09765357
test_13712,0.58863896
test_13713,0.99758434
test_13714,0.00015680
test_13715,0.30154100
test_13716,0.03376249
test_13717,0.99951160
test_13718,0.32902467
test_13719,0.99285537
test_13720,0.04199428
test_13721,0.99999940
test_13722,0.42258465
test_13723,0.01264863
test_13724,0.00000022
test_13725,0.99998689
test_13726,0.00000396
test_13727,0.93679935
test_13728,0.00001907
test_13729,0.99999988
test_13730,0.00000002
test_13731,0.00000000
test_13732,1.00000000
test_13733,0.99823904
test_13734,0.00001040
test_13735,0.99987125
test_13736,0.99989462
test_13737,0.00000000
test_13738,0.97200495
test_13739,0.99978644
test_13740,0.87112421
test_13741,0.01378505
test_13742,0.61507154
test_13743,0.00018971
test_13744,0.31413060
test_13745,0.48858011
test_13746,0.10796614
test_13747,0.00005356
test_13748,0.00000000
test_13749,0.98840386
test_13750,0.88506305
test_13751,0.99689072
test_13752,0.09635408
test_13753,0.99953592
test_13754,0.99838746
test_13755,0.02094906
test_13756,0.99999988
test_13757,0.13523492
test_13758,0.00000006
test_13759,0.51962316
test_13760,0.00000009
test_13761,0.00000033
test_13762,0.00000006
test_13763,0.99999404
test_13764,0.99942660
test_13765,0.99960858
test_13766,0.00000032
test_13767,0.03797182
test_13768,1.00000000
test_13769,0.99963558
test_13770,0.16089179
test_13771,0.31094691
test_13772,0.00054046
test_13773,0.92070222
test_13774,0.00020178
test_13775,0.00000092
test_13776,0.96352613
test_13777,0.99582601
test_13778,1.00000000
test_13779,0.25569752
test_13780,0.99999869
test_13781,0.00035051
test_13782,1.00000000
test_13783,0.38562328
test_13784,0.00572484
test_13785,0.99999094
test_13786,0.00212733
test_13787,0.99992466
test_13788,0.00915766
test_13789,0.46231318
test_13790,0.00072145
test_13791,0.00313559
test_13792,0.99998987
test_13793,0.00184319
test_13794,0.00248118
test_13795,0.00000020
test_13796,1.00000000
test_13797,0.99920601
test_13798,0.00011891
test_13799,0.00144572
test_13800,1.00000000
test_13801,0.78238523
test_13802,0.01655524
test_13803,0.00000000
test_13804,0.52401209
test_13805,0.09124833
test_13806,0.37086043
test_13807,0.00334968
test_13808,0.93085134
test_13809,0.53477621
test_13810,1.00000000
test_13811,0.41675153
test_13812,0.46910581
test_13813,0.93859738
test_13814,0.00000030
test_13815,0.99554694
test_13816,1.00000000
test_13817,0.42712015
test_13818,0.00001251
test_13819,0.96528381
test_13820,0.99969923
test_13821,0.17161356
test_13822,0.00054823
test_13823,0.99999988
test_13824,0.00000051
test_13825,0.00004596
test_13826,0.81645697
test_13827,0.93030465
test_13828,0.69491267
test_13829,1.00000000
test_13830,0.98836935
test_13831,0.00000002
test_13832,0.99728751
test_13833,0.98821348
test_13834,0.03024021
test_13835,0.99990177
test_13836,0.99097496
test_13837,0.00054850
test_13838,0.01316420
test_13839,1.00000000
test_13840,0.99350893
test_13841,0.00014634
test_13842,0.99931645
test_13843,0.12243758
test_13844,0.88185132
test_13845,0.87651879
test_13846,0.89157355
test_13847,0.00002457
test_13848,1.00000000
test_13849,0.00408935
test_13850,0.11997031
test_13851,0.80354667
test_13852,0.00039975
test_13853,0.99701130
test_13854,0.21484774
test_13855,0.00629177
test_13856,0.00000000
test_13857,0.99999917
test_13858,0.98890752
test_13859,0.99999344
test_13860,0.06940512
test_13861,0.99991286
test_13862,0.99961567
test_13863,0.99995852
test_13864,0.63445711
test_13865,0.99999928
test_13866,0.00000115
test_13867,0.00590831
test_13868,0.00112511
test_13869,0.99531317
test_13870,0.10781617
test_13871,0.00005620
test_13872,0.00000319
test_13873,0.79783273
test_13874,1.00000000
test_13875,0.95265442
test_13876,1.00000000
test_13877,0.82345325
test_13878,0.65268087
test_13879,0.00341438
test_13880,0.98739249
test_13881,0.99999762
test_13882,0.00000001
test_13883,0.99937999
test_13884,0.00002055
test_13885,0.71975338
test_13886,0.00727054
test_13887,0.62803751
test_13888,0.99967873
test_13889,0.00838058
test_13890,0.09070150
test_13891,1.00000000
test_13892,0.99973863
test_13893,0.00489334
test_13894,0.00000216
test_13895,0.00002381
test_13896,0.99993265
test_13897,0.00000070
test_13898,0.81210858
test_13899,0.99624640
test_13900,0.94466329
test_13901,0.00000000
test_13902,0.00065803
test_13903,0.98653781
test_13904,0.99999940
test_13905,0.00222381
test_13906,0.99992228
test_13907,0.99999988
test_13908,0.00000013
test_13909,0.86716127
test_13910,1.00000000
test_13911,0.02076990
test_13912,0.98935026
test_13913,0.00000000
test_13914,0.03251015
test_13915,0.00000029
test_13916,0.99565166
test_13917,0.00019775
test_13918,0.00015155
test_13919,0.99155056
test_13920,0.00151208
test_13921,0.99991572
test_13922,0.01500504
test_13923,1.00000000
test_13924,0.99967301
test_13925,0.99995041
test_13926,0.45380798
test_13927,0.00000395
test_13928,0.99965012
test_13929,0.91167706
test_13930,0.99999976
test_13931,0.37943906
test_13932,0.99999762
test_13933,0.91732073
test_13934,0.39052483
test_13935,0.00019951
test_13936,0.99920470
test_13937,0.93973571
test_13938,0.99798799
test_13939,1.00000000
test_13940,1.00000000
test_13941,0.00351375
test_13942,0.02059287
test_13943,0.28719327
test_13944,1.00000000
test_13945,0.00003504
test_13946,0.06533014
test_13947,0.96688777
test_13948,0.00000579
test_13949,0.00000254
test_13950,0.00006794
test_13951,0.00280689
test_13952,0.87216187
test_13953,0.93569297
test_13954,0.99960166
test_13955,0.98870939
test_13956,0.99999082
test_13957,0.01707751
test_13958,0.99990332
test_13959,0.00000039
test_13960,0.95666611
test_13961,1.00000000
test_13962,0.57121933
test_13963,0.99994195
test_13964,0.10264222
test_13965,0.99665558
test_13966,0.00002543
test_13967,0.99437392
test_13968,0.87899244
test_13969,0.88923478
test_13970,0.15962172
test_13971,0.76396149
test_13972,0.00007200
test_13973,1.00000000
test_13974,0.75360906
test_13975,0.99999571
test_13976,0.04737940
test_13977,0.99987638
test_13978,0.99890304
test_13979,0.00000000
test_13980,0.01016670
test_13981,0.00046697
test_13982,0.99303871
test_13983,0.99998915
test_13984,0.97343236
test_13985,1.00000000
test_13986,0.99046272
test_13987,0.64740908
test_13988,0.99890149
test_13989,0.96488655
test_13990,0.99921000
test_13991,0.64132196
test_13992,0.99982613
test_13993,0.00000000
test_13994,0.00327467
test_13995,0.00460997
test_13996,0.99997294
test_13997,0.00193451
test_13998,0.01712690
test_13999,1.00000000
test_14000,0.00000000
test_14001,0.00000000
test_14002,0.00000390
test_14003,0.97165221
test_14004,0.99998558
test_14005,0.05942289
test_14006,1.00000000
test_14007,0.99989235
test_14008,0.98145664
test_14009,0.85615146
test_14010,0.00000002
test_14011,0.99997199
test_14012,1.00000000
test_14013,0.99999928
test_14014,0.00773506
test_14015,0.99949908
test_14016,1.00000000
test_14017,0.00000677
test_14018,0.00000059
test_14019,0.73696816
test_14020,0.80320936
test_14021,0.52991730
test_14022,0.99999917
test_14023,0.00000091
test_14024,0.00000001
test_14025,0.95676714
test_14026,0.00030329
test_14027,0.00000000
test_14028,0.95216978
test_14029,0.00000963
test_14030,0.96539211
test_14031,0.09492088
test_14032,0.00000001
test_14033,0.00000000
test_14034,0.00063265
test_14035,0.27711245
test_14036,0.00000681
test_14037,0.01625022
test_14038,0.00000021
test_14039,0.98602861
test_14040,0.10213593
test_14041,0.00132466
test_14042,1.00000000
test_14043,0.71151561
test_14044,0.42609391
test_14045,0.00045323
test_14046,0.98000962
test_14047,0.99936122
test_14048,0.00040700
test_14049,0.01261251
test_14050,0.40548155
test_14051,0.00042480
test_14052,0.99998689
test_14053,0.99999595
test_14054,0.99999809
test_14055,0.00003735
test_14056,0.01515178
test_14057,0.99989736
test_14058,0.51110494
test_14059,0.67758161
test_14060,0.00459857
test_14061,0.99978727
test_14062,0.00691995
test_14063,0.00000000
test_14064,0.99992919
test_14065,1.00000000
test_14066,0.00008129
test_14067,0.06732783
test_14068,0.99999523
test_14069,0.69853598
test_14070,0.45008266
test_14071,0.00001853
test_14072,0.01778315
test_14073,0.66959059
test_14074,1.00000000
test_14075,0.00036419
test_14076,0.00000079
test_14077,1.00000000
test_14078,0.97765005
test_14079,0.99999988
test_14080,0.99814045
test_14081,0.14876698
test_14082,0.04591205
test_14083,0.11138498
test_14084,0.82866311
test_14085,0.99999964
test_14086,0.00216839
test_14087,1.00000000
test_14088,0.99999988
test_14089,0.61040139
test_14090,0.44341573
test_14091,0.00000500
test_14092,0.02102484
test_14093,0.01352573
test_14094,0.99744248
test_14095,0.99998105
test_14096,0.99984360
test_14097,0.55629152
test_14098,0.99597138
test_14099,0.05538846
test_14100,0.00030235
test_14101,0.99988854
test_14102,0.99534637
test_14103,0.05131836
test_14104,0.46030906
test_14105,0.00007829
test_14106,0.99942577
test_14107,0.17615636
test_14108,0.00000000
test_14109,0.00000010
test_14110,0.00018772
test_14111,0.99999928
test_14112,0.12968922
test_14113,0.77706826
test_14114,0.00016555
test_14115,0.00000003
test_14116,1.00000000
test_14117,0.88999653
test_14118,0.00002033
test_14119,0.99999607
test_14120,0.00000066
test_14121,0.00000000
test_14122,0.94328606
test_14123,0.85134286
test_14124,0.00055419
test_14125,0.95569861
test_14126,0.99942148
test_14127,0.78507257
test_14128,0.00000322
test_14129,0.02780548
test_14130,0.00047479
test_14131,0.45323184
test_14132,0.99990368
test_14133,0.25483501
test_14134,0.00000002
test_14135,0.44142887
test_14136,0.08003411
test_14137,0.00003622
test_14138,0.73295867
test_14139,0.00064204
test_14140,0.99990892
test_14141,0.87775922
test_14142,0.00000005
test_14143,0.00020139
test_14144,0.00124618
test_14145,0.19914499
test_14146,0.99393189
test_14147,1.00000000
test_14148,0.00002068
test_14149,0.99988925
test_14150,0.07622654
test_14151,0.98806840
test_14152,0.99218667
test_14153,0.00000160
test_14154,0.34843054
test_14155,0.42372030
test_14156,0.00000037
test_14157,0.79451412
test_14158,0.98804212
test_14159,0.00000009
test_14160,0.00010670
test_14161,0.18833940
test_14162,0.99996495
test_14163,1.00000000
test_14164,0.19674723
test_14165,1.00000000
test_14166,0.00000406
test_14167,0.07097710
test_14168,0.00000108
test_14169,0.00000997
test_14170,1.00000000
test_14171,0.68803984
test_14172,0.00180331
test_14173,0.00011046
test_14174,0.42074722
test_14175,1.00000000
test_14176,0.03344335
test_14177,0.00000202
test_14178,0.00000001
test_14179,0.99998367
test_14180,0.00321770
test_14181,0.09224810
test_14182,0.00000170
test_14183,0.02088846
test_14184,0.05402539
test_14185,1.00000000
test_14186,0.00000345
test_14187,0.00000999
test_14188,0.79630440
test_14189,0.00000001
test_14190,0.99999785
test_14191,0.99995053
test_14192,0.99999988
test_14193,0.00000000
test_14194,0.09250480
test_14195,1.00000000
test_14196,1.00000000
test_14197,0.82147640
test_14198,0.89313698
test_14199,0.00000132
test_14200,0.01380204
test_14201,0.00000000
test_14202,0.40933505
test_14203,0.71198034
test_14204,0.46588045
test_14205,0.54444212
test_14206,0.97892338
test_14207,0.00001334
test_14208,0.86178321
test_14209,0.00871588
test_14210,1.00000000
test_14211,0.44779584
test_14212,0.99996018
test_14213,0.00500444
test_14214,0.89305288
test_14215,0.33152285
test_14216,0.98934209
test_14217,0.04465305
test_14218,0.00231461
test_14219,0.83480263
test_14220,0.00000011
test_14221,0.99999738
test_14222,0.00000176
test_14223,0.00097866
test_14224,0.36657497
test_14225,0.99999869
test_14226,0.00914592
test_14227,0.99879241
test_14228,0.00019970
test_14229,0.99992752
test_14230,0.99999952
test_14231,0.50253505
test_14232,0.00000363
test_14233,1.00000000
test_14234,0.00000107
test_14235,0.00000000
test_14236,0.00000001
test_14237,1.00000000
test_14238,0.03543551
test_14239,0.01972213
test_14240,0.00000001
test_14241,0.63030690
test_14242,0.00168399
test_14243,0.99924767
test_14244,0.52015352
test_14245,0.99708253
test_14246,0.99999905
test_14247,0.90599775
test_14248,0.99999952
test_14249,0.74487287
test_14250,0.99954140
test_14251,0.99390781
test_14252,0.27620220
test_14253,0.99996877
test_14254,0.99995792
test_14255,0.10748550
test_14256,0.02126555
test_14257,0.99584144
test_14258,0.00003384
test_14259,0.99999988
test_14260,0.00000000
test_14261,0.00000611
test_14262,0.99998224
test_14263,0.08673184
test_14264,0.99999988
test_14265,0.00000259
test_14266,0.00000002
test_14267,0.09930267
test_14268,0.00000001
test_14269,0.52296281
test_14270,0.00282606
test_14271,0.00164406
test_14272,0.57962245
test_14273,0.00149676
test_14274,0.99999988
test_14275,0.00000025
test_14276,0.00000124
test_14277,0.00206691
test_14278,0.99379224
test_14279,1.00000000
test_14280,0.81634241
test_14281,0.97799861
test_14282,0.00556210
test_14283,0.00000000
test_14284,0.99999845
test_14285,0.87136436
test_14286,0.99975127
test_14287,0.00361114
test_14288,0.98226720
test_14289,1.00000000
test_14290,0.42171153
test_14291,1.00000000
test_14292,0.00009377
test_14293,0.99864179
test_14294,0.00000001
test_14295,0.99974889
test_14296,1.00000000
test_14297,0.60683244
test_14298,1.00000000
test_14299,0.76623821
test_14300,0.00625953
test_14301,0.00001721
test_14302,0.00000008
test_14303,0.99999917
test_14304,0.01710603
test_14305,0.00115666
test_14306,0.89186460
test_14307,1.00000000
test_14308,0.99999988
test_14309,0.00275454
test_14310,0.00006342
test_14311,1.00000000
test_14312,0.90153712
test_14313,0.73992741
test_14314,0.90387005
test_14315,0.00000001
test_14316,0.00000003
test_14317,0.37036070
test_14318,0.00000106
test_14319,1.00000000
test_14320,0.00000002
test_14321,0.99996388
test_14322,0.99894756
test_14323,0.22609016
test_14324,0.01582051
test_14325,0.00898379
test_14326,0.00810798
test_14327,0.00000306
test_14328,0.99263072
test_14329,0.00204365
test_14330,0.00308637
test_14331,0.74481225
test_14332,0.71043879
test_14333,0.61027092
test_14334,0.99969852
test_14335,0.99996650
test_14336,0.99913222
test_14337,0.00000016
test_14338,0.00007158
test_14339,0.27853796
test_14340,0.73752642
test_14341,1.00000000
test_14342,0.99851567
test_14343,0.99818808
test_14344,0.00302375
test_14345,0.00000000
test_14346,0.97477061
test_14347,0.99999881
test_14348,0.00021176
test_14349,0.88704365
test_14350,0.00209458
test_14351,0.00000006
test_14352,0.00000074
test_14353,0.99995136
test_14354,0.00005564
test_14355,0.99052823
test_14356,0.99478084
test_14357,0.05809141
test_14358,0.99986351
test_14359,0.99993706
test_14360,0.99930930
test_14361,0.00000217
test_14362,0.99206734
test_14363,0.00010585
test_14364,0.99543226
test_14365,0.01807993
test_14366,0.83060580
test_14367,0.94180793
test_14368,0.03593590
test_14369,0.99592495
test_14370,1.00000000
test_14371,0.16596881
test_14372,0.00025189
test_14373,0.00069480
test_14374,0.23746622
test_14375,0.95656717
test_14376,0.00112139
test_14377,0.00000121
test_14378,0.99999893
test_14379,0.00000000
test_14380,0.78994960
test_14381,0.05400325
test_14382,0.00237898
test_14383,0.99443674
test_14384,0.00000234
test_14385,0.50375259
test_14386,0.71291292
test_14387,0.30621257
test_14388,0.00003964
test_14389,0.37627622
test_14390,0.99998593
test_14391,0.99840194
test_14392,0.99999976
test_14393,0.56423074
test_14394,0.99634188
test_14395,0.17400792
test_14396,1.00000000
test_14397,1.00000000
test_14398,0.99996507
test_14399,0.02840821
test_14400,0.99694026
test_14401,0.43658036
test_14402,0.00000001
test_14403,0.96023345
test_14404,0.22731216
test_14405,0.99092710
test_14406,0.34462827
test_14407,0.00140994
test_14408,0.32911095
test_14409,0.99986684
test_14410,0.95692778
test_14411,0.00000001
test_14412,0.99999309
test_14413,0.96288532
test_14414,0.00000028
test_14415,0.14942144
test_14416,0.99999988
test_14417,0.00041264
test_14418,0.00030120
test_14419,0.00000000
test_14420,0.00000000
test_14421,1.00000000
test_14422,0.14946437
test_14423,0.11072887
test_14424,0.00065739
test_14425,0.09636150
test_14426,0.00192666
test_14427,0.99851340
test_14428,0.00000643
test_14429,0.99999928
test_14430,0.00000654
test_14431,0.97390252
test_14432,0.00000000
test_14433,0.99444526
test_14434,1.00000000
test_14435,0.39285839
test_14436,0.97278184
test_14437,0.99885333
test_14438,1.00000000
test_14439,0.00260537
test_14440,0.13736477
test_14441,0.99915087
test_14442,0.24746722
test_14443,0.99987125
test_14444,0.92507666
test_14445,0.00000000
test_14446,0.00040578
test_14447,1.00000000
test_14448,0.00293781
test_14449,0.00000008
test_14450,0.63580000
test_14451,0.98661298
test_14452,0.00014359
test_14453,0.35177487
test_14454,0.00000442
test_14455,0.38245079
test_14456,0.81048506
test_14457,0.00012574
test_14458,0.91346824
test_14459,0.00001891
test_14460,0.00000046
test_14461,0.00000139
test_14462,0.99978405
test_14463,0.16067632
test_14464,0.99664515
test_14465,0.99999988
test_14466,0.00129830
test_14467,0.13337874
test_14468,0.00004988
test_14469,0.08182692
test_14470,0.97824919
test_14471,0.02356945
test_14472,0.03724116
test_14473,0.00014179
test_14474,0.22750665
test_14475,0.79369813
test_14476,0.66323018
test_14477,0.99817026
test_14478,1.00000000
test_14479,0.05584184
test_14480,0.99899441
test_14481,0.09808143
test_14482,0.33532467
test_14483,0.71924520
test_14484,0.99995506
test_14485,0.01026344
test_14486,0.00000004
test_14487,0.99961793
test_14488,0.73540074
test_14489,0.00077001
test_14490,0.00283564
test_14491,0.93456191
test_14492,0.21890113
test_14493,0.00035204
test_14494,0.00003894
test_14495,0.00000000
test_14496,0.00000529
test_14497,0.99997330
test_14498,0.99993110
test_14499,0.00000001
test_14500,0.16515937
test_14501,0.00000005
test_14502,1.00000000
test_14503,0.99995577
test_14504,0.00000002
test_14505,0.00000000
test_14506,0.00000000
test_14507,0.99980766
test_14508,0.24444576
test_14509,0.00000000
test_14510,0.77606946
test_14511,0.99541426
test_14512,1.00000000
test_14513,0.00007443
test_14514,0.00947753
test_14515,0.00000410
test_14516,0.99986029
test_14517,0.00000000
test_14518,0.89213187
test_14519,0.97880620
test_14520,0.00000000
test_14521,0.99998927
test_14522,0.00022413
test_14523,0.99999988
test_14524,0.99997771
test_14525,0.65429169
test_14526,0.00000182
test_14527,0.43933499
test_14528,1.00000000
test_14529,0.48521081
test_14530,0.97186375
test_14531,0.31979856
test_14532,0.00453338
test_14533,0.00000375
test_14534,0.05080114
test_14535,0.00000002
test_14536,0.99999988
test_14537,0.00000007
test_14538,0.18536411
test_14539,0.00102294
test_14540,0.48073551
test_14541,0.00000001
test_14542,0.99578875
test_14543,0.00000000
test_14544,0.00104685
test_14545,0.98368526
test_14546,0.84118581
test_14547,0.93345350
test_14548,0.00012923
test_14549,0.71790683
test_14550,0.99151456
test_14551,0.89473993
test_14552,0.59943527
test_14553,0.99999774
test_14554,0.00000059
test_14555,0.00583160
test_14556,0.99979180
test_14557,0.99999940
test_14558,0.00667555
test_14559,0.00461371
test_14560,0.00000042
test_14561,0.99996793
test_14562,1.00000000
test_14563,0.99999261
test_14564,0.00002781
test_14565,0.00671257
test_14566,0.93302071
test_14567,0.99789292
test_14568,1.00000000
test_14569,0.04045724
test_14570,0.99814129
test_14571,0.10663720
test_14572,0.53399003
test_14573,0.99999988
test_14574,0.99889475
test_14575,0.00000805
test_14576,0.16195112
test_14577,0.79501390
test_14578,0.00000000
test_14579,0.00000008
test_14580,0.99934453
test_14581,0.96845478
test_14582,0.99973994
test_14583,0.99999881
test_14584,0.99467480
test_14585,0.27962708
test_14586,0.00000818
test_14587,0.00007881
test_14588,0.93413949
test_14589,0.03281615
test_14590,0.99999833
test_14591,0.99998045
test_14592,0.35735011
test_14593,0.99905318
test_14594,0.99994755
test_14595,0.99999714
test_14596,0.00000007
test_14597,0.01710147
test_14598,0.00000005
test_14599,0.99999988
test_14600,0.99998808
test_14601,0.99999905
test_14602,0.00632505
test_14603,0.29410315
test_14604,0.77640557
test_14605,0.14873189
test_14606,0.79334605
test_14607,0.00000035
test_14608,0.99999976
test_14609,0.01845186
test_14610,0.10764906
test_14611,0.78925288
test_14612,0.00000239
test_14613,0.99415910
test_14614,0.99999964
test_14615,0.96593231
test_14616,0.23822382
test_14617,0.99999118
test_14618,1.00000000
test_14619,0.99999964
test_14620,0.99836415
test_14621,0.99994767
test_14622,1.00000000
test_14623,1.00000000
test_14624,0.99999976
test_14625,0.97067666
test_14626,0.99999976
test_14627,0.99893147
test_14628,0.01664025
test_14629,0.99999988
test_14630,0.00058636
test_14631,0.00156577
test_14632,0.00043464
test_14633,0.88519996
test_14634,0.00037932
test_14635,0.89393604
test_14636,0.00000124
test_14637,0.35859475
test_14638,0.77971011
test_14639,0.00000628
test_14640,0.23441513
test_14641,0.00000015
test_14642,0.00000000
test_14643,0.99782926
test_14644,0.76721936
test_14645,0.89517194
test_14646,0.30737388
test_14647,0.00284346
test_14648,0.00003531
test_14649,0.99966490
test_14650,0.95932913
test_14651,0.99922705
test_14652,0.00543858
test_14653,0.98841143
test_14654,0.00000000
test_14655,0.96983564
test_14656,0.71132052
test_14657,0.99946350
test_14658,0.00000342
test_14659,0.96396726
test_14660,0.00000094
test_14661,0.00012038
test_14662,0.69025743
test_14663,0.93676114
test_14664,1.00000000
test_14665,0.00002238
test_14666,0.99999738
test_14667,0.35138646
test_14668,0.99693179
test_14669,0.00000029
test_14670,0.99998915
test_14671,0.00000512
test_14672,0.97260892
test_14673,0.24736376
test_14674,0.99999499
test_14675,0.99966347
test_14676,0.69969803
test_14677,0.00003820
test_14678,0.99668819
test_14679,0.99803978
test_14680,0.00000489
test_14681,0.99995553
test_14682,0.99711633
test_14683,0.00000000
test_14684,0.98794997
test_14685,0.68040615
test_14686,0.55448544
test_14687,0.00029480
test_14688,0.99918455
test_14689,0.00000000
test_14690,0.99847585
test_14691,0.99512213
test_14692,0.00002359
test_14693,0.99992108
test_14694,0.73594314
test_14695,0.99703562
test_14696,1.00000000
test_14697,0.01769946
test_14698,1.00000000
test_14699,0.99999905
test_14700,0.99998879
test_14701,0.08270717
test_14702,0.99999988
test_14703,0.00329430
test_14704,0.99992585
test_14705,0.00194969
test_14706,0.73967630
test_14707,0.00184600
test_14708,0.00000053
test_14709,0.99820781
test_14710,0.99999964
test_14711,0.00037368
test_14712,0.00000060
test_14713,0.99999356
test_14714,0.09015102
test_14715,0.82567179
test_14716,0.99998856
test_14717,0.99355525
test_14718,0.00000001
test_14719,0.44663626
test_14720,1.00000000
test_14721,0.90341824
test_14722,0.99998879
test_14723,0.99999726
test_14724,0.20907968
test_14725,0.98018783
test_14726,0.99998271
test_14727,0.85727054
test_14728,0.00545112
test_14729,0.95645589
test_14730,0.99795651
test_14731,1.00000000
test_14732,0.57067692
test_14733,0.86116153
test_14734,0.00000000
test_14735,0.99987257
test_14736,0.99894243
test_14737,0.96866435
test_14738,0.00000159
test_14739,0.84708345
test_14740,0.99954283
test_14741,0.00000668
test_14742,0.00139418
test_14743,0.99977082
test_14744,0.99999917
test_14745,1.00000000
test_14746,0.99990976
test_14747,0.00968259
test_14748,0.08183201
test_14749,0.98860478
test_14750,0.06449036
test_14751,0.04097011
test_14752,0.00000000
test_14753,0.00297838
test_14754,0.99680591
test_14755,0.99244952
test_14756,0.99070871
test_14757,1.00000000
test_14758,0.99995232
test_14759,0.00000048
test_14760,0.01824766
test_14761,0.04082178
test_14762,0.00000000
test_14763,0.00644314
test_14764,0.99999833
test_14765,0.00000008
test_14766,0.99999845
test_14767,0.99999988
test_14768,0.99998069
test_14769,0.99998844
test_14770,1.00000000
test_14771,0.99998569
test_14772,0.81439644
test_14773,0.00000000
test_14774,0.96042377
test_14775,0.04401915
test_14776,0.97008842
test_14777,0.99986088
test_14778,0.89223385
test_14779,0.01109750
test_14780,0.99999869
test_14781,0.07242993
test_14782,0.99987364
test_14783,0.00009134
test_14784,0.01540747
test_14785,0.21063513
test_14786,0.09924884
test_14787,0.00006235
test_14788,0.98491943
test_14789,0.08296286
test_14790,0.80809367
test_14791,0.98346430
test_14792,0.21347740
test_14793,0.99998927
test_14794,0.00003150
test_14795,0.99977678
test_14796,0.88211042
test_14797,0.02049599
test_14798,1.00000000
test_14799,0.05377726
test_14800,0.65676147
test_14801,0.00000028
test_14802,0.00028627
test_14803,0.86702096
test_14804,0.00000099
test_14805,0.20683366
test_14806,0.00000000
test_14807,0.82680541
test_14808,0.72199786
test_14809,0.25919613
test_14810,0.00025030
test_14811,0.00139974
test_14812,0.99998176
test_14813,0.55907995
test_14814,0.99998116
test_14815,1.00000000
test_14816,0.04624486
test_14817,0.00421160
test_14818,0.00000186
test_14819,1.00000000
test_14820,0.06663841
test_14821,0.00478226
test_14822,0.99989033
test_14823,0.00226588
test_14824,0.99456269
test_14825,0.03623122
test_14826,0.91447920
test_14827,0.92912316
test_14828,0.00078558
test_14829,1.00000000
test_14830,0.85875452
test_14831,0.61727482
test_14832,0.15687771
test_14833,0.00749785
test_14834,0.21565199
test_14835,0.00000057
test_14836,0.99999547
test_14837,0.00000014
test_14838,0.00000000
test_14839,0.33943772
test_14840,0.00000244
test_14841,1.00000000
test_14842,1.00000000
test_14843,0.00480544
test_14844,0.99885321
test_14845,0.99914336
test_14846,0.99999750
test_14847,0.99895763
test_14848,0.99994266
test_14849,1.00000000
test_14850,0.06232550
test_14851,0.99985957
test_14852,0.05426002
test_14853,0.00006996
test_14854,0.00349955
test_14855,0.92939603
test_14856,0.00006551
test_14857,0.99985981
test_14858,0.92597330
test_14859,0.81143779
test_14860,0.99999905
test_14861,0.01371293
test_14862,0.99999213
test_14863,0.12662460
test_14864,0.00000000
test_14865,0.99939620
test_14866,0.00000196
test_14867,0.01232472
test_14868,0.00104454
test_14869,1.00000000
test_14870,0.00000020
test_14871,0.65665472
test_14872,0.94759154
test_14873,0.37386987
test_14874,0.60888708
test_14875,0.84183347
test_14876,0.19266544
test_14877,0.00013432
test_14878,0.99839693
test_14879,0.98994190
test_14880,0.99905902
test_14881,0.86800790
test_14882,0.00808991
test_14883,0.88691521
test_14884,0.17318894
test_14885,0.99526250
test_14886,0.03899449
test_14887,0.01555047
test_14888,0.99999857
test_14889,0.18436474
test_14890,0.00001001
test_14891,1.00000000
test_14892,0.00000000
test_14893,0.13922875
test_14894,0.99986124
test_14895,0.03938221
test_14896,0.00000002
test_14897,0.05066042
test_14898,0.99900240
test_14899,0.00016375
test_14900,0.00004542
test_14901,0.00000094
test_14902,0.00000028
test_14903,0.94508815
test_14904,0.58642083
test_14905,0.99999297
test_14906,0.99997747
test_14907,0.11848249
test_14908,0.00561001
test_14909,0.00000020
test_14910,0.64660406
test_14911,0.99990058
test_14912,0.86946005
test_14913,0.99998760
test_14914,0.98106015
test_14915,0.00165823
test_14916,0.99969280
test_14917,0.99522436
test_14918,0.59923315
test_14919,0.00000000
test_14920,0.10635603
test_14921,0.19396392
test_14922,0.00000976
test_14923,0.00000000
test_14924,1.00000000
test_14925,1.00000000
test_14926,0.00341003
test_14927,0.06070881
test_14928,0.99999988
test_14929,0.00407449
test_14930,0.01194778
test_14931,0.99918514
test_14932,0.00704155
test_14933,0.76791221
test_14934,0.00003099
test_14935,0.00006552
test_14936,0.99279225
test_14937,0.94839340
test_14938,0.30556244
test_14939,0.00218905
test_14940,0.00000089
test_14941,0.99979931
test_14942,0.98482150
test_14943,0.00000757
test_14944,0.40919608
test_14945,0.05773161
test_14946,0.03473998
test_14947,0.72490680
test_14948,0.88999993
test_14949,0.29840490
test_14950,0.99999869
test_14951,0.24997693
test_14952,0.05570172
test_14953,1.00000000
test_14954,0.00000001
test_14955,0.00000003
test_14956,0.60683107
test_14957,0.94604337
test_14958,0.00000000
test_14959,0.01631180
test_14960,0.07656427
test_14961,0.99791771
test_14962,0.05713569
test_14963,0.93789178
test_14964,0.00444148
test_14965,1.00000000
test_14966,0.99932206
test_14967,0.06716403
test_14968,0.00000001
test_14969,0.00004330
test_14970,0.00004676
test_14971,0.03774050
test_14972,0.34768260
test_14973,0.39005667
test_14974,0.99999917
test_14975,0.99835289
test_14976,0.04356860
test_14977,0.00012909
test_14978,0.57750398
test_14979,0.00000302
test_14980,0.99999964
test_14981,0.99976152
test_14982,0.97408664
test_14983,0.99999392
test_14984,0.08641730
test_14985,0.01517257
test_14986,0.74510801
test_14987,0.00152433
test_14988,0.01220607
test_14989,0.99999988
test_14990,0.00000008
test_14991,0.99960905
test_14992,1.00000000
test_14993,1.00000000
test_14994,0.94441152
test_14995,0.04339055
test_14996,1.00000000
test_14997,0.00000105
test_14998,0.99999142
test_14999,0.99999142
test_15000,0.97882503
test_15001,0.12874343
test_15002,0.00000002
test_15003,0.00000000
test_15004,0.06059352
test_15005,0.00000802
test_15006,0.00000117
test_15007,0.01125335
test_15008,1.00000000
test_15009,0.00000096
test_15010,0.00000006
test_15011,0.00000001
test_15012,0.00001424
test_15013,0.99663025
test_15014,0.87271661
test_15015,0.00104360
test_15016,0.00028525
test_15017,0.00019029
test_15018,0.99905509
test_15019,0.08344730
test_15020,0.99999523
test_15021,0.40698630
test_15022,0.00000000
test_15023,0.99672443
test_15024,0.99990714
test_15025,0.00000304
test_15026,0.00005859
test_15027,0.00000353
test_15028,0.00000031
test_15029,0.99706823
test_15030,0.00016676
test_15031,0.00000001
test_15032,0.01077697
test_15033,0.00023354
test_15034,0.99999988
test_15035,0.99949467
test_15036,0.01137042
test_15037,0.00564711
test_15038,0.88871211
test_15039,0.72722584
test_15040,0.99888843
test_15041,0.00014716
test_15042,0.99314064
test_15043,0.00001813
test_15044,0.99990344
test_15045,0.08696689
test_15046,0.00000019
test_15047,0.99990261
test_15048,1.00000000
test_15049,1.00000000
test_15050,1.00000000
test_15051,0.84907490
test_15052,0.86362630
test_15053,0.00000467
test_15054,0.00017443
test_15055,0.00000007
test_15056,0.06790350
test_15057,0.24887837
test_15058,0.60352594
test_15059,1.00000000
test_15060,0.45688576
test_15061,0.99996209
test_15062,0.77453947
test_15063,0.99368107
test_15064,0.00488997
test_15065,0.95010316
test_15066,0.00000375
test_15067,0.99398768
test_15068,0.69909328
test_15069,0.00000955
test_15070,0.94749498
test_15071,0.36519775
test_15072,0.36937916
test_15073,0.39932737
test_15074,0.00000009
test_15075,0.00031889
test_15076,0.93627411
test_15077,0.99726558
test_15078,0.01135921
test_15079,0.65348989
test_15080,0.10271865
test_15081,0.95167899
test_15082,0.99972743
test_15083,0.99999726
test_15084,0.99983346
test_15085,0.99999988
test_15086,0.00339365
test_15087,0.99391490
test_15088,0.65111220
test_15089,0.00030873
test_15090,0.00085115
test_15091,0.98967731
test_15092,0.99992502
test_15093,0.00000003
test_15094,0.99875319
test_15095,0.46871221
test_15096,0.00009620
test_15097,1.00000000
test_15098,0.00029769
test_15099,0.98792124
test_15100,0.11495348
test_15101,0.00000001
test_15102,0.99999630
test_15103,0.76614463
test_15104,0.99999976
test_15105,0.99614257
test_15106,0.64916003
test_15107,0.07271359
test_15108,0.00000493
test_15109,0.60142028
test_15110,0.99997926
test_15111,0.98562312
test_15112,0.99882454
test_15113,0.97045320
test_15114,1.00000000
test_15115,0.99999893
test_15116,1.00000000
test_15117,0.06386776
test_15118,0.16933079
test_15119,0.00001896
test_15120,0.00008447
test_15121,0.00000002
test_15122,0.36586231
test_15123,0.42470214
test_15124,0.00006516
test_15125,0.10694627
test_15126,0.09924737
test_15127,0.99997187
test_15128,0.37059423
test_15129,0.00007782
test_15130,0.00037552
test_15131,0.38930055
test_15132,0.41976815
test_15133,0.99999988
test_15134,0.99999869
test_15135,0.99999928
test_15136,0.99937481
test_15137,0.65823245
test_15138,0.99998665
test_15139,0.01018513
test_15140,0.00000134
test_15141,1.00000000
test_15142,0.99964249
test_15143,0.14735924
test_15144,0.00000021
test_15145,0.99998546
test_15146,1.00000000
test_15147,0.00127523
test_15148,0.00483742
test_15149,0.12963745
test_15150,0.19550057
test_15151,0.99998939
test_15152,0.00008606
test_15153,0.00002225
test_15154,0.99997139
test_15155,0.07597184
test_15156,0.04003737
test_15157,0.99019027
test_15158,0.00000232
test_15159,0.00001063
test_15160,0.99310678
test_15161,0.99699080
test_15162,0.98451763
test_15163,0.00000404
test_15164,0.99996948
test_15165,0.00000002
test_15166,0.00016507
test_15167,0.88857043
test_15168,0.00015283
test_15169,0.02000038
test_15170,0.10679033
test_15171,0.53207183
test_15172,0.00194779
test_15173,0.00000002
test_15174,0.00000001
test_15175,0.34948242
test_15176,0.95337713
test_15177,0.23516916
test_15178,0.00006701
test_15179,0.00474476
test_15180,0.99999988
test_15181,0.00469918
test_15182,0.01099470
test_15183,0.00001687
test_15184,0.99998903
test_15185,0.99998748
test_15186,0.96619797
test_15187,0.07726170
test_15188,0.99999714
test_15189,0.78722477
test_15190,0.00002382
test_15191,0.20254454
test_15192,0.00007295
test_15193,0.51068723
test_15194,0.21320832
test_15195,0.00038176
test_15196,0.00290292
test_15197,0.99999750
test_15198,0.00000016
test_15199,0.00001023
test_15200,0.00000007
test_15201,0.75226969
test_15202,1.00000000
test_15203,0.00000870
test_15204,0.99985826
test_15205,0.99802232
test_15206,0.99998832
test_15207,0.99867815
test_15208,0.00016195
test_15209,0.00000009
test_15210,0.00000062
test_15211,0.00000867
test_15212,0.02445829
test_15213,1.00000000
test_15214,0.92801452
test_15215,0.99958056
test_15216,0.99996698
test_15217,0.46123478
test_15218,1.00000000
test_15219,0.99985290
test_15220,0.00279661
test_15221,0.00000000
test_15222,0.99999976
test_15223,0.69773942
test_15224,0.00385373
test_15225,0.02715967
test_15226,0.04739480
test_15227,0.00002969
test_15228,0.99839550
test_15229,0.20226853
test_15230,1.00000000
test_15231,0.99998295
test_15232,0.08408725
test_15233,0.07060955
test_15234,0.87424529
test_15235,0.00000001
test_15236,0.99985278
test_15237,0.00070109
test_15238,0.99999917
test_15239,0.69746047
test_15240,1.00000000
test_15241,0.00672540
test_15242,0.00008991
test_15243,0.00039397
test_15244,0.00000401
test_15245,0.98312861
test_15246,0.00007790
test_15247,0.99916899
test_15248,0.99540412
test_15249,0.14500555
test_15250,0.98295283
test_15251,1.00000000
test_15252,0.99100399
test_15253,0.99995279
test_15254,0.00000000
test_15255,0.12981828
test_15256,0.00042095
test_15257,0.99326211
test_15258,0.00000003
test_15259,0.00027662
test_15260,0.99955446
test_15261,0.28569812
test_15262,0.94433582
test_15263,1.00000000
test_15264,0.00269694
test_15265,0.00002718
test_15266,0.98974788
test_15267,0.00083698
test_15268,0.00000183
test_15269,0.71990275
test_15270,0.99999964
test_15271,0.19833995
test_15272,0.86570430
test_15273,0.34230727
test_15274,0.02317101
test_15275,0.00286112
test_15276,0.97282535
test_15277,0.00000831
test_15278,1.00000000
test_15279,0.99999332
test_15280,0.99999964
test_15281,0.00021175
test_15282,1.00000000
test_15283,1.00000000
test_15284,0.66774541
test_15285,0.00269850
test_15286,0.97603852
test_15287,0.99968827
test_15288,0.13561040
test_15289,0.02364356
test_15290,0.73375458
test_15291,0.98790449
test_15292,0.04678384
test_15293,0.00043459
test_15294,0.99994624
test_15295,0.60694629
test_15296,0.99999166
test_15297,0.99996984
test_15298,0.00000000
test_15299,0.06422406
test_15300,0.00000177
test_15301,0.00001829
test_15302,0.00002443
test_15303,0.89035976
test_15304,0.99925977
test_15305,0.99988401
test_15306,0.77313399
test_15307,0.17882645
test_15308,0.47603172
test_15309,0.99988580
test_15310,0.86988282
test_15311,0.00000342
test_15312,0.00000072
test_15313,0.51068664
test_15314,0.87590677
test_15315,0.01734065
test_15316,0.99919826
test_15317,0.00301798
test_15318,0.00000441
test_15319,0.00004905
test_15320,0.00240495
test_15321,0.99984944
test_15322,0.67877460
test_15323,0.95325589
test_15324,0.99460971
test_15325,0.95664185
test_15326,0.53155935
test_15327,0.88371843
test_15328,0.05296372
test_15329,0.99989438
test_15330,0.00002906
test_15331,1.00000000
test_15332,0.99853981
test_15333,0.00000000
test_15334,0.08349597
test_15335,0.01593397
test_15336,0.75054419
test_15337,0.29583305
test_15338,0.00109313
test_15339,0.87602001
test_15340,0.98163617
test_15341,0.99085683
test_15342,0.01542448
test_15343,0.00000015
test_15344,1.00000000
test_15345,0.34460619
test_15346,0.00046944
test_15347,0.92084813
test_15348,0.00000805
test_15349,0.99999666
test_15350,0.00000000
test_15351,0.05394524
test_15352,0.00004034
test_15353,0.93771970
test_15354,0.99873072
test_15355,0.95420086
test_15356,0.02873225
test_15357,0.00000012
test_15358,0.02581943
test_15359,0.99992573
test_15360,1.00000000
test_15361,0.99973363
test_15362,0.00062348
test_15363,0.82727158
test_15364,0.91707772
test_15365,0.05976781
test_15366,0.00217113
test_15367,0.99924988
test_15368,0.92058235
test_15369,0.99905509
test_15370,0.00008903
test_15371,0.02237075
test_15372,0.00000054
test_15373,0.04200992
test_15374,0.05592171
test_15375,0.83065063
test_15376,0.99999750
test_15377,0.72313344
test_15378,0.16768321
test_15379,1.00000000
test_15380,0.99987698
test_15381,0.99999750
test_15382,0.00275388
test_15383,0.00945908
test_15384,0.51207000
test_15385,0.00543425
test_15386,0.99949586
test_15387,1.00000000
test_15388,1.00000000
test_15389,0.97725242
test_15390,0.00128653
test_15391,1.00000000
test_15392,0.03259635
test_15393,0.99984705
test_15394,0.13299593
test_15395,0.99998486
test_15396,0.00678087
test_15397,0.41242698
test_15398,0.99999976
test_15399,0.03436480
test_15400,0.55567938
test_15401,0.00010944
test_15402,0.29257971
test_15403,0.00026820
test_15404,0.00000000
test_15405,0.99998653
test_15406,0.82751268
test_15407,1.00000000
test_15408,0.35911813
test_15409,0.03983470
test_15410,0.04162917
test_15411,0.48672414
test_15412,1.00000000
test_15413,1.00000000
test_15414,1.00000000
test_15415,0.96431071
test_15416,0.00000140
test_15417,0.99725538
test_15418,1.00000000
test_15419,0.99996543
test_15420,0.99999678
test_15421,0.10858177
test_15422,0.00141145
test_15423,0.41906124
test_15424,0.99999964
test_15425,0.99999309
test_15426,0.96714437
test_15427,0.99246186
test_15428,0.99999797
test_15429,0.99995565
test_15430,1.00000000
test_15431,0.99999952
test_15432,0.00210727
test_15433,0.56832606
test_15434,0.99690741
test_15435,0.98696625
test_15436,0.01318178
test_15437,0.99999952
test_15438,0.12420584
test_15439,0.99998724
test_15440,0.00499615
test_15441,0.76649886
test_15442,0.00000320
test_15443,0.99226791
test_15444,0.00002182
test_15445,0.99679619
test_15446,0.99716800
test_15447,0.00023608
test_15448,0.99957913
test_15449,0.00041340
test_15450,0.36702797
test_15451,0.00000394
test_15452,0.99795687
test_15453,0.03438948
test_15454,0.00190162
test_15455,0.99997818
test_15456,0.99888343
test_15457,0.86374199
test_15458,0.00345932
test_15459,0.00681305
test_15460,0.96499169
test_15461,0.98773348
test_15462,0.81723273
test_15463,0.00000000
test_15464,0.00051846
test_15465,0.99034214
test_15466,0.99999738
test_15467,0.97801363
test_15468,0.90608126
test_15469,0.00000067
test_15470,0.97962403
test_15471,0.00013376
test_15472,0.00000004
test_15473,0.85818917
test_15474,0.00178002
test_15475,0.01339311
test_15476,0.00000002
test_15477,0.99999547
test_15478,1.00000000
test_15479,0.98049247
test_15480,0.32281196
test_15481,0.99999928
test_15482,0.06674282
test_15483,0.99990582
test_15484,0.00002582
test_15485,0.02163603
test_15486,0.09945191
test_15487,0.00742757
test_15488,0.17787264
test_15489,0.97603339
test_15490,0.00015684
test_15491,0.00000121
test_15492,1.00000000
test_15493,0.00000005
test_15494,0.98368949
test_15495,0.61368245
test_15496,0.00000029
test_15497,0.98720014
test_15498,0.99984181
test_15499,0.99999940
test_15500,0.00000000
test_15501,0.99999106
test_15502,1.00000000
test_15503,0.99999964
test_15504,0.99998534
test_15505,0.97945696
test_15506,0.99923122
test_15507,0.00299543
test_15508,0.99985182
test_15509,0.00130341
test_15510,0.00159318
test_15511,0.99999881
test_15512,0.00003002
test_15513,0.95864308
test_15514,0.00453352
test_15515,0.93893051
test_15516,0.53760862
test_15517,0.00004007
test_15518,0.00000008
test_15519,0.99998856
test_15520,0.00024310
test_15521,0.99997461
test_15522,0.10545014
test_15523,0.27602455
test_15524,0.00000375
test_15525,0.00045907
test_15526,1.00000000
test_15527,0.99990702
test_15528,0.33636358
test_15529,0.17356077
test_15530,0.95693868
test_15531,0.41698992
test_15532,0.00108790
test_15533,0.29693198
test_15534,0.00006613
test_15535,0.00000659
test_15536,0.00021514
test_15537,0.99995494
test_15538,0.67900550
test_15539,0.43302661
test_15540,0.00296375
test_15541,0.99999940
test_15542,0.00017082
test_15543,0.69380426
test_15544,0.12543678
test_15545,0.88386136
test_15546,0.04007309
test_15547,0.00000000
test_15548,0.00000001
test_15549,0.00751368
test_15550,0.98750114
test_15551,0.00001456
test_15552,0.00123389
test_15553,0.08647880
test_15554,0.34960979
test_15555,0.99945587
test_15556,0.15294339
test_15557,0.00000023
test_15558,0.47102189
test_15559,0.16126548
test_15560,0.99999928
test_15561,1.00000000
test_15562,0.99999940
test_15563,0.99999928
test_15564,0.00000001
test_15565,0.00000236
test_15566,0.99981207
test_15567,0.00000322
test_15568,0.99966764
test_15569,0.00008753
test_15570,0.99992979
test_15571,0.43574709
test_15572,0.06154196
test_15573,0.99991548
test_15574,0.98926836
test_15575,0.00037010
test_15576,1.00000000
test_15577,0.72090811
test_15578,1.00000000
test_15579,0.41345727
test_15580,0.99999321
test_15581,0.00004074
test_15582,0.99919468
test_15583,0.00000181
test_15584,0.88815010
test_15585,0.99949336
test_15586,0.99944419
test_15587,0.00110372
test_15588,0.99941564
test_15589,0.99996650
test_15590,0.00000017
test_15591,0.66982323
test_15592,0.99999511
test_15593,0.84782571
test_15594,0.00479448
test_15595,0.00020976
test_15596,1.00000000
test_15597,0.99880743
test_15598,0.52502269
test_15599,0.00001611
test_15600,0.39990190
test_15601,0.99233818
test_15602,0.00000497
test_15603,0.00000176
test_15604,0.74506289
test_15605,0.00001725
test_15606,0.19738962
test_15607,0.91417044
test_15608,0.33012816
test_15609,0.99988222
test_15610,0.76490545
test_15611,0.02455776
test_15612,0.99999690
test_15613,0.99992085
test_15614,0.15887482
test_15615,0.00000153
test_15616,0.00000407
test_15617,0.58147800
test_15618,0.00000775
test_15619,0.99999857
test_15620,0.03701420
test_15621,0.99999988
test_15622,0.00000339
test_15623,0.07110597
test_15624,0.00001033
test_15625,0.07298395
test_15626,1.00000000
test_15627,0.99988651
test_15628,0.00011419
test_15629,0.17696179
test_15630,0.00002579
test_15631,0.99733704
test_15632,0.95943326
test_15633,0.93914282
test_15634,0.00000870
test_15635,0.00000067
test_15636,0.99998534
test_15637,0.99995172
test_15638,0.98663282
test_15639,0.12928700
test_15640,1.00000000
test_15641,0.99919623
test_15642,0.61997926
test_15643,0.99999952
test_15644,0.00069826
test_15645,1.00000000
test_15646,1.00000000
test_15647,0.00000000
test_15648,0.51055133
test_15649,0.00127258
test_15650,0.99999392
test_15651,0.00131003
test_15652,0.99999762
test_15653,0.00000340
test_15654,0.99999154
test_15655,0.38156590
test_15656,0.99610126
test_15657,0.00570463
test_15658,0.99351269
test_15659,0.00507990
test_15660,0.60693556
test_15661,0.00041606
test_15662,0.00560526
test_15663,0.99999917
test_15664,0.00000000
test_15665,0.99653840
test_15666,1.00000000
test_15667,0.00000001
test_15668,0.99798089
test_15669,0.99999976
test_15670,0.16991127
test_15671,0.91343647
test_15672,1.00000000
test_15673,0.00000385
test_15674,0.00007288
test_15675,0.73644835
test_15676,0.00000000
test_15677,0.00000172
test_15678,1.00000000
test_15679,0.95041209
test_15680,1.00000000
test_15681,0.00000431
test_15682,0.10478048
test_15683,0.98723930
test_15684,0.99999213
test_15685,0.00047784
test_15686,0.99446326
test_15687,0.59043080
test_15688,0.99963939
test_15689,0.55586714
test_15690,0.00033153
test_15691,0.00000015
test_15692,0.01102320
test_15693,0.99967480
test_15694,0.99708432
test_15695,0.00071979
test_15696,0.99846315
test_15697,0.99986422
test_15698,0.00000000
test_15699,0.99994504
test_15700,0.00000183
test_15701,0.88985485
test_15702,0.99999893
test_15703,0.99548507
test_15704,0.00400029
test_15705,0.04444144
test_15706,0.99999881
test_15707,0.99999976
test_15708,0.20160556
test_15709,0.97573823
test_15710,0.99915552
test_15711,0.99741828
test_15712,0.00000007
test_15713,0.99999905
test_15714,0.01758775
test_15715,0.98956221
test_15716,0.12027183
test_15717,0.00224789
test_15718,0.99692863
test_15719,0.00000027
test_15720,0.83647156
test_15721,0.99745291
test_15722,0.99999905
test_15723,0.99978715
test_15724,0.99876082
test_15725,0.98686659
test_15726,0.99967265
test_15727,0.79153323
test_15728,0.00002676
test_15729,0.00064946
test_15730,0.00000316
test_15731,0.00892653
test_15732,0.56954247
test_15733,1.00000000
test_15734,0.00909590
test_15735,0.00001431
test_15736,0.00000002
test_15737,0.36681554
test_15738,0.82927078
test_15739,0.43755525
test_15740,0.00050801
test_15741,1.00000000
test_15742,0.57293767
test_15743,1.00000000
test_15744,0.06361890
test_15745,0.21133278
test_15746,0.99998379
test_15747,1.00000000
test_15748,0.23842598
test_15749,0.99984598
test_15750,0.99972945
test_15751,0.99999285
test_15752,0.33976161
test_15753,0.99151951
test_15754,0.00000036
test_15755,0.99997044
test_15756,0.00019191
test_15757,0.99999309
test_15758,0.99975020
test_15759,0.64552540
test_15760,0.98907125
test_15761,0.04242966
test_15762,0.40779868
test_15763,0.40144104
test_15764,0.98171151
test_15765,0.98570120
test_15766,0.00074341
test_15767,0.99382555
test_15768,0.00147911
test_15769,0.00006035
test_15770,0.99926585
test_15771,0.00000000
test_15772,0.96457368
test_15773,0.00000027
test_15774,1.00000000
test_15775,1.00000000
test_15776,0.00000000
test_15777,0.00000006
test_15778,0.00000006
test_15779,0.00000000
test_15780,0.02800577
test_15781,0.00611635
test_15782,0.02798363
test_15783,0.98109323
test_15784,0.00025011
test_15785,0.31940863
test_15786,0.02448910
test_15787,0.00279973
test_15788,0.00122032
test_15789,0.00049195
test_15790,0.72849411
test_15791,0.00000993
test_15792,0.99990392
test_15793,0.57032168
test_15794,0.99963903
test_15795,0.00000000
test_15796,0.01708464
test_15797,0.00031356
test_15798,0.99113095
test_15799,0.00124870
test_15800,0.75569904
test_15801,0.99999821
test_15802,0.39384452
test_15803,0.00146495
test_15804,0.00000000
test_15805,0.99998319
test_15806,0.00013339
test_15807,0.97016823
test_15808,0.61503506
test_15809,0.99945050
test_15810,0.00062067
test_15811,0.46184763
test_15812,0.00136556
test_15813,0.98997116
test_15814,0.99330455
test_15815,0.00005905
test_15816,0.09029239
test_15817,0.00406353
test_15818,0.00010616
test_15819,0.99999738
test_15820,0.00000065
test_15821,0.99958342
test_15822,0.65885329
test_15823,0.00013138
test_15824,0.01313301
test_15825,0.00116303
test_15826,0.00030766
test_15827,0.99996877
test_15828,0.99406946
test_15829,0.76043046
test_15830,0.00000044
test_15831,0.00000000
test_15832,1.00000000
test_15833,0.99946886
test_15834,0.00015950
test_15835,0.20735154
test_15836,0.99996436
test_15837,0.99953103
test_15838,0.00051103
test_15839,1.00000000
test_15840,0.99597871
test_15841,0.00009555
test_15842,0.99085873
test_15843,0.79313678
test_15844,0.15336242
test_15845,0.99014014
test_15846,0.12851380
test_15847,0.30619553
test_15848,0.02311019
test_15849,0.87047380
test_15850,0.01994790
test_15851,0.99999666
test_15852,0.00000008
test_15853,0.99964595
test_15854,0.88746971
test_15855,0.81161714
test_15856,0.41887507
test_15857,0.00000237
test_15858,0.79078209
test_15859,0.99999797
test_15860,0.00000000
test_15861,0.83704525
test_15862,0.00398998
test_15863,1.00000000
test_15864,0.99820364
test_15865,0.99896431
test_15866,0.99287719
test_15867,0.99999988
test_15868,0.97946656
test_15869,0.13846040
test_15870,0.00000012
test_15871,0.99993753
test_15872,0.03098477
test_15873,0.00000000
test_15874,0.53190160
test_15875,0.00001374
test_15876,0.00000100
test_15877,0.00000000
test_15878,0.99998629
test_15879,0.20616668
test_15880,0.06816116
test_15881,0.00000000
test_15882,0.99924719
test_15883,0.00043860
test_15884,1.00000000
test_15885,0.99960321
test_15886,0.78461212
test_15887,0.99951148
test_15888,0.78410405
test_15889,0.57890695
test_15890,0.28482127
test_15891,0.25808954
test_15892,0.70267928
test_15893,0.00122691
test_15894,0.00000098
test_15895,0.99999702
test_15896,0.98530996
test_15897,0.97243696
test_15898,0.99983084
test_15899,0.00007497
test_15900,0.99653268
test_15901,0.99955434
test_15902,0.04267121
test_15903,0.47655791
test_15904,0.00017795
test_15905,0.71241558
test_15906,0.00000001
test_15907,0.99999678
test_15908,0.00000000
test_15909,1.00000000
test_15910,0.99999881
test_15911,0.00052087
test_15912,0.99956006
test_15913,0.85103780
test_15914,0.99187213
test_15915,0.06458112
test_15916,0.00000004
test_15917,0.00074893
test_15918,0.00000000
test_15919,0.99999881
test_15920,0.99937159
test_15921,1.00000000
test_15922,0.00313518
test_15923,0.94822401
test_15924,0.13855879
test_15925,0.99790263
test_15926,0.99997318
test_15927,1.00000000
test_15928,0.90697891
test_15929,1.00000000
test_15930,0.23925622
test_15931,0.00004975
test_15932,0.99993062
test_15933,0.99999917
test_15934,0.00000213
test_15935,1.00000000
test_15936,0.00579182
test_15937,0.99986970
test_15938,1.00000000
test_15939,0.02334509
test_15940,0.99151731
test_15941,0.99698907
test_15942,0.00000001
test_15943,0.99550134
test_15944,0.00000683
test_15945,0.99825138
test_15946,0.27168372
test_15947,0.84883761
test_15948,0.99975652
test_15949,0.48895308
test_15950,0.10784388
test_15951,0.00000000
test_15952,0.97599185
test_15953,0.00845235
test_15954,0.99989319
test_15955,0.00039512
test_15956,0.00001628
test_15957,0.00000931
test_15958,0.85584110
test_15959,0.99999988
test_15960,0.98223865
test_15961,0.99527919
test_15962,1.00000000
test_15963,0.11277527
test_15964,0.97326726
test_15965,0.00000044
test_15966,1.00000000
test_15967,0.00352795
test_15968,0.00020760
test_15969,0.12150092
test_15970,0.21490318
test_15971,0.00000000
test_15972,0.02902198
test_15973,0.00102234
test_15974,0.00206396
test_15975,0.00132552
test_15976,0.53566074
test_15977,0.96004188
test_15978,0.98957521
test_15979,0.53559613
test_15980,0.00156880
test_15981,1.00000000
test_15982,0.00000001
test_15983,0.99999917
test_15984,0.99999523
test_15985,0.00000000
test_15986,0.20696375
test_15987,0.00000032
test_15988,0.99999630
test_15989,0.00000000
test_15990,0.55572134
test_15991,0.97506464
test_15992,0.00000085
test_15993,0.99988627
test_15994,0.00000001
test_15995,0.84941339
test_15996,0.73567879
test_15997,0.00001569
test_15998,0.06572370
test_15999,0.99996459
test_16000,0.00000008
test_16001,0.00000025
test_16002,0.00129530
test_16003,0.99972326
test_16004,0.00002509
test_16005,0.00004814
test_16006,0.00290716
test_16007,0.61414528
test_16008,0.62024856
test_16009,0.00000004
test_16010,0.40410540
test_16011,0.00555207
test_16012,0.00308243
test_16013,0.99999762
test_16014,0.00000000
test_16015,0.00855901
test_16016,0.00902168
test_16017,0.00004921
test_16018,0.99998713
test_16019,0.00000000
test_16020,0.99997914
test_16021,0.99925262
test_16022,0.92382175
test_16023,0.00105528
test_16024,0.01144269
test_16025,0.00000000
test_16026,0.97618210
test_16027,0.99986267
test_16028,0.02634144
test_16029,0.00000292
test_16030,0.00003184
test_16031,0.03351991
test_16032,0.11916878
test_16033,0.00000095
test_16034,0.99999738
test_16035,0.00008282
test_16036,0.00002747
test_16037,0.00000421
test_16038,0.00000001
test_16039,0.00289655
test_16040,0.00016435
test_16041,1.00000000
test_16042,0.95448303
test_16043,1.00000000
test_16044,0.98274028
test_16045,0.44752866
test_16046,0.00013845
test_16047,0.03883099
test_16048,0.84646034
test_16049,0.00060038
test_16050,0.38079479
test_16051,0.99816221
test_16052,0.00000001
test_16053,0.99999034
test_16054,0.01833646
test_16055,0.00000105
test_16056,0.45918307
test_16057,0.99906629
test_16058,0.40491712
test_16059,0.99999964
test_16060,0.99781334
test_16061,0.99999487
test_16062,0.03204485
test_16063,0.69215167
test_16064,0.99882847
test_16065,1.00000000
test_16066,0.99999976
test_16067,0.99993026
test_16068,0.00044969
test_16069,0.04014324
test_16070,0.97182775
test_16071,0.98390698
test_16072,0.99999976
test_16073,0.00000224
test_16074,0.40319812
test_16075,0.99991965
test_16076,0.39796093
test_16077,0.97223431
test_16078,0.08214243
test_16079,0.50506985
test_16080,0.99999940
test_16081,0.99984348
test_16082,0.89503938
test_16083,0.72403681
test_16084,0.00000000
test_16085,0.00520421
test_16086,0.99995661
test_16087,0.99999964
test_16088,0.99958473
test_16089,0.12945519
test_16090,0.00073474
test_16091,0.06694689
test_16092,0.00000512
test_16093,0.57119471
test_16094,1.00000000
test_16095,0.99077672
test_16096,0.99814570
test_16097,0.62574357
test_16098,0.46393216
test_16099,0.99355000
test_16100,0.00000045
test_16101,0.96951091
test_16102,1.00000000
test_16103,0.00121970
test_16104,0.55389231
test_16105,0.34856644
test_16106,0.99998689
test_16107,0.99792814
test_16108,0.00246019
test_16109,1.00000000
test_16110,0.00018996
test_16111,0.16326654
test_16112,0.99999976
test_16113,0.99936217
test_16114,0.99990463
test_16115,0.00000591
test_16116,0.00507940
test_16117,1.00000000
test_16118,0.98961836
test_16119,0.00715823
test_16120,0.00000052
test_16121,0.99406874
test_16122,0.00003511
test_16123,0.99994123
test_16124,0.28898591
test_16125,0.99985731
test_16126,0.62996113
test_16127,0.99916637
test_16128,0.94778395
test_16129,0.05993675
test_16130,0.69555330
test_16131,0.10975865
test_16132,0.99531233
test_16133,0.00042121
test_16134,0.90854031
test_16135,1.00000000
test_16136,0.85124278
test_16137,0.99998438
test_16138,0.21011265
test_16139,0.97255683
test_16140,0.22166911
test_16141,0.01812916
test_16142,0.88097686
test_16143,0.84045142
test_16144,0.69404751
test_16145,0.00078541
test_16146,0.00000007
test_16147,0.06699120
test_16148,0.19926780
test_16149,0.00248400
test_16150,0.05068538
test_16151,0.95574051
test_16152,0.00000001
test_16153,1.00000000
test_16154,0.07968439
test_16155,1.00000000
test_16156,0.96857220
test_16157,0.02952603
test_16158,0.00097158
test_16159,0.99654645
test_16160,0.89870715
test_16161,0.66505522
test_16162,0.58567733
test_16163,0.00000000
test_16164,0.45678529
test_16165,0.00094956
test_16166,0.00000000
test_16167,0.14935875
test_16168,0.00000000
test_16169,0.98691571
test_16170,0.93601871
test_16171,0.00666625
test_16172,0.00000737
test_16173,0.22501005
test_16174,0.00036312
test_16175,0.99999821
test_16176,0.00014192
test_16177,0.01384858
test_16178,0.00000000
test_16179,0.00002346
test_16180,0.00450639
test_16181,0.90017980
test_16182,0.00148680
test_16183,0.00163337
test_16184,0.99999022
test_16185,0.99996996
test_16186,0.16071548
test_16187,0.00197725
test_16188,0.01438694
test_16189,0.99760532
test_16190,0.96306431
test_16191,0.09887221
test_16192,0.81451207
test_16193,1.00000000
test_16194,0.00118586
test_16195,0.99339265
test_16196,0.13048963
test_16197,0.99999630
test_16198,0.00018205
test_16199,0.51758051
test_16200,0.98484057
test_16201,0.00000000
test_16202,0.99999607
test_16203,0.48764542
test_16204,0.99997354
test_16205,0.99998248
test_16206,0.99998498
test_16207,0.99985862
test_16208,0.00028268
test_16209,0.35531434
test_16210,0.98944539
test_16211,0.56619525
test_16212,0.99999976
test_16213,0.99998879
test_16214,0.00000000
test_16215,0.91164517
test_16216,0.99352878
test_16217,0.00000351
test_16218,1.00000000
test_16219,0.99977106
test_16220,0.99999726
test_16221,0.78513306
test_16222,0.27837488
test_16223,0.84638345
test_16224,0.99977499
test_16225,0.86370689
test_16226,0.99999678
test_16227,0.00000000
test_16228,0.00000364
test_16229,0.18759137
test_16230,0.00063524
test_16231,0.80475521
test_16232,0.00001505
test_16233,0.07583217
test_16234,0.32924908
test_16235,0.99723142
test_16236,0.00003227
test_16237,0.98979843
test_16238,0.03152408
test_16239,0.94828868
test_16240,0.62675929
test_16241,0.00000001
test_16242,0.18933378
test_16243,0.98826563
test_16244,0.43493369
test_16245,0.99918228
test_16246,0.99246114
test_16247,0.00000010
test_16248,0.99997234
test_16249,0.00000000
test_16250,1.00000000
test_16251,0.99998724
test_16252,0.03589890
test_16253,0.00014361
test_16254,0.98437971
test_16255,0.00009049
test_16256,0.01096929
test_16257,0.46771768
test_16258,0.00018519
test_16259,0.99370134
test_16260,0.29650506
test_16261,0.99452507
test_16262,0.99998784
test_16263,0.45808449
test_16264,0.05868179
test_16265,0.99999940
test_16266,0.98065680
test_16267,0.00000770
test_16268,0.99931431
test_16269,0.00000000
test_16270,0.89737540
test_16271,1.00000000
test_16272,0.98785573
test_16273,1.00000000
test_16274,0.99998415
test_16275,0.00000006
test_16276,0.00000130
test_16277,0.99999976
test_16278,0.00515250
test_16279,0.00009538
test_16280,0.94645631
test_16281,0.99771404
test_16282,0.99725074
test_16283,0.00000286
test_16284,0.19439976
test_16285,0.99928397
test_16286,0.92835838
test_16287,1.00000000
test_16288,0.00000000
test_16289,0.72510469
test_16290,0.00047923
test_16291,0.99999595
test_16292,0.94739473
test_16293,0.99990809
test_16294,0.00844977
test_16295,0.99997675
test_16296,0.00018832
test_16297,0.99985135
test_16298,0.60719043
test_16299,0.40752268
test_16300,0.00000841
test_16301,0.00008113
test_16302,0.00004276
test_16303,0.99999964
test_16304,0.00001964
test_16305,1.00000000
test_16306,0.72708362
test_16307,1.00000000
test_16308,0.99993622
test_16309,0.99989200
test_16310,0.13696492
test_16311,0.99183875
test_16312,0.00000401
test_16313,0.00000068
test_16314,0.43214995
test_16315,0.24494323
test_16316,0.54310268
test_16317,0.73800874
test_16318,0.96926939
test_16319,0.00019424
test_16320,1.00000000
test_16321,0.36773565
test_16322,0.00000833
test_16323,0.00005971
test_16324,0.99241900
test_16325,0.05965530
test_16326,0.99712723
test_16327,0.01941771
test_16328,0.08053377
test_16329,0.03843013
test_16330,0.32544106
test_16331,0.00113971
test_16332,0.54879504
test_16333,0.00128195
test_16334,1.00000000
test_16335,0.99999988
test_16336,0.00024756
test_16337,0.98749685
test_16338,0.94266033
test_16339,0.99956280
test_16340,0.99989748
test_16341,1.00000000
test_16342,0.69755614
test_16343,0.97808838
test_16344,0.99941695
test_16345,0.10157633
test_16346,0.82739395
test_16347,0.00000912
test_16348,1.00000000
test_16349,1.00000000
test_16350,0.96480376
test_16351,0.61529648
test_16352,0.00000002
test_16353,0.97490519
test_16354,0.30042943
test_16355,1.00000000
test_16356,0.58230507
test_16357,0.98822844
test_16358,0.00000077
test_16359,0.99997640
test_16360,0.03574425
test_16361,0.00000000
test_16362,0.99999082
test_16363,0.98690528
test_16364,0.18259461
test_16365,0.99998510
test_16366,0.66782421
test_16367,0.99994874
test_16368,0.00409150
test_16369,0.00296391
test_16370,0.00000000
test_16371,0.87860882
test_16372,1.00000000
test_16373,0.79275602
test_16374,0.01455885
test_16375,0.99999654
test_16376,0.99915195
test_16377,1.00000000
test_16378,0.11332240
test_16379,0.00000002
test_16380,0.00012672
test_16381,0.43331406
test_16382,0.00000003
test_16383,0.99102426
test_16384,0.99999928
test_16385,0.00000001
test_16386,0.99501014
test_16387,0.98381639
test_16388,0.98057073
test_16389,0.97994757
test_16390,1.00000000
test_16391,0.00019461
test_16392,1.00000000
test_16393,0.00031170
test_16394,0.71432996
test_16395,0.00020450
test_16396,0.99998713
test_16397,0.00051781
test_16398,0.99998820
test_16399,0.00003744
test_16400,0.00000001
test_16401,0.99999201
test_16402,0.99999976
test_16403,0.98063993
test_16404,1.00000000
test_16405,0.00001695
test_16406,0.00334008
test_16407,0.99999952
test_16408,0.73028940
test_16409,0.00000022
test_16410,0.00012115
test_16411,0.18146153
test_16412,0.00282536
test_16413,0.00000002
test_16414,0.99237120
test_16415,0.99999964
test_16416,0.76581794
test_16417,0.57995528
test_16418,0.00000000
test_16419,0.00000010
test_16420,0.00000384
test_16421,0.99944657
test_16422,1.00000000
test_16423,0.99987149
test_16424,0.99582338
test_16425,0.00008588
test_16426,0.01371912
test_16427,0.20463577
test_16428,0.00000000
test_16429,0.99988580
test_16430,1.00000000
test_16431,0.99945050
test_16432,0.00020505
test_16433,0.00000010
test_16434,0.00000005
test_16435,0.01454589
test_16436,0.31919032
test_16437,0.41801342
test_16438,0.99999964
test_16439,1.00000000
test_16440,1.00000000
test_16441,0.00001641
test_16442,0.99980313
test_16443,0.00000012
test_16444,0.99999976
test_16445,0.99152571
test_16446,0.00000000
test_16447,0.94648492
test_16448,0.62679487
test_16449,0.99999571
test_16450,0.80270195
test_16451,0.00016455
test_16452,0.00000122
test_16453,0.99098104
test_16454,0.00000000
test_16455,0.99999714
test_16456,0.27926877
test_16457,0.99005055
test_16458,0.00037295
test_16459,0.00284772
test_16460,0.00000001
test_16461,0.99998236
test_16462,0.06015859
test_16463,0.99999833
test_16464,0.99682885
test_16465,0.99999940
test_16466,0.73783582
test_16467,0.99971181
test_16468,0.99977356
test_16469,1.00000000
test_16470,1.00000000
test_16471,0.13393223
test_16472,0.00000011
test_16473,0.22252871
test_16474,0.10721395
test_16475,0.33054289
test_16476,0.00000703
test_16477,0.04318942
test_16478,0.99997938
test_16479,0.25916865
test_16480,0.99615842
test_16481,0.00002048
test_16482,0.99996817
test_16483,0.00000000
test_16484,0.56243962
test_16485,0.00430567
test_16486,0.99997628
test_16487,0.01289998
test_16488,0.00024235
test_16489,0.00042266
test_16490,0.96422422
test_16491,0.08536670
test_16492,0.00218114
test_16493,0.00000349
test_16494,0.02012101
test_16495,0.09289822
test_16496,0.25815237
test_16497,0.00000046
test_16498,0.00032755
test_16499,0.05748524
test_16500,0.00259952
test_16501,0.99754804
test_16502,0.00021807
test_16503,0.00000811
test_16504,0.00000000
test_16505,0.99999511
test_16506,0.00047368
test_16507,0.99705267
test_16508,0.99997592
test_16509,0.98677725
test_16510,0.05109148
test_16511,0.99987948
test_16512,0.00251259
test_16513,0.00000006
test_16514,0.00000000
test_16515,0.29753008
test_16516,1.00000000
test_16517,0.00080932
test_16518,0.99998510
test_16519,0.99372745
test_16520,0.24071695
test_16521,0.31322843
test_16522,0.88790804
test_16523,0.88847446
test_16524,0.93163949
test_16525,0.15125559
test_16526,0.95488799
test_16527,0.00000760
test_16528,0.00000143
test_16529,0.99645329
test_16530,0.00146091
test_16531,0.00003705
test_16532,0.99998784
test_16533,0.00089786
test_16534,0.55855888
test_16535,0.99998713
test_16536,0.00001276
test_16537,0.47954774
test_16538,0.99978322
test_16539,0.89635026
test_16540,0.00000114
test_16541,0.00142660
test_16542,0.99901724
test_16543,0.50194132
test_16544,0.00113429
test_16545,0.00004386
test_16546,0.99999988
test_16547,0.22799326
test_16548,0.25520116
test_16549,0.04128835
test_16550,0.99999690
test_16551,1.00000000
test_16552,0.99998546
test_16553,0.00000012
test_16554,0.01991777
test_16555,0.03156761
test_16556,0.14575358
test_16557,0.99430168
test_16558,0.99999523
test_16559,0.99729377
test_16560,0.18199919
test_16561,0.99586856
test_16562,0.01738907
test_16563,0.00000150
test_16564,0.99999952
test_16565,0.97505343
test_16566,0.00000017
test_16567,0.99819946
test_16568,0.99230736
test_16569,0.00333391
test_16570,0.61269766
test_16571,0.96546161
test_16572,0.07797099
test_16573,0.00000817
test_16574,0.17664275
test_16575,0.00217970
test_16576,0.00001004
test_16577,0.00000879
test_16578,1.00000000
test_16579,0.08810492
test_16580,0.00000004
test_16581,0.00000000
test_16582,0.98604959
test_16583,0.99999928
test_16584,0.87087226
test_16585,0.00000000
test_16586,0.10909460
test_16587,0.89777678
test_16588,0.00000041
test_16589,0.99950063
test_16590,0.00017988
test_16591,0.99999976
test_16592,0.03480352
test_16593,0.70403445
test_16594,0.00000021
test_16595,0.16897312
test_16596,0.00000278
test_16597,1.00000000
test_16598,0.98920280
test_16599,0.80819041
test_16600,0.75158733
test_16601,0.00000000
test_16602,0.99956888
test_16603,0.84969181
test_16604,0.99999988
test_16605,0.00000000
test_16606,0.00664255
test_16607,0.23994361
test_16608,1.00000000
test_16609,0.99999714
test_16610,0.00000011
test_16611,0.34250367
test_16612,0.03364914
test_16613,0.99404573
test_16614,0.99833655
test_16615,0.27182752
test_16616,0.00020922
test_16617,0.00252349
test_16618,0.26514766
test_16619,0.00020221
test_16620,0.99998772
test_16621,0.99999988
test_16622,0.99999988
test_16623,0.65011352
test_16624,0.99999964
test_16625,0.00000842
test_16626,0.02600360
test_16627,0.00000054
test_16628,0.00608960
test_16629,0.00096622
test_16630,0.00000047
test_16631,0.00007663
test_16632,0.99992788
test_16633,0.00000461
test_16634,0.04597649
test_16635,0.00001086
test_16636,0.99806005
test_16637,0.00056256
test_16638,0.99999833
test_16639,0.96775645
test_16640,0.32748580
test_16641,0.60998780
test_16642,0.95791453
test_16643,0.99976772
test_16644,1.00000000
test_16645,0.99999893
test_16646,1.00000000
test_16647,0.52677727
test_16648,0.78296393
test_16649,0.76265174
test_16650,0.17055383
test_16651,0.00000026
test_16652,0.39208835
test_16653,0.96559685
test_16654,1.00000000
test_16655,0.00026839
test_16656,0.01418067
test_16657,0.99999964
test_16658,0.99779594
test_16659,0.46575561
test_16660,0.99996352
test_16661,0.00000004
test_16662,0.98951530
test_16663,0.66714430
test_16664,1.00000000
test_16665,0.25240511
test_16666,0.99999583
test_16667,0.00334516
test_16668,1.00000000
test_16669,0.00000029
test_16670,0.10696235
test_16671,0.08940423
test_16672,1.00000000
test_16673,0.10796713
test_16674,0.98148888
test_16675,0.00564056
test_16676,0.03838946
test_16677,0.90214378
test_16678,0.12763667
test_16679,0.00149106
test_16680,0.47215229
test_16681,0.00045249
test_16682,0.99735874
test_16683,0.01506339
test_16684,0.02046632
test_16685,0.00007562
test_16686,0.00066235
test_16687,0.97938865
test_16688,0.67730802
test_16689,0.97523719
test_16690,0.99998736
test_16691,0.00001342
test_16692,0.88217413
test_16693,0.00000246
test_16694,1.00000000
test_16695,0.00150826
test_16696,0.00000000
test_16697,0.00006417
test_16698,0.30440024
test_16699,0.00134643
test_16700,0.58769935
test_16701,0.00000372
test_16702,0.08938518
test_16703,0.99999857
test_16704,0.67729032
test_16705,0.97764301
test_16706,0.99801970
test_16707,0.98692083
test_16708,0.99532866
test_16709,0.99995303
test_16710,0.00000083
test_16711,0.32471603
test_16712,0.15584943
test_16713,0.00063329
test_16714,0.55027986
test_16715,0.00002812
test_16716,0.00000284
test_16717,0.36723080
test_16718,0.00000009
test_16719,0.92511380
test_16720,0.00000123
test_16721,0.99973935
test_16722,0.99262494
test_16723,0.99992824
test_16724,0.01051497
test_16725,0.03681782
test_16726,0.00000897
test_16727,0.94040203
test_16728,0.00015063
test_16729,0.03892147
test_16730,0.81292057
test_16731,0.00008771
test_16732,0.00812662
test_16733,0.00154271
test_16734,0.99999952
test_16735,0.00001062
test_16736,0.99999511
test_16737,0.99999940
test_16738,0.99999964
test_16739,1.00000000
test_16740,0.99991369
test_16741,0.00000105
test_16742,0.00000000
test_16743,0.00000023
test_16744,0.99620360
test_16745,0.00000109
test_16746,0.00088164
test_16747,0.53685820
test_16748,0.99858898
test_16749,0.78994793
test_16750,0.03099444
test_16751,0.99999881
test_16752,0.00003290
test_16753,1.00000000
test_16754,0.18375878
test_16755,0.00100934
test_16756,0.99991441
test_16757,0.00000099
test_16758,0.99981123
test_16759,0.50916922
test_16760,0.99700087
test_16761,0.99999714
test_16762,0.83228225
test_16763,0.33028835
test_16764,0.00000026
test_16765,0.99839360
test_16766,0.99991453
test_16767,0.09538657
test_16768,0.00007234
test_16769,0.92924011
test_16770,0.02602536
test_16771,0.98376924
test_16772,0.00000055
test_16773,0.94049555
test_16774,0.29824591
test_16775,0.00000011
test_16776,0.02294895
test_16777,0.83660448
test_16778,0.88698167
test_16779,0.00000001
test_16780,0.99998462
test_16781,0.05852675
test_16782,0.99999988
test_16783,0.99999738
test_16784,0.87926716
test_16785,0.99993920
test_16786,0.00000397
test_16787,0.00118095
test_16788,0.74729729
test_16789,0.99999988
test_16790,0.14007631
test_16791,0.00000000
test_16792,0.97676533
test_16793,0.00000005
test_16794,1.00000000
test_16795,0.00000000
test_16796,0.59099311
test_16797,0.14480269
test_16798,0.94399506
test_16799,0.98122865
test_16800,0.93948478
test_16801,0.99999940
test_16802,0.94411391
test_16803,0.06805842
test_16804,0.99992394
test_16805,0.99882120
test_16806,0.99999690
test_16807,0.98897845
test_16808,0.00000000
test_16809,0.00000259
test_16810,0.00000000
test_16811,0.96478492
test_16812,0.00069324
test_16813,0.00009982
test_16814,0.00009589
test_16815,0.99850488
test_16816,0.00000000
test_16817,0.99999928
test_16818,0.00116663
test_16819,1.00000000
test_16820,0.37680915
test_16821,0.93340337
test_16822,0.99999654
test_16823,0.99914145
test_16824,0.99998653
test_16825,0.00230998
test_16826,0.27248859
test_16827,0.46662602
test_16828,0.00004028
test_16829,0.28018248
test_16830,0.00045739
test_16831,0.99999416
test_16832,0.78002435
test_16833,0.00714146
test_16834,0.82460999
test_16835,0.98771894
test_16836,0.00000166
test_16837,0.99995589
test_16838,0.00000008
test_16839,0.83965468
test_16840,0.71965432
test_16841,0.07802865
test_16842,0.99385911
test_16843,0.00289628
test_16844,0.99999893
test_16845,0.00002650
test_16846,0.00000000
test_16847,0.95300823
test_16848,1.00000000
test_16849,1.00000000
test_16850,0.00387631
test_16851,0.11381547
test_16852,0.93500370
test_16853,0.97746938
test_16854,0.00000404
test_16855,0.00000283
test_16856,0.98783702
test_16857,0.97438037
test_16858,0.99999547
test_16859,0.00555855
test_16860,0.99978250
test_16861,0.41770211
test_16862,0.04782489
test_16863,0.99998856
test_16864,0.99983680
test_16865,0.00838090
test_16866,0.18583456
test_16867,0.95344108
test_16868,0.99993491
test_16869,0.99990630
test_16870,1.00000000
test_16871,0.99998164
test_16872,0.99999976
test_16873,0.36981642
test_16874,0.71053630
test_16875,0.00002889
test_16876,0.97798240
test_16877,0.00000000
test_16878,0.00626319
test_16879,0.46894917
test_16880,0.99709415
test_16881,0.00016822
test_16882,0.13967907
test_16883,0.99999869
test_16884,0.99993551
test_16885,0.07024596
test_16886,0.99132687
test_16887,0.99984980
test_16888,0.97240382
test_16889,0.99999964
test_16890,0.00338998
test_16891,0.02066800
test_16892,0.99974793
test_16893,0.09433758
test_16894,0.99998879
test_16895,0.00092466
test_16896,0.99999630
test_16897,0.00149018
test_16898,0.00010576
test_16899,0.01176933
test_16900,0.00004417
test_16901,0.00399292
test_16902,0.00000017
test_16903,1.00000000
test_16904,0.99986517
test_16905,0.03009349
test_16906,0.99986243
test_16907,0.99999630
test_16908,0.00000000
test_16909,0.74982357
test_16910,0.18897259
test_16911,0.03807641
test_16912,0.99764270
test_16913,0.21319431
test_16914,0.00001020
test_16915,0.99995649
test_16916,1.00000000
test_16917,0.00000000
test_16918,0.19940019
test_16919,0.00024971
test_16920,0.94682896
test_16921,1.00000000
test_16922,0.03910247
test_16923,0.00000144
test_16924,0.94843364
test_16925,0.78115982
test_16926,0.00000141
test_16927,0.36361909
test_16928,0.00408366
test_16929,0.00299912
test_16930,0.00533689
test_16931,0.53157389
test_16932,0.10489132
test_16933,0.99544060
test_16934,0.99999797
test_16935,0.93945867
test_16936,0.57264262
test_16937,0.73166579
test_16938,0.85233200
test_16939,0.00391617
test_16940,0.99999988
test_16941,0.99709129
test_16942,0.99999928
test_16943,0.65069634
test_16944,0.00000000
test_16945,0.00002477
test_16946,0.97056073
test_16947,0.00000007
test_16948,0.34830666
test_16949,0.99377692
test_16950,0.97807294
test_16951,0.99999571
test_16952,0.98919523
test_16953,0.99994969
test_16954,0.00000000
test_16955,0.88884503
test_16956,0.00000022
test_16957,0.03558864
test_16958,1.00000000
test_16959,0.00757364
test_16960,0.99999988
test_16961,0.00003948
test_16962,0.00003013
test_16963,0.99999869
test_16964,0.00000007
test_16965,0.97925824
test_16966,0.00004152
test_16967,0.00021732
test_16968,0.00000003
test_16969,0.50777382
test_16970,0.00281938
test_16971,0.99041593
test_16972,0.18224445
test_16973,0.99952781
test_16974,0.91228300
test_16975,0.01152889
test_16976,0.01216591
test_16977,0.05762000
test_16978,0.95264143
test_16979,0.70164341
test_16980,1.00000000
test_16981,0.55463850
test_16982,0.59081268
test_16983,0.99999499
test_16984,0.00143156
test_16985,0.00000000
test_16986,0.23203060
test_16987,0.00000000
test_16988,0.00000000
test_16989,0.07346208
test_16990,0.91703820
test_16991,0.01691842
test_16992,0.99732178
test_16993,0.00109966
test_16994,0.68978953
test_16995,0.71628034
test_16996,0.07462154
test_16997,0.99926323
test_16998,0.00008325
test_16999,0.99999976
test_17000,0.30428708
test_17001,0.16195208
test_17002,0.99971730
test_17003,0.00030140
test_17004,0.99850106
test_17005,0.01422902
test_17006,0.99851483
test_17007,0.04109947
test_17008,0.99990213
test_17009,0.00000000
test_17010,0.00024137
test_17011,0.01813051
test_17012,0.99556619
test_17013,0.32132789
test_17014,0.00000000
test_17015,0.20221081
test_17016,0.99619532
test_17017,0.94254225
test_17018,0.14782396
test_17019,0.00000000
test_17020,0.99998975
test_17021,0.99978143
test_17022,0.00000602
test_17023,0.00000000
test_17024,0.97482681
test_17025,0.00200218
test_17026,0.00286887
test_17027,0.98698401
test_17028,0.99999952
test_17029,0.80619127
test_17030,1.00000000
test_17031,0.00809576
test_17032,0.99999988
test_17033,0.99972874
test_17034,0.00000091
test_17035,0.21513624
test_17036,0.99999952
test_17037,0.00001034
test_17038,0.11491188
test_17039,0.00000342
test_17040,0.06602278
test_17041,0.23567973
test_17042,0.00062372
test_17043,0.00002777
test_17044,0.30901358
test_17045,0.00000016
test_17046,0.99999905
test_17047,0.20454393
test_17048,0.33089682
test_17049,1.00000000
test_17050,0.99286300
test_17051,0.99065334
test_17052,0.00033203
test_17053,0.19728239
test_17054,0.48279041
test_17055,0.00439795
test_17056,1.00000000
test_17057,0.99999869
test_17058,0.00006081
test_17059,0.00000051
test_17060,0.01187817
test_17061,0.20847374
test_17062,0.99334419
test_17063,0.39248350
test_17064,0.00003726
test_17065,0.06561349
test_17066,0.00000144
test_17067,0.99990427
test_17068,0.00040053
test_17069,0.99999845
test_17070,0.00001330
test_17071,0.99884677
test_17072,0.96301675
test_17073,0.05686158
test_17074,0.72223407
test_17075,0.98558551
test_17076,0.00087100
test_17077,0.89908290
test_17078,0.00113470
test_17079,0.99999952
test_17080,0.99983752
test_17081,0.00017719
test_17082,0.99999881
test_17083,0.64076811
test_17084,0.06076975
test_17085,0.00003568
test_17086,0.98046046
test_17087,0.91543633
test_17088,0.99624830
test_17089,0.00071897
test_17090,0.00013004
test_17091,0.00000107
test_17092,0.04488703
test_17093,0.99726081
test_17094,0.00019394
test_17095,1.00000000
test_17096,0.55551696
test_17097,0.99998224
test_17098,0.32258934
test_17099,0.99999344
test_17100,0.00107257
test_17101,0.01223294
test_17102,1.00000000
test_17103,0.00011058
test_17104,0.45731661
test_17105,0.99998653
test_17106,0.99999833
test_17107,0.00000093
test_17108,0.01493421
test_17109,0.99999988
test_17110,0.99236840
test_17111,0.61865699
test_17112,0.99982315
test_17113,0.96234572
test_17114,0.99999881
test_17115,0.85803479
test_17116,0.99328268
test_17117,0.54718304
test_17118,0.89335835
test_17119,0.25519726
test_17120,0.08312523
test_17121,0.85984772
test_17122,0.99996912
test_17123,0.00001667
test_17124,0.00065073
test_17125,0.91071457
test_17126,0.51384819
test_17127,0.00000000
test_17128,0.00003279
test_17129,0.99999976
test_17130,0.99573416
test_17131,0.00007561
test_17132,0.99684453
test_17133,0.00000032
test_17134,0.00000041
test_17135,0.00000001
test_17136,1.00000000
test_17137,0.12601934
test_17138,0.62470520
test_17139,0.76914257
test_17140,0.00010333
test_17141,0.01556850
test_17142,0.99999952
test_17143,0.99995315
test_17144,0.00005264
test_17145,0.00000394
test_17146,0.99999821
test_17147,0.99994659
test_17148,0.00002413
test_17149,0.97924417
test_17150,0.00481440
test_17151,0.99999964
test_17152,0.00079844
test_17153,0.00000259
test_17154,0.00528524
test_17155,0.00000001
test_17156,0.00000212
test_17157,1.00000000
test_17158,0.19138622
test_17159,0.00000000
test_17160,0.99954456
test_17161,0.99924147
test_17162,0.00000000
test_17163,0.96637774
test_17164,0.99572778
test_17165,0.99859303
test_17166,0.00000833
test_17167,0.00005740
test_17168,0.99996376
test_17169,1.00000000
test_17170,0.25256044
test_17171,0.00000756
test_17172,0.82797587
test_17173,0.99987769
test_17174,0.99998760
test_17175,0.02487028
test_17176,0.72065145
test_17177,1.00000000
test_17178,0.99803168
test_17179,0.99750096
test_17180,0.90981925
test_17181,0.97496855
test_17182,0.00862547
test_17183,0.62210578
test_17184,0.96350878
test_17185,0.99998331
test_17186,0.97681797
test_17187,0.25441909
test_17188,0.00009327
test_17189,0.08133684
test_17190,0.00000045
test_17191,0.96022058
test_17192,0.52585232
test_17193,0.00070013
test_17194,0.99810338
test_17195,0.00003112
test_17196,0.00148906
test_17197,0.01496316
test_17198,0.11779381
test_17199,0.00001358
test_17200,0.99762988
test_17201,0.00000369
test_17202,0.00001279
test_17203,0.99999833
test_17204,0.99999833
test_17205,0.07756454
test_17206,1.00000000
test_17207,0.00000181
test_17208,0.99999988
test_17209,0.33653784
test_17210,0.00416615
test_17211,0.32621810
test_17212,0.99997830
test_17213,0.62637222
test_17214,0.99996662
test_17215,0.99197209
test_17216,0.00000315
test_17217,0.00000130
test_17218,0.00000094
test_17219,0.00014475
test_17220,0.00000943
test_17221,0.00004041
test_17222,0.96200228
test_17223,0.00000949
test_17224,0.00027164
test_17225,0.99478602
test_17226,0.00282363
test_17227,0.58490670
test_17228,0.99991143
test_17229,0.99998546
test_17230,0.99975437
test_17231,0.71872592
test_17232,0.00000006
test_17233,0.00000061
test_17234,0.05496226
test_17235,1.00000000
test_17236,0.00000001
test_17237,0.99982029
test_17238,0.21101977
test_17239,0.20888010
test_17240,0.82666582
test_17241,0.00693923
test_17242,0.99997997
test_17243,0.00000012
test_17244,0.68014258
test_17245,0.00136441
test_17246,0.34886366
test_17247,0.00000843
test_17248,0.00331403
test_17249,0.98140740
test_17250,0.01421660
test_17251,0.99996901
test_17252,0.99740642
test_17253,0.03604961
test_17254,0.11359489
test_17255,0.99999917
test_17256,0.00481903
test_17257,0.00008509
test_17258,0.51045179
test_17259,0.99965405
test_17260,0.00991936
test_17261,0.99995518
test_17262,0.00000002
test_17263,0.99982113
test_17264,0.99868196
test_17265,1.00000000
test_17266,0.00000003
test_17267,0.31141055
test_17268,0.52492708
test_17269,0.01593057
test_17270,0.70920336
test_17271,0.03094140
test_17272,0.99994838
test_17273,1.00000000
test_17274,0.62439990
test_17275,0.94150966
test_17276,0.80379802
test_17277,0.99999464
test_17278,0.02572343
test_17279,0.00951267
test_17280,0.60020649
test_17281,0.00000002
test_17282,1.00000000
test_17283,0.00048268
test_17284,0.99754143
test_17285,1.00000000
test_17286,1.00000000
test_17287,0.00000009
test_17288,0.17195109
test_17289,0.91067034
test_17290,0.00007985
test_17291,0.02167069
test_17292,0.99976355
test_17293,0.02339124
test_17294,0.95737797
test_17295,0.26902246
test_17296,0.99879092
test_17297,0.99854821
test_17298,0.00559864
test_17299,0.99805522
test_17300,0.16683187
test_17301,0.97715002
test_17302,0.00543368
test_17303,0.00000626
test_17304,0.00000007
test_17305,0.92653143
test_17306,0.93359721
test_17307,0.98569947
test_17308,0.20016378
test_17309,0.00012184
test_17310,0.99327266
test_17311,0.00000000
test_17312,0.87149680
test_17313,0.78558511
test_17314,0.73792779
test_17315,0.02278788
test_17316,0.00002706
test_17317,0.99999654
test_17318,0.08015508
test_17319,0.99999964
test_17320,0.99999976
test_17321,0.99996316
test_17322,0.00150785
test_17323,0.94541937
test_17324,0.00000008
test_17325,0.00636976
test_17326,0.99999893
test_17327,0.00004097
test_17328,0.96527231
test_17329,0.00000000
test_17330,0.00000038
test_17331,0.01335794
test_17332,0.05204253
test_17333,0.90936399
test_17334,0.00000004
test_17335,0.99812812
test_17336,0.02174764
test_17337,0.01371347
test_17338,0.99999928
test_17339,0.00211243
test_17340,0.01412474
test_17341,0.00000000
test_17342,0.00261221
test_17343,0.00030044
test_17344,0.99999857
test_17345,0.96642369
test_17346,0.98238289
test_17347,0.00771080
test_17348,0.88964599
test_17349,0.00003286
test_17350,0.00008472
test_17351,0.99993038
test_17352,0.99994266
test_17353,1.00000000
test_17354,0.85765898
test_17355,0.00000011
test_17356,0.79945213
test_17357,0.97429436
test_17358,0.00000000
test_17359,0.99999964
test_17360,0.95082784
test_17361,0.99027306
test_17362,0.23124371
test_17363,0.00001770
test_17364,0.00255017
test_17365,0.00032257
test_17366,0.00003679
test_17367,0.65167278
test_17368,0.00000085
test_17369,0.67925841
test_17370,0.92214388
test_17371,0.99990845
test_17372,0.83972520
test_17373,0.51036084
test_17374,0.99747086
test_17375,0.00001453
test_17376,0.99520290
test_17377,0.00000002
test_17378,0.00131271
test_17379,0.99459994
test_17380,0.99998617
test_17381,0.00000092
test_17382,0.10047039
test_17383,0.99956578
test_17384,0.00003619
test_17385,0.01963695
test_17386,0.00029403
test_17387,0.91354483
test_17388,0.00918101
test_17389,0.00000027
test_17390,0.00004476
test_17391,0.81310081
test_17392,0.00000002
test_17393,0.29137811
test_17394,0.00000510
test_17395,0.00318919
test_17396,0.12215006
test_17397,0.00942402
test_17398,0.00482087
test_17399,0.22814634
test_17400,0.00003251
test_17401,0.99997318
test_17402,0.99981838
test_17403,0.89952487
test_17404,0.99969769
test_17405,0.95392138
test_17406,0.00008412
test_17407,0.99996185
test_17408,0.00001102
test_17409,0.00972250
test_17410,0.99999869
test_17411,0.99999809
test_17412,0.10056283
test_17413,0.99998009
test_17414,0.00019057
test_17415,0.00001388
test_17416,0.73579228
test_17417,1.00000000
test_17418,0.00682519
test_17419,0.00000172
test_17420,0.99999380
test_17421,0.98573375
test_17422,0.45056343
test_17423,0.99703538
test_17424,0.42061105
test_17425,0.92303759
test_17426,0.98155332
test_17427,0.99655104
test_17428,0.00009452
test_17429,0.04037213
test_17430,0.99999607
test_17431,0.00000005
test_17432,0.27834940
test_17433,0.04634652
test_17434,0.89960575
test_17435,0.95558316
test_17436,0.00008344
test_17437,0.00781644
test_17438,0.99999917
test_17439,0.00000019
test_17440,0.00000000
test_17441,0.99999976
test_17442,0.00003680
test_17443,0.99614292
test_17444,0.00181303
test_17445,0.00011299
test_17446,0.99994802
test_17447,0.00000687
test_17448,0.94153267
test_17449,0.99999988
test_17450,0.71220654
test_17451,0.00008102
test_17452,0.00052598
test_17453,0.99999976
test_17454,0.95507371
test_17455,0.00085917
test_17456,0.44387284
test_17457,0.86649615
test_17458,0.54081076
test_17459,0.94369388
test_17460,0.05384869
test_17461,0.29726788
test_17462,0.37459332
test_17463,0.00001354
test_17464,0.00000439
test_17465,0.00000014
test_17466,0.34662688
test_17467,0.99999988
test_17468,1.00000000
test_17469,0.00193366
test_17470,0.63386804
test_17471,0.99999988
test_17472,0.99834085
test_17473,1.00000000
test_17474,0.99999583
test_17475,0.64758492
test_17476,0.99980706
test_17477,0.00014329
test_17478,0.00013357
test_17479,0.00000147
test_17480,0.99981338
test_17481,0.85482663
test_17482,0.99522913
test_17483,0.00013796
test_17484,0.00012342
test_17485,0.79501402
test_17486,0.00216675
test_17487,0.03087595
test_17488,0.01078404
test_17489,0.97251928
test_17490,0.00015160
test_17491,0.99954814
test_17492,0.00000578
test_17493,1.00000000
test_17494,0.00320500
test_17495,0.00019062
test_17496,0.99912077
test_17497,0.00002825
test_17498,0.00047441
test_17499,0.99997056
test_17500,0.00000159
test_17501,0.87661612
test_17502,0.00000000
test_17503,1.00000000
test_17504,0.00314285
test_17505,0.00001663
test_17506,0.00000011
test_17507,1.00000000
test_17508,1.00000000
test_17509,0.99999833
test_17510,0.00000000
test_17511,0.87785882
test_17512,0.02475405
test_17513,0.67466956
test_17514,0.99999869
test_17515,1.00000000
test_17516,0.00000003
test_17517,0.12932098
test_17518,0.01580207
test_17519,0.00000472
test_17520,0.77886134
test_17521,0.99999988
test_17522,0.91699100
test_17523,0.00177283
test_17524,0.99662471
test_17525,0.99984157
test_17526,0.99999988
test_17527,0.06189106
test_17528,0.99893719
test_17529,0.02023969
test_17530,0.99999988
test_17531,0.00032685
test_17532,0.90933055
test_17533,0.99999988
test_17534,0.97592306
test_17535,0.99856985
test_17536,0.99999249
test_17537,0.31129858
test_17538,0.99999762
test_17539,0.01535451
test_17540,0.18730576
test_17541,0.99999988
test_17542,1.00000000
test_17543,0.98746222
test_17544,0.00000041
test_17545,0.99280506
test_17546,0.99999976
test_17547,0.10690911
test_17548,0.99999940
test_17549,0.00000002
test_17550,0.23356104
test_17551,0.37318343
test_17552,1.00000000
test_17553,0.00000011
test_17554,0.99425972
test_17555,0.00000001
test_17556,0.00000001
test_17557,0.99979097
test_17558,0.99998760
test_17559,1.00000000
test_17560,0.02311861
test_17561,0.43088320
test_17562,0.00000001
test_17563,0.00004763
test_17564,0.04630287
test_17565,0.00005536
test_17566,0.00194272
test_17567,0.99996293
test_17568,0.72519565
test_17569,0.37364200
test_17570,0.00044985
test_17571,0.00041464
test_17572,0.99268061
test_17573,0.83905327
test_17574,0.00000102
test_17575,0.00027706
test_17576,0.91702157
test_17577,0.99999833
test_17578,0.00000257
test_17579,0.42353001
test_17580,0.00267142
test_17581,0.68798965
test_17582,0.04563644
test_17583,0.17303883
test_17584,0.99859971
test_17585,0.99480540
test_17586,0.00000001
test_17587,0.99103945
test_17588,0.00002391
test_17589,0.99999666
test_17590,0.00011247
test_17591,0.49221122
test_17592,0.77963549
test_17593,1.00000000
test_17594,0.00750326
test_17595,0.99992037
test_17596,0.99101770
test_17597,0.99966931
test_17598,0.98121828
test_17599,0.99997485
test_17600,0.39325425
test_17601,0.06316745
test_17602,0.26970446
test_17603,0.38130507
test_17604,0.00000034
test_17605,0.00000000
test_17606,0.00005230
test_17607,0.00080735
test_17608,0.00068117
test_17609,0.99999225
test_17610,0.99989831
test_17611,0.48953146
test_17612,0.01545646
test_17613,0.00393415
test_17614,1.00000000
test_17615,0.00000000
test_17616,0.99842048
test_17617,0.00000000
test_17618,0.00000007
test_17619,0.99974293
test_17620,0.51344174
test_17621,0.00003944
test_17622,0.86445141
test_17623,0.90577501
test_17624,0.99725682
test_17625,0.99999940
test_17626,0.00000460
test_17627,0.00467098
test_17628,0.99999666
test_17629,0.25315785
test_17630,0.99996519
test_17631,0.50161248
test_17632,0.00002290
test_17633,0.99999964
test_17634,0.00003154
test_17635,0.07011779
test_17636,0.00000130
test_17637,0.97780985
test_17638,0.05652964
test_17639,0.72570002
test_17640,0.03656352
test_17641,0.30834314
test_17642,0.71140820
test_17643,0.00000000
test_17644,0.95706981
test_17645,1.00000000
test_17646,0.75567335
test_17647,0.00000001
test_17648,0.01063515
test_17649,0.00000992
test_17650,0.00412907
test_17651,0.99975759
test_17652,0.08966609
test_17653,0.22811708
test_17654,0.00000020
test_17655,0.00000073
test_17656,0.99998975
test_17657,0.73930764
test_17658,0.01572500
test_17659,0.00000001
test_17660,0.98094475
test_17661,0.99985754
test_17662,0.00037177
test_17663,0.99985993
test_17664,0.00021488
test_17665,0.01063768
test_17666,0.00280565
test_17667,0.99999833
test_17668,0.02282873
test_17669,0.00027360
test_17670,0.00000013
test_17671,0.00000003
test_17672,0.99999988
test_17673,0.00358908
test_17674,0.00051243
test_17675,1.00000000
test_17676,0.99999440
test_17677,0.99961793
test_17678,0.00000004
test_17679,0.90325630
test_17680,0.00000363
test_17681,0.92849696
test_17682,0.02917516
test_17683,0.99749529
test_17684,0.99998987
test_17685,0.99995339
test_17686,0.00001123
test_17687,0.00002624
test_17688,0.00000000
test_17689,0.99971575
test_17690,0.19111964
test_17691,0.96614212
test_17692,0.99183172
test_17693,0.99909687
test_17694,0.99769825
test_17695,0.99997246
test_17696,1.00000000
test_17697,1.00000000
test_17698,0.00000006
test_17699,0.00001113
test_17700,0.07313390
test_17701,0.99333680
test_17702,0.00498970
test_17703,0.17118208
test_17704,0.00000002
test_17705,0.00098583
test_17706,0.98492461
test_17707,0.00004321
test_17708,0.99846727
test_17709,0.43160886
test_17710,0.99884784
test_17711,0.13041200
test_17712,0.99169344
test_17713,0.00000266
test_17714,0.00263762
test_17715,0.19660449
test_17716,0.00046621
test_17717,0.99998474
test_17718,0.34539115
test_17719,0.00019299
test_17720,0.00017845
test_17721,0.93245906
test_17722,0.00000003
test_17723,0.46452963
test_17724,0.92287183
test_17725,0.00000028
test_17726,0.95522475
test_17727,0.95022529
test_17728,0.99999976
test_17729,0.97901571
test_17730,0.99999988
test_17731,0.76990891
test_17732,0.99995446
test_17733,0.99999797
test_17734,0.00164441
test_17735,0.33719262
test_17736,0.99999976
test_17737,0.00630049
test_17738,0.44907415
test_17739,0.95692027
test_17740,0.00007953
test_17741,1.00000000
test_17742,0.01611643
test_17743,0.99994648
test_17744,0.99999905
test_17745,0.00000670
test_17746,0.00000000
test_17747,0.02359231
test_17748,0.99944013
test_17749,0.99999619
test_17750,0.00299905
test_17751,0.66987360
test_17752,0.00000040
test_17753,0.99275160
test_17754,0.00061539
test_17755,1.00000000
test_17756,0.00015565
test_17757,0.50339913
test_17758,0.00000113
test_17759,1.00000000
test_17760,0.63103294
test_17761,0.99700004
test_17762,0.00357369
test_17763,0.00025776
test_17764,0.09983823
test_17765,0.99972528
test_17766,0.57598895
test_17767,0.14030075
test_17768,1.00000000
test_17769,0.00000003
test_17770,0.90825129
test_17771,0.00693203
test_17772,0.63058919
test_17773,0.00007420
test_17774,0.00067770
test_17775,0.00938452
test_17776,0.99616265
test_17777,0.00005923
test_17778,0.97254139
test_17779,0.00011483
test_17780,1.00000000
test_17781,0.00000000
test_17782,0.99999988
test_17783,0.00000001
test_17784,0.99727052
test_17785,1.00000000
test_17786,0.46717471
test_17787,0.18590818
test_17788,0.99985170
test_17789,0.00038509
test_17790,0.00549751
test_17791,0.97402167
test_17792,0.02189764
test_17793,0.16494292
test_17794,0.00170115
test_17795,0.00002768
test_17796,0.29055819
test_17797,0.99994576
test_17798,0.00000150
test_17799,0.00987165
test_17800,0.00060926
test_17801,0.00000042
test_17802,0.70372117
test_17803,0.00012594
test_17804,0.99973613
test_17805,0.89343333
test_17806,0.99988639
test_17807,0.00041938
test_17808,0.17328703
test_17809,0.03705287
test_17810,0.97656107
test_17811,0.27002683
test_17812,0.03323223
test_17813,0.99272501
test_17814,0.95827782
test_17815,0.99603242
test_17816,0.99982941
test_17817,0.00232249
test_17818,0.00958028
test_17819,0.99984372
test_17820,0.00000147
test_17821,0.84335244
test_17822,0.00004246
test_17823,0.00072031
test_17824,0.48527667
test_17825,0.00000006
test_17826,0.92349041
test_17827,0.17939056
test_17828,1.00000000
test_17829,0.97289139
test_17830,0.99554563
test_17831,0.00004763
test_17832,0.00000241
test_17833,0.90758890
test_17834,0.19102517
test_17835,0.99991739
test_17836,0.83841860
test_17837,1.00000000
test_17838,0.99857080
test_17839,1.00000000
test_17840,0.73031765
test_17841,0.99999964
test_17842,0.96271747
test_17843,0.00126593
test_17844,0.13031474
test_17845,0.06969571
test_17846,0.00000035
test_17847,0.99725807
test_17848,0.99997008
test_17849,0.00000526
test_17850,0.02674123
test_17851,0.68726331
test_17852,0.99485284
test_17853,0.99368578
test_17854,0.00000129
test_17855,0.00000003
test_17856,1.00000000
test_17857,0.00000012
test_17858,0.99951100
test_17859,0.99999988
test_17860,0.00005390
test_17861,0.99660575
test_17862,0.99999988
test_17863,0.00000784
test_17864,0.00004156
test_17865,0.99738663
test_17866,0.00039563
test_17867,0.96082824
test_17868,0.47857052
test_17869,0.02721428
test_17870,0.93636131
test_17871,0.34267133
test_17872,0.00352538
test_17873,0.99997234
test_17874,0.00005648
test_17875,0.99871492
test_17876,0.00000291
test_17877,0.00001014
test_17878,0.71151644
test_17879,1.00000000
test_17880,0.00000031
test_17881,0.66426909
test_17882,0.32624450
test_17883,0.99445421
test_17884,0.58715641
test_17885,0.99999988
test_17886,0.00000121
test_17887,0.99999976
test_17888,0.23644610
test_17889,0.90936959
test_17890,0.99999964
test_17891,0.88276207
test_17892,0.99998832
test_17893,0.99993730
test_17894,0.99997675
test_17895,0.43045071
test_17896,1.00000000
test_17897,0.00822830
test_17898,0.99194008
test_17899,0.00051725
test_17900,0.97970778
test_17901,0.01396608
test_17902,0.75489157
test_17903,0.99999988
test_17904,0.99999142
test_17905,0.37931114
test_17906,1.00000000
test_17907,0.82464790
test_17908,0.79894900
test_17909,0.99994588
test_17910,0.00000000
test_17911,0.00000415
test_17912,0.99790847
test_17913,0.99332881
test_17914,0.69964510
test_17915,0.99999380
test_17916,0.00979082
test_17917,0.00013341
test_17918,0.00002591
test_17919,0.01283016
test_17920,0.00317645
test_17921,0.99963546
test_17922,0.99926001
test_17923,0.99999595
test_17924,0.00001303
test_17925,0.01899321
test_17926,0.00007517
test_17927,0.72050440
test_17928,0.99996924
test_17929,0.00085304
test_17930,1.00000000
test_17931,0.98406583
test_17932,0.00501443
test_17933,0.99998593
test_17934,0.00372503
test_17935,0.99002761
test_17936,0.99999154
test_17937,0.00000388
test_17938,0.00001073
test_17939,0.99983847
test_17940,1.00000000
test_17941,0.93665665
test_17942,0.99999928
test_17943,0.99993861
test_17944,1.00000000
test_17945,0.00442196
test_17946,0.56091774
test_17947,0.96462315
test_17948,0.05165807
test_17949,0.05222970
test_17950,0.66061795
test_17951,0.11339963
test_17952,0.03943032
test_17953,0.99999928
test_17954,0.04627704
test_17955,0.00000024
test_17956,0.99824703
test_17957,0.00001477
test_17958,0.00000005
test_17959,0.00000502
test_17960,0.00001085
test_17961,0.00000255
test_17962,0.00000117
test_17963,0.99908376
test_17964,0.99515641
test_17965,1.00000000
test_17966,1.00000000
test_17967,0.00000017
test_17968,0.96757084
test_17969,0.00000000
test_17970,0.00000481
test_17971,0.99999952
test_17972,0.05901805
test_17973,0.99946421
test_17974,0.00579592
test_17975,0.00027088
test_17976,0.96174186
test_17977,0.00000758
test_17978,0.99998403
test_17979,0.59870017
test_17980,0.52382475
test_17981,0.88608241
test_17982,0.99999654
test_17983,0.80455393
test_17984,0.04793962
test_17985,0.27086994
test_17986,0.87672991
test_17987,0.99999976
test_17988,0.99996090
test_17989,0.99983060
test_17990,0.00025662
test_17991,0.83616656
test_17992,0.09140899
test_17993,0.00000037
test_17994,0.15753974
test_17995,0.03549820
test_17996,0.99998200
test_17997,0.00000776
test_17998,0.00001893
test_17999,0.99961156
test_18000,0.51597148
test_18001,0.00006445
test_18002,0.99945325
test_18003,1.00000000
test_18004,0.01324470
test_18005,0.95384771
test_18006,0.10337374
test_18007,0.25554958
test_18008,0.99320930
test_18009,0.99698693
test_18010,0.01273474
test_18011,0.99999595
test_18012,0.00000002
test_18013,0.74758589
test_18014,0.00000010
test_18015,0.00005116
test_18016,0.00933112
test_18017,0.00004714
test_18018,0.99243355
test_18019,0.00000028
test_18020,0.87752116
test_18021,0.72715598
test_18022,0.97675461
test_18023,0.99959475
test_18024,0.00016261
test_18025,0.00016346
test_18026,0.92680323
test_18027,0.00000417
test_18028,0.99999964
test_18029,0.12232654
test_18030,0.99432772
test_18031,0.99996459
test_18032,0.36828557
test_18033,0.98191810
test_18034,0.99956685
test_18035,0.01040756
test_18036,0.99999607
test_18037,0.25397488
test_18038,0.99372876
test_18039,0.44729647
test_18040,1.00000000
test_18041,1.00000000
test_18042,1.00000000
test_18043,0.00000000
test_18044,0.99999130
test_18045,0.00000001
test_18046,0.99570036
test_18047,0.20335361
test_18048,0.97776854
test_18049,0.99999154
test_18050,0.99997914
test_18051,0.00000000
test_18052,0.98983532
test_18053,0.35870478
test_18054,0.00065131
test_18055,0.99992871
test_18056,0.00000001
test_18057,0.80680245
test_18058,0.99297637
test_18059,0.07846946
test_18060,0.99604958
test_18061,0.37778047
test_18062,1.00000000
test_18063,0.44815239
test_18064,0.98861349
test_18065,0.88720590
test_18066,0.00000005
test_18067,0.99071711
test_18068,0.99925715
test_18069,0.48525241
test_18070,1.00000000
test_18071,0.00000000
test_18072,0.29609323
test_18073,0.88605970
test_18074,0.98015404
test_18075,1.00000000
test_18076,0.99998546
test_18077,0.00000069
test_18078,0.96667171
test_18079,0.99999964
test_18080,1.00000000
test_18081,0.98438835
test_18082,1.00000000
test_18083,0.88823897
test_18084,0.99999988
test_18085,0.00000097
test_18086,0.99999714
test_18087,0.09173314
test_18088,0.99941885
test_18089,0.00036634
test_18090,0.00002501
test_18091,0.47688216
test_18092,1.00000000
test_18093,0.99997938
test_18094,0.00125886
test_18095,0.18624927
test_18096,0.28479823
test_18097,0.99399972
test_18098,0.99999750
test_18099,0.99964666
test_18100,0.00575562
test_18101,0.00080941
test_18102,0.99995363
test_18103,0.86999524
test_18104,0.95003247
test_18105,0.99892753
test_18106,0.34273556
test_18107,0.10062377
test_18108,0.03129345
test_18109,0.01255098
test_18110,0.97463685
test_18111,0.18653409
test_18112,0.12766257
test_18113,0.31331766
test_18114,0.94150829
test_18115,0.99980658
test_18116,0.99999964
test_18117,0.00132066
test_18118,0.26175013
test_18119,0.00457554
test_18120,0.00000000
test_18121,0.32852247
test_18122,0.00140797
test_18123,0.99133110
test_18124,0.00000538
test_18125,0.99999654
test_18126,0.99996948
test_18127,0.00000007
test_18128,0.00030699
test_18129,0.00000000
test_18130,0.00000001
test_18131,0.96707779
test_18132,0.00000000
test_18133,0.00004105
test_18134,0.00309014
test_18135,0.79471040
test_18136,0.00029108
test_18137,0.00896499
test_18138,0.36707899
test_18139,0.00000002
test_18140,0.00000021
test_18141,0.00010399
test_18142,0.00064224
test_18143,0.39192480
test_18144,0.72937965
test_18145,0.91122943
test_18146,0.87779027
test_18147,0.00000026
test_18148,0.78798068
test_18149,0.99969995
test_18150,0.99999058
test_18151,0.99643302
test_18152,0.99999988
test_18153,0.12780003
test_18154,0.99753249
test_18155,0.99999988
test_18156,0.08423723
test_18157,0.00000633
test_18158,0.04039186
test_18159,0.94524658
test_18160,0.99940252
test_18161,0.99891138
test_18162,0.34974441
test_18163,0.01233788
test_18164,0.99882156
test_18165,0.61909652
test_18166,0.39286369
test_18167,0.99999905
test_18168,1.00000000
test_18169,0.81243837
test_18170,0.99975759
test_18171,0.30393904
test_18172,0.99998927
test_18173,0.99999976
test_18174,0.99992001
test_18175,0.00000176
test_18176,0.99899262
test_18177,0.99977547
test_18178,1.00000000
test_18179,0.99666315
test_18180,0.00194359
test_18181,0.76467454
test_18182,0.99999988
test_18183,0.74798363
test_18184,0.91771209
test_18185,0.03906014
test_18186,0.00000000
test_18187,0.00000000
test_18188,0.10525677
test_18189,0.18512385
test_18190,0.99989259
test_18191,0.99999976
test_18192,0.99994862
test_18193,0.00203198
test_18194,0.14886416
test_18195,0.99996507
test_18196,0.99943799
test_18197,0.94246280
test_18198,0.00191527
test_18199,0.11779235
test_18200,0.00008496
test_18201,0.99997973
test_18202,0.88907194
test_18203,0.99556208
test_18204,0.99953914
test_18205,0.93037337
test_18206,0.00055951
test_18207,0.99990714
test_18208,0.40253296
test_18209,0.99999011
test_18210,0.99998951
test_18211,0.15818134
test_18212,0.00227249
test_18213,0.48923674
test_18214,0.00020811
test_18215,0.06744698
test_18216,0.70006520
test_18217,0.63431710
test_18218,1.00000000
test_18219,0.00000006
test_18220,0.86174339
test_18221,0.01170661
test_18222,0.00000002
test_18223,0.00000006
test_18224,0.99999976
test_18225,0.99999714
test_18226,0.99517101
test_18227,0.93690324
test_18228,0.99999940
test_18229,0.48737791
test_18230,1.00000000
test_18231,0.10365229
test_18232,0.98793310
test_18233,0.99999988
test_18234,0.00463558
test_18235,0.99780339
test_18236,0.50667149
test_18237,0.00004134
test_18238,0.52120978
test_18239,0.99546117
test_18240,0.83619052
test_18241,0.94252604
test_18242,0.00001495
test_18243,0.00017711
test_18244,0.99459130
test_18245,0.99928397
test_18246,0.99999356
test_18247,0.99026769
test_18248,0.98844427
test_18249,0.18666101
test_18250,0.00000000
test_18251,0.00096405
test_18252,0.39114609
test_18253,0.99985898
test_18254,0.00012783
test_18255,0.00000079
test_18256,0.00211054
test_18257,0.00108505
test_18258,0.93343318
test_18259,0.03065369
test_18260,0.99778759
test_18261,0.99998081
test_18262,0.00015311
test_18263,0.98237991
test_18264,0.00000000
test_18265,0.59680074
test_18266,0.00795880
test_18267,0.99999607
test_18268,0.32954082
test_18269,0.00000019
test_18270,0.99917859
test_18271,0.00000000
test_18272,0.00000007
test_18273,0.00241575
test_18274,0.00000039
test_18275,0.00000433
test_18276,0.00000018
test_18277,0.00188392
test_18278,0.00001528
test_18279,0.99703372
test_18280,1.00000000
test_18281,0.00263601
test_18282,0.00836811
test_18283,0.70613366
test_18284,0.16852863
test_18285,0.99952257
test_18286,0.02720411
test_18287,0.00031902
test_18288,0.00000000
test_18289,0.99999893
test_18290,0.99274033
test_18291,0.00000020
test_18292,0.00205935
test_18293,0.45201021
test_18294,0.55812085
test_18295,0.99999964
test_18296,0.00000282
test_18297,0.00000124
test_18298,0.13495654
test_18299,0.00000000
test_18300,0.03827989
test_18301,0.00316617
test_18302,0.00000641
test_18303,0.00526418
test_18304,0.01640977
test_18305,0.99836046
test_18306,0.00566205
test_18307,0.00054143
test_18308,0.92349708
test_18309,0.82936555
test_18310,1.00000000
test_18311,0.00000059
test_18312,0.00136311
test_18313,1.00000000
test_18314,0.02024365
test_18315,0.00322218
test_18316,0.99883717
test_18317,0.48299384
test_18318,0.98519599
test_18319,0.00118025
test_18320,0.78665388
test_18321,0.00000001
test_18322,0.99999833
test_18323,0.90889436
test_18324,0.57878512
test_18325,0.55814403
test_18326,1.00000000
test_18327,0.00032337
test_18328,0.16266018
test_18329,1.00000000
test_18330,0.00202498
test_18331,0.99999893
test_18332,0.95153415
test_18333,0.00002847
test_18334,0.99999869
test_18335,0.00867314
test_18336,0.01017233
test_18337,0.99999988
test_18338,0.99720782
test_18339,0.00051798
test_18340,0.99997437
test_18341,0.00000397
test_18342,0.00002297
test_18343,0.99971229
test_18344,0.99994028
test_18345,0.00000443
test_18346,0.00000148
test_18347,0.11504927
test_18348,0.00000216
test_18349,0.11442886
test_18350,0.89257652
test_18351,0.49544510
test_18352,0.00260727
test_18353,0.00790784
test_18354,0.01003724
test_18355,0.21452320
test_18356,0.10711786
test_18357,0.99999964
test_18358,0.00000000
test_18359,0.00077850
test_18360,1.00000000
test_18361,0.99996471
test_18362,0.00869064
test_18363,0.97842330
test_18364,0.49833697
test_18365,0.99994814
test_18366,0.97180891
test_18367,0.99825937
test_18368,1.00000000
test_18369,0.99999928
test_18370,0.99995041
test_18371,0.79024857
test_18372,0.98020238
test_18373,0.00588991
test_18374,0.99994850
test_18375,0.99999952
test_18376,0.00023301
test_18377,0.97949982
test_18378,0.03025817
test_18379,0.34207839
test_18380,0.00114124
test_18381,0.98387581
test_18382,0.11630540
test_18383,0.99996555
test_18384,0.44580653
test_18385,0.83001286
test_18386,0.32184950
test_18387,0.00458531
test_18388,0.98807609
test_18389,0.98748499
test_18390,0.99807739
test_18391,0.00000003
test_18392,0.77317488
test_18393,0.97171086
test_18394,0.00001094
test_18395,0.00001041
test_18396,0.66711664
test_18397,0.99682331
test_18398,0.19579111
test_18399,0.99998438
test_18400,0.00000375
test_18401,0.98297608
test_18402,0.99054366
test_18403,0.99999833
test_18404,0.17878783
test_18405,0.01379791
test_18406,0.99616313
test_18407,0.08808017
test_18408,0.99999809
test_18409,0.03067891
test_18410,0.99999988
test_18411,0.42374840
test_18412,0.99961936
test_18413,0.99397594
test_18414,0.00000000
test_18415,0.00000000
test_18416,1.00000000
test_18417,0.00000003
test_18418,0.97989058
test_18419,1.00000000
test_18420,0.52811384
test_18421,0.26418370
test_18422,0.84714520
test_18423,1.00000000
test_18424,0.99999988
test_18425,0.00002470
test_18426,0.99998903
test_18427,0.98693246
test_18428,0.09191158
test_18429,0.01339039
test_18430,0.98283768
test_18431,0.99523181
test_18432,0.00009464
test_18433,1.00000000
test_18434,0.99911076
test_18435,0.99823272
test_18436,0.92322063
test_18437,0.99903971
test_18438,0.00000000
test_18439,0.99301964
test_18440,0.07937091
test_18441,0.93064904
test_18442,0.99998868
test_18443,0.00018195
test_18444,0.00000000
test_18445,0.99999845
test_18446,0.99974960
test_18447,0.00112599
test_18448,0.00100405
test_18449,0.00000000
test_18450,0.06432860
test_18451,0.00020067
test_18452,0.00278978
test_18453,0.99986458
test_18454,0.00000002
test_18455,0.99786997
test_18456,0.67563218
test_18457,0.00050631
test_18458,0.99999964
test_18459,0.99958664
test_18460,0.99999714
test_18461,0.99808735
test_18462,0.20505388
test_18463,0.42610469
test_18464,0.92207533
test_18465,0.00007906
test_18466,0.99999976
test_18467,0.52867377
test_18468,0.00010242
test_18469,0.00011630
test_18470,0.75534439
test_18471,0.99999666
test_18472,0.00000481
test_18473,1.00000000
test_18474,0.04407061
test_18475,0.01910708
test_18476,0.99823415
test_18477,0.00012384
test_18478,0.00887174
test_18479,0.93234074
test_18480,0.63304102
test_18481,0.01214899
test_18482,0.00000011
test_18483,0.99984789
test_18484,0.93701309
test_18485,0.99213433
test_18486,0.49268219
test_18487,0.00954919
test_18488,0.42451388
test_18489,0.01143880
test_18490,0.90243548
test_18491,0.00000000
test_18492,0.00000027
test_18493,0.00001786
test_18494,0.00398321
test_18495,0.99930978
test_18496,0.07688258
test_18497,0.99999917
test_18498,1.00000000
test_18499,0.00000000
test_18500,0.00025101
test_18501,0.99999499
test_18502,0.99397719
test_18503,0.00007870
test_18504,0.30350941
test_18505,0.01617155
test_18506,0.99999392
test_18507,0.99999976
test_18508,0.04008700
test_18509,0.99900144
test_18510,0.99999166
test_18511,0.24313740
test_18512,0.95542669
test_18513,0.00000014
test_18514,0.87238401
test_18515,0.97386056
test_18516,0.99999964
test_18517,0.72317713
test_18518,0.52773732
test_18519,0.99994874
test_18520,0.02373458
test_18521,0.00000098
test_18522,0.07450618
test_18523,0.00321427
test_18524,0.15044355
test_18525,0.60817778
test_18526,0.97814798
test_18527,0.00000802
test_18528,0.00000054
test_18529,1.00000000
test_18530,0.99980813
test_18531,0.99995816
test_18532,0.00000000
test_18533,0.99999976
test_18534,0.00000000
test_18535,0.03179293
test_18536,0.86260945
test_18537,0.99993026
test_18538,0.99997652
test_18539,0.00886092
test_18540,0.80732065
test_18541,0.86088765
test_18542,0.13069375
test_18543,0.98753756
test_18544,0.65464336
test_18545,0.99826592
test_18546,1.00000000
test_18547,0.95110101
test_18548,0.99392092
test_18549,0.05551819
test_18550,0.99854773
test_18551,0.99987364
test_18552,0.00000167
test_18553,0.00276678
test_18554,0.99617755
test_18555,0.99695885
test_18556,0.99980122
test_18557,0.29216328
test_18558,0.02733249
test_18559,0.99992216
test_18560,0.00000018
test_18561,0.90663624
test_18562,0.99999976
test_18563,1.00000000
test_18564,0.00000910
test_18565,0.95536941
test_18566,0.31345099
test_18567,0.93691516
test_18568,0.84583789
test_18569,0.99290222
test_18570,0.08257946
test_18571,0.00019134
test_18572,0.00001459
test_18573,0.99954093
test_18574,0.99869531
test_18575,0.00000000
test_18576,0.00000470
test_18577,0.00070512
test_18578,0.57466489
test_18579,1.00000000
test_18580,0.55535513
test_18581,0.00000011
test_18582,0.99998951
test_18583,0.00111607
test_18584,0.00657729
test_18585,0.00924799
test_18586,1.00000000
test_18587,0.56534034
test_18588,0.94160390
test_18589,0.97057086
test_18590,0.99999988
test_18591,0.00090167
test_18592,0.00000000
test_18593,0.01341327
test_18594,0.00000000
test_18595,0.99829787
test_18596,0.97701001
test_18597,0.99969077
test_18598,1.00000000
test_18599,1.00000000
test_18600,0.99999917
test_18601,0.77616191
test_18602,0.99801540
test_18603,0.99875605
test_18604,0.55540800
test_18605,0.00000969
test_18606,0.99994361
test_18607,0.99997675
test_18608,0.60218775
test_18609,0.00000002
test_18610,0.86724299
test_18611,0.97091526
test_18612,1.00000000
test_18613,0.35211170
test_18614,0.00000278
test_18615,0.99999976
test_18616,0.00000000
test_18617,0.99996328
test_18618,0.05258541
test_18619,0.97631150
test_18620,1.00000000
test_18621,0.28564373
test_18622,0.09347895
test_18623,0.99649173
test_18624,0.87308824
test_18625,0.99997997
test_18626,0.00049225
test_18627,0.63636023
test_18628,0.00001354
test_18629,0.00000023
test_18630,0.99388206
test_18631,0.00142408
test_18632,0.00347231
test_18633,0.00132017
test_18634,1.00000000
test_18635,0.96906352
test_18636,0.00006295
test_18637,0.99997079
test_18638,0.00000080
test_18639,0.99999917
test_18640,0.99999893
test_18641,0.02044669
test_18642,0.40638274
test_18643,0.00779153
test_18644,0.00327798
test_18645,0.00017209
test_18646,0.04270997
test_18647,0.01984939
test_18648,0.99916244
test_18649,0.04231926
test_18650,0.00000009
test_18651,1.00000000
test_18652,0.00066697
test_18653,0.00000045
test_18654,0.13893148
test_18655,0.65141225
test_18656,0.02152876
test_18657,0.00000855
test_18658,0.00047217
test_18659,0.80069500
test_18660,0.98821104
test_18661,0.00000011
test_18662,0.96744084
test_18663,0.14154716
test_18664,0.79811734
test_18665,0.09622311
test_18666,0.00069724
test_18667,0.60321790
test_18668,1.00000000
test_18669,0.99991441
test_18670,0.00003292
test_18671,0.00217639
test_18672,0.00014674
test_18673,0.99535948
test_18674,0.00002669
test_18675,0.88103527
test_18676,0.99999857
test_18677,0.00000000
test_18678,0.00000000
test_18679,0.99959499
test_18680,0.99999523
test_18681,0.99620581
test_18682,1.00000000
test_18683,0.99664503
test_18684,0.20335351
test_18685,0.18127914
test_18686,0.44946307
test_18687,0.99998856
test_18688,0.00009425
test_18689,0.99999833
test_18690,0.99263155
test_18691,0.48108292
test_18692,0.44756868
test_18693,1.00000000
test_18694,0.29875481
test_18695,0.99999893
test_18696,0.99999964
test_18697,0.00408603
test_18698,0.00001605
test_18699,0.98107982
test_18700,0.71285415
test_18701,0.09899561
test_18702,0.12887780
test_18703,0.00000019
test_18704,0.99869031
test_18705,0.39935493
test_18706,0.99999988
test_18707,0.00001583
test_18708,0.00000080
test_18709,0.99959117
test_18710,0.99840194
test_18711,0.99917954
test_18712,0.17260145
test_18713,0.99999988
test_18714,0.00108076
test_18715,0.98110366
test_18716,0.89887089
test_18717,0.01909851
test_18718,0.48824030
test_18719,0.99757224
test_18720,0.00260267
test_18721,0.51139349
test_18722,0.00025656
test_18723,0.01131387
test_18724,0.94774354
test_18725,0.73284519
test_18726,0.81173331
test_18727,0.04517884
test_18728,0.08868431
test_18729,0.98711306
test_18730,0.00002627
test_18731,0.99097967
test_18732,0.00000011
test_18733,1.00000000
test_18734,0.01476041
test_18735,0.00000077
test_18736,0.99978667
test_18737,0.99999082
test_18738,0.00000003
test_18739,0.98356736
test_18740,0.98446715
test_18741,0.71743459
test_18742,0.07763961
test_18743,0.99482757
test_18744,0.99999964
test_18745,0.99999750
test_18746,1.00000000
test_18747,0.00195116
test_18748,0.99993432
test_18749,1.00000000
test_18750,0.00022513
test_18751,0.64157230
test_18752,0.00249262
test_18753,0.99999988
test_18754,0.96929181
test_18755,0.45941186
test_18756,0.10200630
test_18757,0.33655801
test_18758,0.00000003
test_18759,0.99874723
test_18760,0.00004773
test_18761,0.99417430
test_18762,0.99367851
test_18763,0.99998641
test_18764,0.99600345
test_18765,0.00000069
test_18766,0.00000000
test_18767,0.99999988
test_18768,0.00023152
test_18769,0.00000020
test_18770,0.30556294
test_18771,0.00000424
test_18772,0.00116272
test_18773,0.11537227
test_18774,0.00000006
test_18775,0.00000000
test_18776,0.00225268
test_18777,0.00002526
test_18778,1.00000000
test_18779,0.16433655
test_18780,0.01566633
test_18781,0.00101621
test_18782,1.00000000
test_18783,0.02594472
test_18784,0.00000018
test_18785,0.04211729
test_18786,0.00004700
test_18787,0.99999964
test_18788,0.89823967
test_18789,0.37929979
test_18790,0.00000011
test_18791,0.00000454
test_18792,0.99942172
test_18793,0.00000001
test_18794,0.99920362
test_18795,0.00000054
test_18796,0.99993157
test_18797,0.99999332
test_18798,0.00000781
test_18799,0.99891031
test_18800,0.14317243
test_18801,0.70210993
test_18802,0.99999988
test_18803,0.03289632
test_18804,0.00010112
test_18805,0.00006386
test_18806,0.99971837
test_18807,0.00363597
test_18808,0.01037166
test_18809,0.01128426
test_18810,0.00778277
test_18811,0.99978107
test_18812,0.00000035
test_18813,0.99548537
test_18814,0.80535984
test_18815,0.00432320
test_18816,0.99987400
test_18817,0.00000015
test_18818,0.68286842
test_18819,0.92048854
test_18820,0.04171572
test_18821,1.00000000
test_18822,0.99998569
test_18823,1.00000000
test_18824,0.00000000
test_18825,0.54813212
test_18826,0.00000097
test_18827,0.00020503
test_18828,0.40433198
test_18829,0.00000128
test_18830,0.00000003
test_18831,0.96692890
test_18832,0.00119265
test_18833,0.00083170
test_18834,0.96443206
test_18835,1.00000000
test_18836,0.26552531
test_18837,0.99994075
test_18838,0.00045852
test_18839,0.99989331
test_18840,0.99932170
test_18841,0.02681583
test_18842,0.02741298
test_18843,0.99839431
test_18844,0.00000055
test_18845,0.99998605
test_18846,0.83226180
test_18847,0.18286014
test_18848,0.99993551
test_18849,0.10505976
test_18850,0.00000000
test_18851,0.99989820
test_18852,0.00000024
test_18853,0.50961608
test_18854,0.85402727
test_18855,0.00000000
test_18856,0.00157329
test_18857,0.00002555
test_18858,1.00000000
test_18859,0.02965437
test_18860,0.01868119
test_18861,0.00002819
test_18862,0.00134529
test_18863,0.00045866
test_18864,0.96880341
test_18865,0.00003476
test_18866,0.00000000
test_18867,0.99999511
test_18868,0.00000000
test_18869,0.16926768
test_18870,1.00000000
test_18871,0.00252933
test_18872,0.93936676
test_18873,0.86807668
test_18874,0.11572787
test_18875,0.99936706
test_18876,0.99999237
test_18877,0.00365390
test_18878,0.99969900
test_18879,0.01086692
test_18880,0.99986446
test_18881,0.99995267
test_18882,0.00000006
test_18883,0.12177757
test_18884,0.13906075
test_18885,0.19380145
test_18886,0.24033093
test_18887,0.00885314
test_18888,0.33181101
test_18889,0.00001334
test_18890,0.00016363
test_18891,0.00000000
test_18892,0.99995494
test_18893,0.99999487
test_18894,0.99999416
test_18895,0.99999380
test_18896,0.99621612
test_18897,0.91558671
test_18898,0.99956471
test_18899,0.72239470
test_18900,0.01722612
test_18901,0.99998975
test_18902,0.99992371
test_18903,0.00300521
test_18904,0.05549784
test_18905,0.90194869
test_18906,0.00627476
test_18907,0.00000000
test_18908,0.84586006
test_18909,0.99975711
test_18910,0.06140769
test_18911,0.00108748
test_18912,0.26280805
test_18913,0.00013986
test_18914,0.01537442
test_18915,0.01304197
test_18916,0.00114563
test_18917,0.00003561
test_18918,1.00000000
test_18919,0.02832167
test_18920,0.00381161
test_18921,0.99980444
test_18922,0.00000024
test_18923,0.99877936
test_18924,0.00000000
test_18925,0.00000006
test_18926,0.00000000
test_18927,0.99986243
test_18928,0.00000000
test_18929,0.92889518
test_18930,1.00000000
test_18931,1.00000000
test_18932,0.00178454
test_18933,0.95595038
test_18934,0.99999833
test_18935,0.08085445
test_18936,0.00049439
test_18937,0.99995995
test_18938,0.19609091
test_18939,0.15774593
test_18940,0.02185432
test_18941,0.99999380
test_18942,0.00000029
test_18943,0.00000003
test_18944,0.00000000
test_18945,1.00000000
test_18946,0.00006686
test_18947,1.00000000
test_18948,0.01489936
test_18949,0.96789831
test_18950,0.77575040
test_18951,0.00004865
test_18952,0.99997389
test_18953,0.61135346
test_18954,0.99988365
test_18955,0.84310341
test_18956,0.00000000
test_18957,0.99953127
test_18958,0.99916005
test_18959,0.00000024
test_18960,0.31987372
test_18961,0.15507589
test_18962,0.00000018
test_18963,0.00000701
test_18964,0.00002054
test_18965,0.00188492
test_18966,0.99913955
test_18967,1.00000000
test_18968,0.99448836
test_18969,0.99988472
test_18970,0.01310027
test_18971,0.99999249
test_18972,0.15002377
test_18973,0.95687193
test_18974,0.99999988
test_18975,0.99623054
test_18976,1.00000000
test_18977,0.99999988
test_18978,0.97681218
test_18979,0.99995685
test_18980,0.99986219
test_18981,0.33302659
test_18982,0.00370040
test_18983,1.00000000
test_18984,0.99893492
test_18985,0.00001288
test_18986,0.10965335
test_18987,0.99998975
test_18988,0.00063619
test_18989,0.99990726
test_18990,0.99998820
test_18991,1.00000000
test_18992,0.00094329
test_18993,1.00000000
test_18994,0.65490425
test_18995,1.00000000
test_18996,0.00306100
test_18997,0.00754631
test_18998,1.00000000
test_18999,0.00000098
test_19000,0.99976903
test_19001,0.00002873
test_19002,0.00004593
test_19003,0.00000144
test_19004,0.98385543
test_19005,0.00005920
test_19006,0.99676079
test_19007,0.00050287
test_19008,0.95593339
test_19009,0.00106626
test_19010,0.21071865
test_19011,1.00000000
test_19012,0.00008330
test_19013,0.27325594
test_19014,0.99999988
test_19015,0.00000157
test_19016,0.99999976
test_19017,0.00217343
test_19018,0.00003671
test_19019,0.86920404
test_19020,0.87575370
test_19021,0.03781350
test_19022,0.00023259
test_19023,0.00000428
test_19024,0.64709949
test_19025,0.99999630
test_19026,0.99999559
test_19027,0.00000105
test_19028,0.99912876
test_19029,0.99999845
test_19030,0.00431933
test_19031,0.99999976
test_19032,0.96088052
test_19033,0.80902022
test_19034,0.97689623
test_19035,0.00000879
test_19036,0.97898853
test_19037,0.99999356
test_19038,0.00000001
test_19039,0.00075848
test_19040,0.53673708
test_19041,0.16249707
test_19042,0.99999988
test_19043,0.99969423
test_19044,0.00998574
test_19045,0.00000005
test_19046,0.97240090
test_19047,0.68142551
test_19048,0.99999976
test_19049,0.99505287
test_19050,0.99972171
test_19051,0.00142663
test_19052,0.01803063
test_19053,0.89879090
test_19054,0.00000287
test_19055,1.00000000
test_19056,0.50109637
test_19057,0.99684191
test_19058,0.00000001
test_19059,0.00000000
test_19060,0.00000004
test_19061,0.73123306
test_19062,0.00129355
test_19063,0.99966741
test_19064,0.00007417
test_19065,0.00089804
test_19066,0.18194214
test_19067,0.99237013
test_19068,0.99766821
test_19069,0.00000000
test_19070,0.49498034
test_19071,0.91286862
test_19072,0.33013070
test_19073,0.99999440
test_19074,1.00000000
test_19075,0.97711504
test_19076,1.00000000
test_19077,0.13968880
test_19078,0.00296400
test_19079,0.37767866
test_19080,0.99009740
test_19081,0.99997973
test_19082,0.25168592
test_19083,0.21484166
test_19084,0.76652515
test_19085,0.13533023
test_19086,0.00002276
test_19087,0.00000758
test_19088,0.00000003
test_19089,0.34359729
test_19090,0.00000020
test_19091,1.00000000
test_19092,0.96162659
test_19093,0.01539715
test_19094,0.00002632
test_19095,0.00056160
test_19096,1.00000000
test_19097,0.00079726
test_19098,0.47268680
test_19099,0.99999952
test_19100,0.00009794
test_19101,0.99621576
test_19102,0.00002221
test_19103,0.00000427
test_19104,0.00003481
test_19105,1.00000000
test_19106,0.00000030
test_19107,0.99764085
test_19108,0.22366273
test_19109,0.00000020
test_19110,0.00614054
test_19111,0.00000002
test_19112,1.00000000
test_19113,0.00689100
test_19114,0.00000000
test_19115,0.00001145
test_19116,0.99964726
test_19117,0.22926635
test_19118,0.00007439
test_19119,0.00164761
test_19120,0.13149400
test_19121,0.99999940
test_19122,0.56084156
test_19123,0.99999988
test_19124,0.00082808
test_19125,0.99999988
test_19126,0.88785326
test_19127,0.00003490
test_19128,0.99861598
test_19129,0.00499723
test_19130,0.99999976
test_19131,0.00400993
test_19132,0.85074908
test_19133,0.00000163
test_19134,0.99999738
test_19135,0.00001056
test_19136,0.99645007
test_19137,0.99939704
test_19138,0.00000080
test_19139,0.88111937
test_19140,1.00000000
test_19141,0.00000126
test_19142,0.99979526
test_19143,0.00000003
test_19144,0.99424946
test_19145,0.99999630
test_19146,0.99987602
test_19147,0.99997675
test_19148,0.99999952
test_19149,0.98237175
test_19150,0.04739500
test_19151,0.00070643
test_19152,0.82250321
test_19153,0.35557318
test_19154,0.65827334
test_19155,0.88739097
test_19156,0.01680926
test_19157,0.99999988
test_19158,0.05295794
test_19159,0.99091715
test_19160,0.00000006
test_19161,0.00028493
test_19162,0.00000667
test_19163,1.00000000
test_19164,0.00001208
test_19165,0.00001445
test_19166,0.99999452
test_19167,0.93106520
test_19168,0.90478945
test_19169,0.00000000
test_19170,0.99987233
test_19171,1.00000000
test_19172,0.99550736
test_19173,0.99984121
test_19174,0.00000000
test_19175,0.99707115
test_19176,0.52888024
test_19177,0.99997771
test_19178,0.99856454
test_19179,0.94083244
test_19180,0.59527177
test_19181,0.43796617
test_19182,0.00000000
test_19183,0.99995720
test_19184,0.99967992
test_19185,0.00004015
test_19186,0.44157842
test_19187,0.99990571
test_19188,0.99982750
test_19189,0.28429163
test_19190,0.91725969
test_19191,0.00000008
test_19192,0.99981588
test_19193,0.10643618
test_19194,0.01576320
test_19195,0.00000002
test_19196,0.99995267
test_19197,0.04217469
test_19198,0.99697089
test_19199,0.00005965
test_19200,0.66822875
test_19201,0.69829065
test_19202,0.99994409
test_19203,0.99999797
test_19204,0.81872058
test_19205,0.65588576
test_19206,0.82521683
test_19207,0.01530480
test_19208,0.99996519
test_19209,0.99999702
test_19210,0.01779774
test_19211,0.00000033
test_19212,0.99998224
test_19213,0.97892189
test_19214,0.00054128
test_19215,0.04079537
test_19216,0.00000237
test_19217,1.00000000
test_19218,0.00235091
test_19219,0.22737688
test_19220,0.04110180
test_19221,0.01448507
test_19222,0.99954128
test_19223,0.99989593
test_19224,0.00000000
test_19225,0.00000891
test_19226,0.99772340
test_19227,0.17449932
test_19228,0.99999917
test_19229,0.00000002
test_19230,0.97874993
test_19231,0.99996078
test_19232,0.99972731
test_19233,0.94504553
test_19234,0.00000006
test_19235,0.05991954
test_19236,0.00184142
test_19237,0.00000000
test_19238,0.00003322
test_19239,0.00000000
test_19240,0.99923968
test_19241,0.99152267
test_19242,0.62823987
test_19243,0.98980510
test_19244,0.19323938
test_19245,0.99999928
test_19246,0.99996161
test_19247,0.00000744
test_19248,1.00000000
test_19249,0.00000002
test_19250,0.99999988
test_19251,0.81310487
test_19252,0.00000002
test_19253,0.00112867
test_19254,0.99995494
test_19255,0.99989748
test_19256,0.93086475
test_19257,0.00000100
test_19258,0.00000009
test_19259,0.00000357
test_19260,0.99710661
test_19261,0.99641091
test_19262,0.28177300
test_19263,0.21598649
test_19264,0.00000001
test_19265,0.92036349
test_19266,0.00013336
test_19267,0.99997354
test_19268,0.99997401
test_19269,0.01897714
test_19270,0.35106090
test_19271,0.00000044
test_19272,0.99986267
test_19273,0.00085555
test_19274,0.00020701
test_19275,0.97937381
test_19276,0.94493556
test_19277,0.00000224
test_19278,0.00101204
test_19279,0.26893833
test_19280,0.86285144
test_19281,0.99406439
test_19282,0.02828132
test_19283,0.43228856
test_19284,0.65311027
test_19285,0.06614240
test_19286,0.00164463
test_19287,0.99991906
test_19288,0.01598561
test_19289,0.19493887
test_19290,0.99999988
test_19291,0.00000045
test_19292,0.25544050
test_19293,0.00000000
test_19294,0.99999917
test_19295,0.99998963
test_19296,0.99986708
test_19297,0.00003206
test_19298,0.98675901
test_19299,0.00229932
test_19300,0.00004945
test_19301,0.98887467
test_19302,0.90578341
test_19303,1.00000000
test_19304,0.99752086
test_19305,0.00000132
test_19306,0.99998498
test_19307,0.99881434
test_19308,0.99937844
test_19309,0.34894115
test_19310,0.00000028
test_19311,0.00000000
test_19312,0.00014269
test_19313,0.00001660
test_19314,0.00009287
test_19315,1.00000000
test_19316,1.00000000
test_19317,0.25557217
test_19318,1.00000000
test_19319,0.57428205
test_19320,0.99959439
test_19321,0.95739359
test_19322,0.00001051
test_19323,0.99995887
test_19324,0.00007647
test_19325,0.00001118
test_19326,0.00743902
test_19327,0.95100999
test_19328,0.00000080
test_19329,0.60906994
test_19330,0.51282108
test_19331,0.00000016
test_19332,1.00000000
test_19333,0.00012317
test_19334,0.00000003
test_19335,0.00000413
test_19336,0.00403870
test_19337,0.00000000
test_19338,0.99998546
test_19339,0.10100886
test_19340,0.99999976
test_19341,0.01395201
test_19342,0.99317628
test_19343,0.99989915
test_19344,0.00000001
test_19345,0.82850581
test_19346,0.29123178
test_19347,0.44749767
test_19348,0.03355150
test_19349,0.00000000
test_19350,0.00004282
test_19351,0.00000000
test_19352,0.88906693
test_19353,0.98626697
test_19354,1.00000000
test_19355,0.00000001
test_19356,0.00785635
test_19357,0.34398663
test_19358,0.66957468
test_19359,0.99984181
test_19360,0.01741968
test_19361,0.00018106
test_19362,0.00000054
test_19363,0.00004073
test_19364,0.93424869
test_19365,0.00563460
test_19366,0.00084829
test_19367,0.50558233
test_19368,0.99984121
test_19369,0.10130599
test_19370,0.99999881
test_19371,0.00054788
test_19372,0.61500680
test_19373,0.85476393
test_19374,0.96961313
test_19375,0.04030497
test_19376,1.00000000
test_19377,1.00000000
test_19378,0.72749674
test_19379,0.00000014
test_19380,0.99999988
test_19381,0.99951255
test_19382,0.00000001
test_19383,0.99998319
test_19384,0.99826628
test_19385,0.99999475
test_19386,0.99093330
test_19387,0.00514043
test_19388,0.57676351
test_19389,0.44154632
test_19390,0.99999940
test_19391,0.94315410
test_19392,0.00295503
test_19393,0.84173447
test_19394,0.99999189
test_19395,0.00000000
test_19396,0.99952328
test_19397,0.95894551
test_19398,0.09444899
test_19399,0.00120239
test_19400,0.00010223
test_19401,0.98756266
test_19402,0.03324291
test_19403,0.00032064
test_19404,0.00000006
test_19405,0.99999988
test_19406,0.99999166
test_19407,0.02254179
test_19408,0.00020834
test_19409,0.00000077
test_19410,0.01114364
test_19411,0.00000003
test_19412,0.00001016
test_19413,0.99994874
test_19414,0.23375298
test_19415,0.00000155
test_19416,0.99997115
test_19417,0.02588502
test_19418,0.00000000
test_19419,0.97171438
test_19420,0.00000016
test_19421,1.00000000
test_19422,0.89385998
test_19423,0.99262083
test_19424,0.00123311
test_19425,0.00000000
test_19426,0.00091965
test_19427,0.37372610
test_19428,0.99999940
test_19429,0.09294771
test_19430,0.82310325
test_19431,1.00000000
test_19432,0.99954361
test_19433,0.00000024
test_19434,0.98333317
test_19435,1.00000000
test_19436,0.99999952
test_19437,0.99351233
test_19438,0.00000019
test_19439,0.99902916
test_19440,0.00039701
test_19441,0.99549317
test_19442,0.98093766
test_19443,0.00003988
test_19444,0.01288184
test_19445,0.00103978
test_19446,0.99856359
test_19447,0.00017063
test_19448,0.99488670
test_19449,0.99999928
test_19450,0.99795204
test_19451,0.99999440
test_19452,1.00000000
test_19453,0.99890578
test_19454,0.99990439
test_19455,0.63656062
test_19456,0.00217161
test_19457,0.99999833
test_19458,0.99992859
test_19459,0.99771971
test_19460,0.00000000
test_19461,0.00000237
test_19462,0.99382037
test_19463,0.01808326
test_19464,0.20556054
test_19465,0.15768386
test_19466,0.78404462
test_19467,0.99775285
test_19468,0.99974126
test_19469,0.99999988
test_19470,0.00008565
test_19471,0.00000005
test_19472,0.99972004
test_19473,0.99980527
test_19474,0.99832422
test_19475,1.00000000
test_19476,0.96447831
test_19477,0.00001077
test_19478,0.00460195
test_19479,1.00000000
test_19480,0.99996793
test_19481,0.89810455
test_19482,0.02987031
test_19483,0.99873561
test_19484,0.36377102
test_19485,0.61250734
test_19486,0.00327909
test_19487,0.59183258
test_19488,0.99838233
test_19489,0.69957417
test_19490,0.00000008
test_19491,0.79981053
test_19492,0.01682210
test_19493,0.99993074
test_19494,0.99985933
test_19495,1.00000000
test_19496,0.98465317
test_19497,0.02222530
test_19498,0.99999619
test_19499,0.99965751
test_19500,0.00339823
test_19501,0.97138041
test_19502,0.00000196
test_19503,0.90099174
test_19504,0.00004158
test_19505,0.95152122
test_19506,0.85544801
test_19507,0.99990463
test_19508,0.99999249
test_19509,0.99966097
test_19510,0.99074554
test_19511,0.70829093
test_19512,0.15300402
test_19513,0.25505170
test_19514,0.98102748
test_19515,0.02018315
test_19516,0.98947549
test_19517,0.88893825
test_19518,0.96004254
test_19519,0.99919254
test_19520,0.00632287
test_19521,0.98331386
test_19522,0.00320362
test_19523,0.99946648
test_19524,0.65479136
test_19525,0.00101168
test_19526,0.00002257
test_19527,0.15077417
test_19528,0.00001369
test_19529,0.64282024
test_19530,0.00013885
test_19531,0.44545060
test_19532,0.35476699
test_19533,0.00002556
test_19534,0.99943036
test_19535,0.02994079
test_19536,0.25650281
test_19537,0.96930659
test_19538,0.99996328
test_19539,1.00000000
test_19540,0.00000011
test_19541,0.99570066
test_19542,0.95371681
test_19543,0.00000025
test_19544,0.99933523
test_19545,0.86278409
test_19546,1.00000000
test_19547,0.00000172
test_19548,0.99903810
test_19549,0.01357541
test_19550,0.00040833
test_19551,0.05530140
test_19552,0.99750888
test_19553,0.00000005
test_19554,0.00000373
test_19555,0.99945682
test_19556,0.13926207
test_19557,0.76657271
test_19558,0.00962873
test_19559,0.00929960
test_19560,0.99999070
test_19561,0.99999952
test_19562,0.83623821
test_19563,0.94453257
test_19564,0.00117443
test_19565,0.00000080
test_19566,0.00137425
test_19567,0.93892556
test_19568,0.00036575
test_19569,0.42840868
test_19570,0.99778014
test_19571,0.87224871
test_19572,0.99984860
test_19573,0.97865272
test_19574,0.00000409
test_19575,0.00016508
test_19576,0.99999988
test_19577,0.99999666
test_19578,0.93283498
test_19579,0.00161231
test_19580,0.00000002
test_19581,0.43369085
test_19582,0.99947768
test_19583,0.00034638
test_19584,0.00723135
test_19585,0.99999750
test_19586,0.99902761
test_19587,0.00137409
test_19588,0.99999857
test_19589,0.00000000
test_19590,0.99984789
test_19591,0.99887162
test_19592,0.07561757
test_19593,0.93872553
test_19594,0.00000016
test_19595,0.00334052
test_19596,0.99999928
test_19597,0.01042098
test_19598,0.77199477
test_19599,0.94952083
test_19600,0.00373785
test_19601,0.00000021
test_19602,0.00589005
test_19603,0.99998891
test_19604,0.98304832
test_19605,0.00000074
test_19606,0.98070508
test_19607,0.00000206
test_19608,0.00107397
test_19609,0.00702530
test_19610,0.99895620
test_19611,0.10992341
test_19612,0.88656718
test_19613,1.00000000
test_19614,0.03190836
test_19615,0.99998915
test_19616,0.00000001
test_19617,0.68378407
test_19618,0.99377984
test_19619,0.01649305
test_19620,0.13243914
test_19621,0.00000000
test_19622,0.00005095
test_19623,0.00000004
test_19624,0.00000255
test_19625,1.00000000
test_19626,0.00001331
test_19627,0.00000000
test_19628,0.99999857
test_19629,0.00032906
test_19630,0.99999988
test_19631,0.27954680
test_19632,0.99515659
test_19633,0.99962139
test_19634,0.99352902
test_19635,1.00000000
test_19636,0.99913412
test_19637,0.00000335
test_19638,0.99714166
test_19639,0.01401467
test_19640,0.00000003
test_19641,0.61928749
test_19642,0.00002041
test_19643,0.00000000
test_19644,0.00000932
test_19645,0.04196294
test_19646,0.20293759
test_19647,0.99999988
test_19648,0.00052337
test_19649,0.38931942
test_19650,0.00044011
test_19651,0.33545145
test_19652,0.01238989
test_19653,0.15322524
test_19654,0.00010688
test_19655,0.00966489
test_19656,0.01840721
test_19657,0.84235936
test_19658,0.00866559
test_19659,0.88739616
test_19660,0.99996972
test_19661,0.76661307
test_19662,0.95242554
test_19663,0.21482030
test_19664,0.95757598
test_19665,0.99999940
test_19666,0.99545610
test_19667,0.99999166
test_19668,0.05859025
test_19669,0.10788844
test_19670,0.99940884
test_19671,0.00015252
test_19672,0.99995840
test_19673,0.00018455
test_19674,0.00333643
test_19675,0.32501426
test_19676,0.87378138
test_19677,0.99992847
test_19678,0.00000000
test_19679,0.18901442
test_19680,0.99941754
test_19681,0.01771865
test_19682,0.27803561
test_19683,0.99915099
test_19684,0.00000028
test_19685,0.99938560
test_19686,0.99999046
test_19687,0.00000051
test_19688,0.96910840
test_19689,1.00000000
test_19690,0.03435004
test_19691,1.00000000
test_19692,0.99487668
test_19693,0.97140515
test_19694,0.28163394
test_19695,0.56694341
test_19696,1.00000000
test_19697,0.00000854
test_19698,0.92638898
test_19699,0.99987686
test_19700,0.97288042
test_19701,0.00023055
test_19702,0.00001381
test_19703,0.00000135
test_19704,0.99981755
test_19705,0.00000000
test_19706,0.90336376
test_19707,0.99986839
test_19708,0.28316671
test_19709,0.00000066
test_19710,0.99998295
test_19711,0.11928378
test_19712,0.10463031
test_19713,0.99999928
test_19714,0.00005752
test_19715,0.00031119
test_19716,0.86369491
test_19717,0.99356502
test_19718,0.98618734
test_19719,0.99999654
test_19720,1.00000000
test_19721,0.98994511
test_19722,0.00000045
test_19723,0.99958581
test_19724,0.00000013
test_19725,0.99990368
test_19726,0.96768528
test_19727,0.00000456
test_19728,0.69059658
test_19729,0.01989122
test_19730,0.00000011
test_19731,0.00226604
test_19732,1.00000000
test_19733,0.00000043
test_19734,0.99373698
test_19735,0.93329453
test_19736,0.99901164
test_19737,0.00013799
test_19738,0.98872221
test_19739,0.00000000
test_19740,0.99994421
test_19741,1.00000000
test_19742,0.00047054
test_19743,0.00004607
test_19744,0.99985003
test_19745,0.93365729
test_19746,0.00019984
test_19747,0.07535046
test_19748,0.00000000
test_19749,0.75738418
test_19750,0.99999785
test_19751,0.00000000
test_19752,0.86576140
test_19753,0.00000137
test_19754,0.61691219
test_19755,0.99960440
test_19756,0.99910539
test_19757,0.99986744
test_19758,0.00000055
test_19759,0.82383931
test_19760,0.97769380
test_19761,0.25296259
test_19762,0.00000055
test_19763,0.03896640
test_19764,0.03200802
test_19765,0.99888116
test_19766,0.00001538
test_19767,0.02773489
test_19768,0.03547071
test_19769,0.00006649
test_19770,0.00000001
test_19771,0.70454752
test_19772,0.99896824
test_19773,0.00000003
test_19774,0.00072419
test_19775,0.00000312
test_19776,0.99999964
test_19777,0.00000128
test_19778,0.98834842
test_19779,0.99900776
test_19780,0.98375374
test_19781,0.00000000
test_19782,0.99308538
test_19783,0.80849051
test_19784,1.00000000
test_19785,0.99034423
test_19786,0.99997771
test_19787,0.00000000
test_19788,0.92752290
test_19789,0.45426819
test_19790,0.99999952
test_19791,0.77364445
test_19792,0.99804509
test_19793,0.00444443
test_19794,0.00000040
test_19795,0.59849715
test_19796,0.13328090
test_19797,0.67787367
test_19798,0.00000032
test_19799,0.99997914
test_19800,0.00000000
test_19801,0.00044719
test_19802,0.02204396
test_19803,0.99999976
test_19804,0.30300656
test_19805,0.00000702
test_19806,0.85366940
test_19807,1.00000000
test_19808,0.00000135
test_19809,0.00538827
test_19810,0.95637554
test_19811,1.00000000
test_19812,0.91387177
test_19813,0.71425593
test_19814,0.33002201
test_19815,0.00682420
test_19816,0.96541291
test_19817,0.99957174
test_19818,0.00127145
test_19819,0.98977637
test_19820,0.00000587
test_19821,0.94673800
test_19822,0.89933205
test_19823,0.77700061
test_19824,0.95091093
test_19825,0.85847223
test_19826,0.01038906
test_19827,0.78647524
test_19828,0.00918732
test_19829,0.00000134
test_19830,0.99878448
test_19831,0.00001786
test_19832,0.14941716
test_19833,0.33861405
test_19834,0.00937204
test_19835,0.99927837
test_19836,0.00000006
test_19837,0.95865083
test_19838,1.00000000
test_19839,0.14437412
test_19840,0.36882249
test_19841,0.00046119
test_19842,0.00110956
test_19843,0.00000596
test_19844,0.00000001
test_19845,0.00000055
test_19846,1.00000000
test_19847,0.99489516
test_19848,0.00267615
test_19849,0.04045056
test_19850,0.87448776
test_19851,0.65525067
test_19852,0.00515898
test_19853,0.00221357
test_19854,0.99052668
test_19855,0.76526076
test_19856,0.44503340
test_19857,0.54487854
test_19858,0.23560339
test_19859,0.00018900
test_19860,0.00000021
test_19861,0.00011511
test_19862,0.00015256
test_19863,0.99937159
test_19864,0.00000000
test_19865,0.99997735
test_19866,0.00000748
test_19867,1.00000000
test_19868,0.50095898
test_19869,0.01706377
test_19870,0.00000234
test_19871,1.00000000
test_19872,0.99999976
test_19873,0.99999297
test_19874,0.00000002
test_19875,0.00000165
test_19876,0.00003138
test_19877,0.88740206
test_19878,0.23104708
test_19879,0.67260379
test_19880,0.04890464
test_19881,0.17685717
test_19882,0.97462136
test_19883,0.90649700
test_19884,0.02142730
test_19885,0.93035817
test_19886,0.99999964
test_19887,0.99986577
test_19888,0.00000376
test_19889,1.00000000
test_19890,0.99999464
test_19891,0.77642089
test_19892,0.87224972
test_19893,0.76218748
test_19894,0.00000083
test_19895,1.00000000
test_19896,0.04458658
test_19897,0.99253887
test_19898,0.00000154
test_19899,0.00000001
test_19900,0.99983191
test_19901,0.00003755
test_19902,0.99839967
test_19903,0.68399841
test_19904,0.99999976
test_19905,0.80130172
test_19906,0.78937709
test_19907,0.00000024
test_19908,0.01377460
test_19909,0.38559189
test_19910,0.00000583
test_19911,0.00000555
test_19912,0.20630279
test_19913,0.99999976
test_19914,0.00532163
test_19915,0.03508148
test_19916,0.00006068
test_19917,0.00162520
test_19918,0.77334923
test_19919,0.00331148
test_19920,0.00652992
test_19921,0.45697948
test_19922,0.99999988
test_19923,1.00000000
test_19924,0.00003099
test_19925,0.97226375
test_19926,0.12654360
test_19927,0.99430865
test_19928,0.00016465
test_19929,0.99951923
test_19930,0.26680416
test_19931,1.00000000
test_19932,0.98076743
test_19933,0.00000258
test_19934,0.99741793
test_19935,0.00000000
test_19936,0.99948716
test_19937,0.99989009
test_19938,0.86125773
test_19939,0.99654621
test_19940,0.00001548
test_19941,0.88568008
test_19942,0.00000945
test_19943,0.89627308
test_19944,0.99999774
test_19945,0.00000001
test_19946,0.00000622
test_19947,0.00029200
test_19948,0.99999952
test_19949,0.00000063
test_19950,0.26559353
test_19951,0.99999177
test_19952,0.64191914
test_19953,0.00000001
test_19954,0.00000305
test_19955,0.01554846
test_19956,0.00000000
test_19957,0.00000001
test_19958,0.98401928
test_19959,1.00000000
test_19960,0.99815911
test_19961,0.99779910
test_19962,0.00000000
test_19963,0.00015619
test_19964,0.14137514
test_19965,0.07257275
test_19966,1.00000000
test_19967,0.31809136
test_19968,0.80381894
test_19969,0.06514732
test_19970,0.21862498
test_19971,0.64705074
test_19972,0.00118435
test_19973,1.00000000
test_19974,0.54929686
test_19975,0.00112886
test_19976,0.99956769
test_19977,0.00000002
test_19978,0.10549449
test_19979,0.00295896
test_19980,0.96272457
test_19981,0.99999952
test_19982,0.99998748
test_19983,0.99949431
test_19984,0.36106533
test_19985,0.00000014
test_19986,0.36833453
test_19987,0.99525887
test_19988,0.99981111
test_19989,0.00000439
test_19990,0.64283901
test_19991,0.99999940
test_19992,0.00000000
test_19993,0.30560234
test_19994,0.98376459
test_19995,0.98869497
test_19996,0.18774962
test_19997,0.00000184
test_19998,0.00000000
test_19999,0.00038363
